PAIS,DEPARTAMENTO,PROVINCIA,MUNICIPIO,RECINTO,ASIENTO,TIPO-CIRCUN,LATITUD,LONGITUD,CIRCUNSCRIPCION,DISTRITO,CUADRANTE
Bolivia,Beni,Cercado,Trinidad,(Cárcel) Cárcel De Mujeres,Trinidad,Uninominal,-14.84692,-64.90281,58,.,.
Bolivia,Beni,Cercado,Trinidad,(Cárcel) Cárcel Mocobi,Trinidad,Uninominal,-14.77958,-64.90376,58,.,.
Bolivia,Beni,Vaca Diez,Guayaramerín,(Cárcel) Penal Guayaramerin,Guayaramerín,Uninominal,-10.81292,-65.35279,61,.,.
Bolivia,Beni,Vaca Diez,Riberalta,(Cárcel) Penal Riberalta,Riberalta,Uninominal,-10.99669,-66.0738,60,.,.
Bolivia,Beni,Cercado,Trinidad,"Cancha Polifuncional ""Junta de Vecinos San Juan"" (Temporal)",Trinidad,Uninominal,-14.841099,-64.906085,58,.,.
Bolivia,Beni,Cercado,Trinidad,Caritas (Temporal),Trinidad,Uninominal,-14.845748,-64.901202,58,.,.
Bolivia,Beni,General José Ballivián,San Borja,Col. Industrial Ingavi,Yucumo,Uninominal,-15.14148,-67.03596,59,.,.
Bolivia,Beni,Mamoré,Puerto Siles,Esc. Alejandria,Alejandr?¡a,Especial,-12.08011,-65.06511,6,.,.
Bolivia,Beni,Iténez,Baures,Esc. Alta Gracia,Alta Gracia,Uninominal,-13.63675,-63.66943,61,.,.
Bolivia,Beni,Iténez,Magdalena,Esc. Angel Chavez Arza,Nueva Calama,Uninominal,-12.89689,-64.24437,61,.,.
Bolivia,Beni,General José Ballivián,Puerto Menor de Rurrenabaque,Esc. Asuncion Del Quiquibey,Asunciñn de Quiquibey,Especial,-14.64125,-67.51161,6,.,.
Bolivia,Beni,General José Ballivián,Reyes,Esc. Buen Destino,Buen Destino,Especial,-11.76321,-66.76987,6,.,.
Bolivia,Beni,Marbán,San Andrés,Esc. Buen Jesus,Buen Jesñs,Uninominal,-14.98918,-64.37089,59,.,.
Bolivia,Beni,Iténez,Magdalena,Esc. Buena Vista,Buena Vista,Uninominal,-12.45551,-64.23037,61,.,.
Bolivia,Beni,Marbán,San Andrés,Esc. Caimanes,Caimanes,Uninominal,-15.16342,-64.05082,59,.,.
Bolivia,Beni,Iténez,Baures,Esc. Cairo II,El Cairo II,Especial,-14.20468,-63.52425,6,.,.
Bolivia,Beni,Marbán,Loreto,Esc. Camiaco,Camiaco,Uninominal,-15.33278,-64.86686,59,.,.
Bolivia,Beni,Yacuma,Exaltación,Esc. Campo Ana Maria,Campo Ana Maria,Especial,-12.94433,-65.57471,6,.,.
Bolivia,Beni,Yacuma,Santa Ana,Esc. Cec. El Totaisal,Totaisal,Uninominal,-14.877911,-66.327083,61,.,.
Bolivia,Beni,Iténez,Magdalena,Esc. Central 1o. De Mayo,Versalles,Especial,-12.65748,-63.37995,6,.,.
Bolivia,Beni,Marbán,San Andrés,Esc. Central 2 De Agosto,San Pablo,Uninominal,-15.24271,-63.86697,59,.,.
Bolivia,Beni,General José Ballivián,Reyes,Esc. Central Baquety,Baquety,Especial,-12.53514,-66.79783,6,.,.
Bolivia,Beni,General José Ballivián,Puerto Menor de Rurrenabaque,Esc. Central Nuevos Horizontes,Nuevos Horizontes,Uninominal,-14.59985,-67.27888,59,.,.
Bolivia,Beni,General José Ballivián,Santa Rosa,Esc. Central Palma Flor,Palma Flor,Uninominal,-12.96253,-66.6287,60,.,.
Bolivia,Beni,General José Ballivián,Puerto Menor de Rurrenabaque,Esc. Central Piedras Blancas,Piedras Blancas,Uninominal,-14.78934,-67.15208,59,.,.
Bolivia,Beni,General José Ballivián,Reyes,Esc. Central Puerto Cavinas,Puerto Cavinas,Especial,-12.53129,-66.91502,6,.,.
Bolivia,Beni,Moxos,San Ignacio,Esc. Central San Ignacito,San Ignacito,Uninominal,-15.4581,-65.64748,59,.,.
Bolivia,Beni,Vaca Diez,Guayaramerín,Esc. Central San Lorenzo,San Lorenzo  de Vaca Diez,Uninominal,-11.73968,-65.23228,61,.,.
Bolivia,Beni,Moxos,San Ignacio,Esc. Central Santa Rosa,Santa Rosa Rio Apere,Especial,-15.22264,-65.85181,6,.,.
Bolivia,Beni,Mamoré,San Joaquín,Esc. Chaco Lejos,Chaco Lejos,Uninominal,-12.83958,-64.9071,61,.,.
Bolivia,Beni,General José Ballivián,Reyes,Esc. Constanza Vargas,El Triunfo Rio Biata,Especial,-11.73581,-66.73828,6,.,.
Bolivia,Beni,Yacuma,Exaltación,Esc. Cooperativa,Cooperativa,Especial,-12.6354,-65.04883,6,.,.
Bolivia,Beni,Yacuma,Exaltación,Esc. Coquinal,Coquinal,Especial,-12.97027,-65.85875,6,.,.
Bolivia,Beni,General José Ballivián,San Borja,Esc. De Puerto Yucumo,Puerto Yucumo,Especial,-15.19761,-66.93755,6,.,.
Bolivia,Beni,General José Ballivián,Santa Rosa,Esc. El Candado,El Candado,Uninominal,-13.50823,-66.84259,60,.,.
Bolivia,Beni,Iténez,Huacaraje,Esc. El Carmen,El Carmen del Itenez,Uninominal,-14.23021,-63.80146,61,.,.
Bolivia,Beni,Mamoré,San Ramón,Esc. El Carmen de Guacayane,El Carmen de Guacayane,Uninominal,-13.12766,-64.37999,61,.,.
Bolivia,Beni,General José Ballivián,Santa Rosa,Esc. El Cerrito,El Cerrito,Uninominal,-13.09042,-66.7103,60,.,.
Bolivia,Beni,General José Ballivián,San Borja,Esc. El Chacal,El Chacal,Especial,-14.75295,-66.62759,6,.,.
Bolivia,Beni,Moxos,San Ignacio,Esc. El Desengaño,Desengaño,Uninominal,-14.27502,-65.44534,59,.,.
Bolivia,Beni,Yacuma,Exaltación,Esc. El Motacusal,Rancho Ginebra,Especial,-12.91581,-65.4307,6,.,.
Bolivia,Beni,General José Ballivián,San Borja,Esc. El Palmar,El Palmar,Uninominal,-14.97903,-67.08794,59,.,.
Bolivia,Beni,Mamoré,San Ramón,Esc. El Poyori,Poyori,Uninominal,-13.00931,-64.42094,61,.,.
Bolivia,Beni,Iténez,Baures,Esc. El Remanzo,El Remanzo del Itenez,Uninominal,-13.52387,-61.8741,61,.,.
Bolivia,Beni,General José Ballivián,Santa Rosa,Esc. El Triunfo,El Triunfo/Las Petas,Uninominal,-13.86169,-66.76116,60,.,.
Bolivia,Beni,Yacuma,Exaltación,Esc. El Trompillo,El Trompillo/Mamoré,Especial,-13.11602,-65.11865,6,.,.
Bolivia,Beni,Moxos,San Ignacio,Esc. Fatima,Fatima,Especial,-14.91402,-65.34778,6,.,.
Bolivia,Beni,General José Ballivián,Puerto Menor de Rurrenabaque,Esc. Gualberto Villarruel,Rurrenabaque,Uninominal,-14.44452,-67.5281,59,.,.
Bolivia,Beni,Marbán,Loreto,Esc. Gundonovia,Gundonovia,Especial,-15.51444,-65.11512,6,.,.
Bolivia,Beni,Marbán,San Andrés,Esc. Humberto Velarde,San Andrés,Uninominal,-15.02232,-64.66631,59,.,.
Bolivia,Beni,General José Ballivián,San Borja,Esc. Indigena Arenales,Ind?¡genas Arenales,Especial,-15.10867,-66.9127,6,.,.
Bolivia,Beni,Yacuma,Exaltación,Esc. José Max Paredes,Exaltación,Uninominal,-13.32101,-65.25107,61,.,.
Bolivia,Beni,Vaca Diez,Guayaramerín,Esc. Juddi De Suarez,Cachuela Esperanza,Uninominal,-10.53687,-65.58167,61,.,.
Bolivia,Beni,General José Ballivián,San Borja,Esc. Junrreno,Junreno,Uninominal,-14.37257,-66.93327,59,.,.
Bolivia,Beni,Moxos,San Ignacio,Esc. La Argentina,Argentina,Especial,-14.82843,-65.32679,6,.,.
Bolivia,Beni,Iténez,Magdalena,Esc. La Cayoba,La Cayoba,Especial,-13.09004,-64.08502,6,.,.
Bolivia,Beni,General José Ballivián,San Borja,Esc. La Cruz,La Cruz,Especial,-14.97601,-66.73125,6,.,.
Bolivia,Beni,General José Ballivián,San Borja,Esc. La Embocada,La Embocada,Uninominal,-15.045773,-66.861347,59,.,.
Bolivia,Beni,Marbán,San Andrés,Esc. La Isiga-Persevera,La Isiga/Perseverancia,Uninominal,-15.39423,-64.32283,59,.,.
Bolivia,Beni,General José Ballivián,San Borja,Esc. Las Abras,Las Habras,Uninominal,-14.4615,-66.93307,59,.,.
Bolivia,Beni,Cercado,Trinidad,Esc. Loma Suarez,Loma Suárez,Uninominal,-14.76063,-64.96272,58,.,.
Bolivia,Beni,Yacuma,Santa Ana,Esc. Los Montes De Oro,Los Montes de Oro,Especial,-14.33763,-65.8585,6,.,.
Bolivia,Beni,Cercado,Trinidad,Esc. Mayor Pedro Vaca Diez,Puerto Almacén,Uninominal,-14.86952,-64.96582,58,.,.
Bolivia,Beni,Moxos,San Ignacio,Esc. Mercedes De Lojojota,Mercedes de Lojojota,Especial,-16.5034,-65.57259,6,.,.
Bolivia,Beni,General José Ballivián,San Borja,Esc. Mision Fatima,Misiñn Fatima,Especial,-15.45636,-66.746,6,.,.
Bolivia,Beni,Marbán,San Andrés,Esc. Monte Cristo,Monte Cristo,Uninominal,-15.611731,-64.374031,59,.,.
Bolivia,Beni,Iténez,Baures,Esc. Monte Cristo Del Tiquin,Monte Cristo del Tiquin,Uninominal,-13.62647,-61.97526,61,.,.
Bolivia,Beni,Moxos,San Ignacio,Esc. Monte Grande,Monte Grande,Especial,-15.63879,-65.82966,6,.,.
Bolivia,Beni,Moxos,San Ignacio,Esc. Monte Mae,Monte Mae,Uninominal,-15.53512,-65.72498,59,.,.
Bolivia,Beni,Mamoré,San Joaquín,Esc. More-Monte Azul,Moré-Monte Azul,Especial,-12.09472,-64.91856,6,.,.
Bolivia,Beni,Moxos,San Ignacio,Esc. Oromomo,Oromomo,Especial,-16.043994,-66.187433,6,.,.
Bolivia,Beni,Moxos,San Ignacio,Esc. Ovidio Roca C.,San Lorenzo de Moxos,Especial,-15.55553,-65.55151,6,.,.
Bolivia,Beni,Marbán,Loreto,Esc. Perfecta Vda. De Bejarano,Loreto,Uninominal,-15.19398,-64.76012,59,.,.
Bolivia,Beni,General José Ballivián,Reyes,Esc. Peña Amarilla,Peña Amarilla,Uninominal,-11.5471,-66.67179,60,.,.
Bolivia,Beni,General José Ballivián,Puerto Menor de Rurrenabaque,Esc. Playa Ancha,Playa Ancha,Uninominal,-14.62954,-67.26197,59,.,.
Bolivia,Beni,Moxos,San Ignacio,Esc. Pto. San Lorenzo,Puerto San Lorenzo de Moxos,Especial,-15.77166,-65.4773,6,.,.
Bolivia,Beni,Cercado,Trinidad,Esc. Puerto Ballivian,Puerto Ballivián,Uninominal,-14.79312,-64.97205,58,.,.
Bolivia,Beni,Moxos,San Ignacio,Esc. Puerto San Borja,Puerto San Borja,Especial,-14.98267,-65.79875,6,.,.
Bolivia,Beni,General José Ballivián,Santa Rosa,Esc. Puerto Teresa,Puerto Teresa,Uninominal,-13.44813,-66.60133,60,.,.
Bolivia,Beni,Mamoré,San Joaquín,Esc. Puerto Ustarez,Puerto Ustarez,Especial,-12.40728,-64.45786,6,.,.
Bolivia,Beni,Cercado,Trinidad,Esc. Puerto Varador,Puerto Barador,Uninominal,-14.87702,-64.99762,58,.,.
Bolivia,Beni,General José Ballivián,Santa Rosa,Esc. Puerto Yata,Puerto Yata,Uninominal,-13.45108,-66.63308,60,.,.
Bolivia,Beni,Moxos,San Ignacio,Esc. Retiro,Retiro,Especial,-15.34924,-65.80604,6,.,.
Bolivia,Beni,Vaca Diez,Guayaramerín,Esc. Rosario Del Yata,Rosario del Yata,Uninominal,-10.99195,-65.57995,61,.,.
Bolivia,Beni,General José Ballivián,San Borja,Esc. S. Juan Del Remanzo,Remanso del Maniqui,Especial,-14.67902,-66.5321,6,.,.
Bolivia,Beni,Marbán,Loreto,Esc. Sachojere,Sachojere,Uninominal,-14.98731,-64.75289,59,.,.
Bolivia,Beni,Moxos,San Ignacio,Esc. San Antonio De Imose,San Antonio de Imose,Especial,-15.95693,-65.35487,6,.,.
Bolivia,Beni,Iténez,Magdalena,Esc. San Borja Rio Blanco,San Borja R?¡o Blanco,Uninominal,-12.62778,-64.10181,61,.,.
Bolivia,Beni,Yacuma,Exaltación,Esc. San Carlos,San Carlos,Especial,-13.23234,-65.70103,6,.,.
Bolivia,Beni,Moxos,San Ignacio,Esc. San Francisco,San Francisco,Especial,-15.41029,-65.35629,6,.,.
Bolivia,Beni,Vaca Diez,Guayaramerín,Esc. San Francisco Del Yata,San Francisco del Yata,Uninominal,-10.61194,-65.51111,61,.,.
Bolivia,Beni,Moxos,San Ignacio,Esc. San José De Patrocinio,San José de Patrocinio,Especial,-15.7724,-65.29938,6,.,.
Bolivia,Beni,Moxos,San Ignacio,Esc. San José Del Cabitu,San José del Cabitu,Especial,-15.26368,-65.9744,6,.,.
Bolivia,Beni,Cercado,Trinidad,Esc. San Juan De Aguas Dulces,San Juan de Aguas Dulces,Uninominal,-14.80817,-64.57809,58,.,.
Bolivia,Beni,Moxos,San Ignacio,Esc. San Miguelito Isiboro,San Miguelito del Isiboro,Especial,-16.52943,-65.44078,6,.,.
Bolivia,Beni,Marbán,Loreto,Esc. San Pablo-Isiboro,San Pablo del Isiboro,Especial,-15.70741,-65.14317,6,.,.
Bolivia,Beni,Iténez,Baures,Esc. San Simon,San Simon,Uninominal,-13.61491,-62.02819,61,.,.
Bolivia,Beni,General José Ballivián,San Borja,Esc. Santa Elena del Caripo,Santa Elena del Caripo,Uninominal,-14.5799,-66.82342,59,.,.
Bolivia,Beni,Iténez,Baures,Esc. Seccional Cafetal,Cafetal,Uninominal,-13.49341,-61.88521,61,.,.
Bolivia,Beni,Marbán,San Andrés,Esc. Somopae,Somopae,Uninominal,-14.94441,-64.65401,59,.,.
Bolivia,Beni,General José Ballivián,Reyes,Esc. Soraida,Soraida,Especial,-14.05581,-67.50439,6,.,.
Bolivia,Beni,Moxos,San Ignacio,Esc. Sub-Central Pueblo Nuevo,Pueblo Nuevo,Especial,-15.24535,-65.88788,6,.,.
Bolivia,Beni,General José Ballivián,San Borja,Esc. Tacuaral De Mattos,Tacuaral de Mattos,Especial,-14.99362,-66.53598,6,.,.
Bolivia,Beni,Moxos,San Ignacio,Esc. Trinidacito,Trinidacito,Especial,-15.76319,-65.30994,6,.,.
Bolivia,Beni,Marbán,San Andrés,Esc. Villa Alba,Villa Alba,Uninominal,-15.06132,-64.68153,59,.,.
Bolivia,Beni,Yacuma,Santa Ana,Esc. Wenceslao Añez,El Peru Rio Apere,Uninominal,-14.60486,-65.63189,61,.,.
Bolivia,Beni,Marbán,San Andrés,Esc.Villa Banzer,Villa Banzer,Uninominal,-14.94876,-64.41677,59,.,.
Bolivia,Beni,Marbán,San Andrés,Escuela 4 de Julio,4 de Julio,Uninominal,-15.73327,-63.46377,59,.,.
Bolivia,Beni,Vaca Diez,Riberalta,Escuela Alto Ivon,Alto Ivon,Especial,-11.87361,-66.03656,6,.,.
Bolivia,Beni,General José Ballivián,Santa Rosa,Escuela Australia,Australia,Uninominal,-12.78946,-66.52208,60,.,.
Bolivia,Beni,Cercado,Trinidad,Escuela Casarabe,Casarabe.,Uninominal,-14.87161,-64.47997,58,.,.
Bolivia,Beni,Moxos,San Ignacio,Escuela De Bermeo,Bermeo,Especial,-14.89496,-65.3772,6,.,.
Bolivia,Beni,General José Ballivián,Reyes,Escuela De California,California,Especial,-11.95482,-66.90263,6,.,.
Bolivia,Beni,General José Ballivián,San Borja,Escuela El Oriente Del Yacuma,Oriente,Uninominal,-14.35404,-66.99512,59,.,.
Bolivia,Beni,General José Ballivián,Santa Rosa,Escuela El Rosario,El Rosario,Uninominal,-13.82903,-66.71803,60,.,.
Bolivia,Beni,Marbán,San Andrés,Escuela Elvira,Elvira,Uninominal,-14.92893,-64.60383,59,.,.
Bolivia,Beni,Cercado,San Javier,Escuela Espiritu Santo,Esp?¡ritu Santo,Uninominal,-14.63469,-64.80295,58,.,.
Bolivia,Beni,Cercado,Trinidad,Escuela Iviato,Ibiato,Especial,-14.83285,-64.44854,6,.,.
Bolivia,Beni,Cercado,San Javier,Escuela Laguna Colorada,Laguna Colorada,Uninominal,-14.63861,-64.63057,58,.,.
Bolivia,Beni,Marbán,San Andrés,Escuela Limoncito,Limoncito,Uninominal,-15.917671,-63.383224,59,.,.
Bolivia,Beni,Vaca Diez,Riberalta,Escuela Mariposa,Mariposa,Uninominal,-12.27631,-66.1415,60,.,.
Bolivia,Beni,Vaca Diez,Riberalta,Escuela Nazareth,Nazareth,Uninominal,-11.38739,-66.3375,60,.,.
Bolivia,Beni,Cercado,Trinidad,Escuela Normal Integrada (Temporal),Trinidad,Uninominal,-14.813501,-64.884014,58,.,.
Bolivia,Beni,Cercado,San Javier,Escuela Nueva Israel,Nueva Israel,Uninominal,-14.67209,-64.3355,58,.,.
Bolivia,Beni,Marbán,San Andrés,Escuela Nueva Magdalena,Nueva Magdalena,Uninominal,-15.486105,-63.698764,59,.,.
Bolivia,Beni,Cercado,San Javier,Escuela Pedro Ignacio Muiba,Pedro Ignacio Muiba,Uninominal,-14.49183,-64.08376,58,.,.
Bolivia,Beni,Yacuma,Exaltación,Escuela Puerto Santiago,Puerto Santiago,Especial,-13.10789,-65.20205,6,.,.
Bolivia,Beni,Cercado,San Javier,Escuela San Javier,San Javier,Uninominal,-14.59987,-64.88087,58,.,.
Bolivia,Beni,Yacuma,Exaltación,Escuela San Juan del Jordan,San Juan del Jordán,Uninominal,-12.88492,-66.42942,61,.,.
Bolivia,Beni,Cercado,San Javier,Escuela San Pedro,San Pedro,Especial,-14.33668,-64.90086,6,.,.
Bolivia,Beni,Marbán,Loreto,Escuela Santa Rosa del Chapare,Santa Rosa del Chapare,Uninominal,-15.939349,-64.757217,59,.,.
Bolivia,Beni,Vaca Diez,Riberalta,Escuela Santuario,Santuario,Uninominal,-11.5389,-66.4724,60,.,.
Bolivia,Beni,Moxos,San Ignacio,Escuela Santísima Trinidad,Santisima Trinidad,Especial,-16.61358,-65.76534,6,.,.
Bolivia,Beni,Marbán,San Andrés,Escuela Tajibote,Tajibote,Uninominal,-15.63134,-64.08765,59,.,.
Bolivia,Beni,General José Ballivián,Puerto Menor de Rurrenabaque,Escuela Villa Lourdes,Rurrenabaque,Uninominal,-14.42944,-67.5043,59,.,.
Bolivia,Beni,Marbán,San Andrés,Escuela de Nueva Betania,Nueva Betania,Uninominal,-15.02995,-64.34632,59,.,.
Bolivia,Beni,Moxos,San Ignacio,L. Gilfredo Cortez Candia,San Ignacio,Uninominal,-14.99516,-65.64448,59,.,.
Bolivia,Beni,Cercado,Trinidad,Palacio de los Deportes Trinidad (Temporal),Trinidad,Uninominal,-14.837495,-64.905868,58,.,.
Bolivia,Beni,Vaca Diez,Riberalta,Politecnico Benjamin Bowles,Riberalta,Uninominal,-11.00485,-66.05167,60,.,.
Bolivia,Beni,Marbán,Loreto,Santa Rosa del Isiboro,Santa Rosa del Isiboro,Uninominal,-16.26001,-65.20737,59,.,.
Bolivia,Beni,Cercado,Trinidad,U.A.B. (Carrera de Derecho),Trinidad,Uninominal,-14.83274,-64.91308,58,.,.
Bolivia,Beni,Cercado,Trinidad,U.A.B.Medicina (Temporal),Trinidad,Uninominal,-14.831459,-64.900296,58,.,.
Bolivia,Beni,Vaca Diez,Riberalta,U.E Arca Maranatha (Temporal),Riberalta,Uninominal,-11.001048,-66.066934,60,.,.
Bolivia,Beni,Vaca Diez,Guayaramerín,U.E.   Antonio Vaca Diez,Guayaramerín,Uninominal,-10.81294,-65.35497,61,.,.
Bolivia,Beni,Vaca Diez,Guayaramerín,U.E.   Brasil,Guayaramerín,Uninominal,-10.8307,-65.3572,61,.,.
Bolivia,Beni,Vaca Diez,Guayaramerín,U.E.   Los Almendros,Guayaramerín,Uninominal,-10.83402,-65.3472,61,.,.
Bolivia,Beni,Vaca Diez,Guayaramerín,U.E.   Manuel Vicente Ballivian,Guayaramerín,Uninominal,-10.81116,-65.35051,61,.,.
Bolivia,Beni,Vaca Diez,Riberalta,U.E.   Warnes,Warnes,Uninominal,-10.92752,-65.96947,60,.,.
Bolivia,Beni,Cercado,Trinidad,U.E.  13 de Abril,Trinidad,Uninominal,-14.836254,-64.884349,58,.,.
Bolivia,Beni,Vaca Diez,Riberalta,U.E.  1ro. de Diciembre,Riberalta,Uninominal,-11.01311,-66.07318,60,.,.
Bolivia,Beni,Vaca Diez,Guayaramerín,U.E.  6 de Junio,Tomaycuri,Uninominal,-18.859631,-65.909946,39,.,.
Bolivia,Beni,Vaca Diez,Guayaramerín,U.E.  Alto de la Alianza,Guayaramerín,Uninominal,-10.82369,-65.36181,61,.,.
Bolivia,Beni,Vaca Diez,Riberalta,U.E.  Británica,Riberalta,Uninominal,-11.01523,-66.05006,60,.,.
Bolivia,Beni,Vaca Diez,Riberalta,U.E.  Eduardo Abaroa,Integracion A,Uninominal,-15.115,-61.485,53,.,.
Bolivia,Beni,Vaca Diez,Guayaramerín,U.E.  Elmer Botsford,Guayaramerín,Uninominal,-10.8088,-65.35297,61,.,.
Bolivia,Beni,Cercado,Trinidad,U.E.  Emilio Campos Pedriel,Trinidad,Uninominal,-14.81962,-64.8847,58,.,.
Bolivia,Beni,Vaca Diez,Guayaramerín,U.E.  Evangélico Nacional,Guayaramerín,Uninominal,-10.81791,-65.35439,61,.,.
Bolivia,Beni,Cercado,Trinidad,U.E.  Gral. Hugo Banzer Suarez,Trinidad,Uninominal,-14.77769,-64.9059,58,.,.
Bolivia,Beni,Vaca Diez,Riberalta,U.E.  Ismael Carrasco Telleria,Riberalta,Uninominal,-11.01021,-66.05402,60,.,.
Bolivia,Beni,Vaca Diez,Guayaramerín,U.E.  Lic. Mixto Guayamerin,Guayaramerín,Uninominal,-10.82098,-65.35883,61,.,.
Bolivia,Beni,Vaca Diez,Guayaramerín,U.E.  Manuel Antonio Ojopi,Guayaramerín,Uninominal,-10.81322,-65.35567,61,.,.
Bolivia,Beni,Vaca Diez,Guayaramerín,U.E.  Mejillones,Romero Huma,Uninominal,-17.864482,-67.910706,32,.,.
Bolivia,Beni,Cercado,Trinidad,U.E.  Nueva Trinidad,Trinidad,Uninominal,-14.82357,-64.8754,58,.,.
Bolivia,Beni,Vaca Diez,Riberalta,U.E.  San Francisco,Riberalta,Uninominal,-11.00753,-66.07206,60,.,.
Bolivia,Beni,Vaca Diez,Guayaramerín,U.E.  San José,Cochabamba,Uninominal,-17.389791,-66.19305,20,.,.
Bolivia,Beni,Vaca Diez,Riberalta,U.E.  San Juan,Riberalta,Uninominal,-11.03188,-66.04671,60,.,.
Bolivia,Beni,Vaca Diez,Riberalta,U.E.  Walter Alpire Duran,Riberalta,Uninominal,-11.01164,-66.05729,60,.,.
Bolivia,Beni,Cercado,Trinidad,U.E. 4 De  Febrero,Trinidad,Uninominal,-14.84447,-64.90131,58,.,.
Bolivia,Beni,Vaca Diez,Guayaramerín,U.E. 9 de Abril,Guayaramerín,Uninominal,-10.840114,-65.361814,61,.,.
Bolivia,Beni,Cercado,Trinidad,U.E. Andres Bello (Temporal),Trinidad,Uninominal,-14.825806,-64.904214,58,.,.
Bolivia,Beni,Yacuma,Santa Ana,U.E. Andrés Alberdi Salegui,Santa Ana,Uninominal,-13.7505,-65.4307,61,.,.
Bolivia,Beni,General José Ballivián,San Borja,U.E. Arnulfo Martínez,San Borja,Uninominal,-14.86135,-66.74274,59,.,.
Bolivia,Beni,Mamoré,San Joaquín,U.E. Arturo Cuellar Rea,San Joaqu?¡n,Uninominal,-13.045145,-64.667118,61,.,.
Bolivia,Beni,General José Ballivián,Puerto Menor de Rurrenabaque,U.E. Bajo Colorado,Bajo Colorado,Especial,-14.881,-67.117,6,.,.
Bolivia,Beni,Vaca Diez,Riberalta,U.E. Bella Flor,Bella Flor,Uninominal,-11.330173,-66.211784,60,.,.
Bolivia,Beni,Vaca Diez,Riberalta,U.E. Bolívar,Bolivar,Uninominal,-11.00223,-65.9,60,.,.
Bolivia,Beni,Marbán,San Andrés,U.E. Canaan,Cochabamba,Uninominal,-17.439799,-66.123194,21,.,.
Bolivia,Beni,General José Ballivián,Reyes,U.E. Carmen Alto,Carmen Alto,Especial,-11.71022,-66.36278,6,.,.
Bolivia,Beni,Cercado,Trinidad,U.E. Christa M.Auliffe (Temporal),Trinidad,Uninominal,-14.836109,-64.909451,58,.,.
Bolivia,Beni,Iténez,Magdalena,U.E. Cnel. Carmelo Cuellar J.,Orobayaya,Uninominal,-13.23383,-63.79037,61,.,.
Bolivia,Beni,General José Ballivián,San Borja,U.E. Cochabamba,Cochabamba,Uninominal,-17.395751,-66.159833,21,.,.
Bolivia,Beni,General José Ballivián,Puerto Menor de Rurrenabaque,U.E. Collana Linares,Ticala Linares,Uninominal,-14.701069,-67.21294,59,.,.
Bolivia,Beni,General José Ballivián,San Borja,U.E. Cooperativa Chimane,Puente Yucumo,Especial,-15.163,-67.034,6,.,.
Bolivia,Beni,Cercado,Trinidad,U.E. Corina Hurtado De,Trinidad,Uninominal,-14.84378,-64.89422,58,.,.
Bolivia,Beni,Cercado,Trinidad,U.E. Cuadrangular (Temporal),Trinidad,Uninominal,-14.826312,-64.890971,58,.,.
Bolivia,Beni,Iténez,Baures,U.E. El Cairo,El Cairo,Uninominal,-13.72575,-63.72225,61,.,.
Bolivia,Beni,Vaca Diez,Riberalta,U.E. Federico Demmer,Riberalta,Uninominal,-10.99968,-66.04344,60,.,.
Bolivia,Beni,Vaca Diez,Riberalta,U.E. Felix Sattory Roman,Riberalta,Uninominal,-11.00182,-66.06739,60,.,.
Bolivia,Beni,General José Ballivián,San Borja,U.E. Galilea,Galilea,Especial,-11.417108,-66.567038,7,.,.
Bolivia,Beni,General José Ballivián,Santa Rosa,U.E. Gerardo Reyes,Santa Rosa,Uninominal,-14.07916,-66.79248,60,.,.
Bolivia,Beni,Iténez,Magdalena,U.E. Gil Coimbra Ojopi,Magdalena,Uninominal,-13.25954,-64.05195,61,.,.
Bolivia,Beni,Cercado,Trinidad,U.E. Gonzalo Suarez D.,Trinidad,Uninominal,-14.85325,-64.90136,58,.,.
Bolivia,Beni,General José Ballivián,Reyes,U.E. Gualaguagua,Gualaguagua,Uninominal,-14.34362,-67.28342,60,.,.
Bolivia,Beni,Yacuma,Santa Ana,U.E. Guillermo Searle,Santa Ana,Uninominal,-13.74432,-65.42456,61,.,.
Bolivia,Beni,Cercado,Trinidad,U.E. Hormando Ortiz Chávez,Trinidad,Uninominal,-14.82626,-64.90439,58,.,.
Bolivia,Beni,Cercado,Trinidad,U.E. Instituto Americano (Temporal),Trinidad,Uninominal,-14.833486,-64.904318,58,.,.
Bolivia,Beni,Cercado,Trinidad,U.E. J. Chavez Suarez,Trinidad,Uninominal,-14.8414,-64.90463,58,.,.
Bolivia,Beni,Cercado,Trinidad,U.E. J. Lorenzo Campero,Trinidad,Uninominal,-14.8257,-64.89998,58,.,.
Bolivia,Beni,Cercado,Trinidad,U.E. J.Azurduy De Padilla,Trinidad,Uninominal,-14.82634,-64.8893,58,.,.
Bolivia,Beni,Iténez,Baures,U.E. Jasiaquiri,Jasiaquiri,Uninominal,-13.72094,-63.7384,61,.,.
Bolivia,Beni,General José Ballivián,Reyes,U.E. Jesus Alvarez Rodriguez,Reyes,Uninominal,-14.29483,-67.3343,60,.,.
Bolivia,Beni,Cercado,Trinidad,U.E. Joaquín Hurtado Chavez,Trinidad,Uninominal,-14.81511,-64.90425,58,.,.
Bolivia,Beni,Yacuma,Santa Ana,U.E. John Fitzgerald Kennedy,Santa Ana,Uninominal,-13.735426,-65.42288,61,.,.
Bolivia,Beni,Iténez,Huacaraje,U.E. Juan Alberto Orellana,Huacaraje,Uninominal,-13.59328,-63.87964,61,.,.
Bolivia,Beni,Iténez,Huacaraje,U.E. Juan Antonio Velarde Guerra,La Embrolla,Uninominal,-13.6832,-63.82495,61,.,.
Bolivia,Beni,Cercado,Trinidad,U.E. Kinder Republica Argentina (Temporal),Trinidad,Uninominal,-14.834621,-64.902822,58,.,.
Bolivia,Beni,Cercado,San Javier,U.E. La Curva,La Curva,Uninominal,-14.58863,-64.20807,58,.,.
Bolivia,Beni,Cercado,Trinidad,U.E. La Salle,Trinidad,Uninominal,-14.82676,-64.89569,58,.,.
Bolivia,Beni,Yacuma,Exaltación,U.E. Las Abras De Yacuma,Las Abras de Yacuma,Especial,-12.366601,-65.415026,6,.,.
Bolivia,Beni,Mamoré,San Ramón,U.E. Las Peñas,Las Peñas,Uninominal,-12.63922,-64.39467,61,.,.
Bolivia,Beni,Cercado,Trinidad,U.E. Liceo Mario Saielly,Trinidad,Uninominal,-14.83593,-64.90276,58,.,.
Bolivia,Beni,Cercado,Trinidad,U.E. Los Cedros,Trinidad,Uninominal,-14.823869,-64.904154,58,.,.
Bolivia,Beni,Vaca Diez,Riberalta,U.E. Los Tajibos,Riberalta,Uninominal,-11.02086,-66.04456,60,.,.
Bolivia,Beni,Cercado,Trinidad,U.E. Luis Espinal Cams,Trinidad,Uninominal,-14.840913,-64.925073,58,.,.
Bolivia,Beni,Iténez,Magdalena,U.E. Macedonio Paz Pino,Bella Vista,Uninominal,-13.27234,-63.70535,61,.,.
Bolivia,Beni,Cercado,Trinidad,U.E. Mangalito,Trinidad,Uninominal,-14.84847,-64.91572,58,.,.
Bolivia,Beni,General José Ballivián,San Borja,U.E. Manguito,Manguito,Especial,-14.89842,-66.63986,6,.,.
Bolivia,Beni,General José Ballivián,San Borja,U.E. Marca Coroico,Marca Coroico,Uninominal,-14.78361,-67.08862,59,.,.
Bolivia,Beni,Cercado,Trinidad,U.E. Mary Ribera G.,Trinidad,Uninominal,-14.81399,-64.88783,58,.,.
Bolivia,Beni,Moxos,San Ignacio,U.E. Mayor Pedro Vaca Diez,San Ignacio,Uninominal,-14.99802,-65.64274,59,.,.
Bolivia,Beni,Iténez,Magdalena,U.E. Mcal. José Ballivian,Magdalena,Uninominal,-13.26313,-64.05527,61,.,.
Bolivia,Beni,Vaca Diez,Guayaramerín,U.E. Miguel Antelo,Guayaramerín,Uninominal,-10.82256,-65.34438,61,.,.
Bolivia,Beni,Yacuma,Santa Ana,U.E. Monseñor Daniel Rivero,Santa Ana,Uninominal,-13.74378,-65.42525,61,.,.
Bolivia,Beni,Vaca Diez,Riberalta,U.E. Nacional Pedro Kramer,Riberalta,Uninominal,-10.99869,-66.06915,60,.,.
Bolivia,Beni,General José Ballivián,Reyes,U.E. Nacional de Reyes,Reyes,Uninominal,-14.29558,-67.33482,60,.,.
Bolivia,Beni,Cercado,Trinidad,U.E. Nicolas Suarez,Trinidad,Uninominal,-14.83268,-64.90492,58,.,.
Bolivia,Beni,Vaca Diez,Riberalta,U.E. Nuestra Señora Del Carmen,Girado,Uninominal,-12.089524,-67.281358,63,.,.
Bolivia,Beni,Cercado,Trinidad,U.E. Nuestra Señora de Fátima,Trinidad,Uninominal,-14.83099,-64.89811,58,.,.
Bolivia,Beni,Cercado,Trinidad,U.E. Orlando Monasterio Claure,Trinidad,Uninominal,-14.8181,-64.93098,58,.,.
Bolivia,Beni,Marbán,Loreto,U.E. Palermo,Palermo,Uninominal,-15.766938,-64.971922,59,.,.
Bolivia,Beni,Cercado,Trinidad,U.E. Pedro Ignacio Muiba,Trinidad,Uninominal,-14.84481,-64.91414,58,.,.
Bolivia,Beni,Vaca Diez,Riberalta,U.E. Petrolera,Riberalta,Uninominal,-11.00229,-66.05014,60,.,.
Bolivia,Beni,Vaca Diez,Riberalta,U.E. Polo Palacios (Temporal),Riberalta,Uninominal,-11.003096,-66.079805,60,.,.
Bolivia,Beni,Vaca Diez,Riberalta,U.E. Popechi,Popechi,Uninominal,-11.130742,-66.072475,60,.,.
Bolivia,Beni,General José Ballivián,San Borja,U.E. Quiquibey,Quiquibey,Uninominal,-15.36358,-67.0975,59,.,.
Bolivia,Beni,General José Ballivián,Reyes,U.E. Ratije,Ratije,Uninominal,-14.131507,-67.180245,60,.,.
Bolivia,Beni,General José Ballivián,Reyes,U.E. René Barrientos Ortuño,San Juan Rosario,Uninominal,-16.53031,-68.551786,14,.,.
Bolivia,Beni,Moxos,San Ignacio,U.E. San Bernardo,San Bernardo,Especial,-15.65132,-65.2933,6,.,.
Bolivia,Beni,Cercado,Trinidad,U.E. San Francisco De Asís,Trinidad,Uninominal,-14.82278,-64.88588,58,.,.
Bolivia,Beni,General José Ballivián,San Borja,U.E. San Francisco De Borja,San Borja,Uninominal,-14.85829,-66.75023,59,.,.
Bolivia,Beni,General José Ballivián,San Borja,U.E. San Ignacio Del Maniqui,San Borja,Uninominal,-14.85899,-66.72903,59,.,.
Bolivia,Beni,Vaca Diez,Riberalta,U.E. San José Obrero,Ascenciñn (Guarayos),Uninominal,-15.887476,-63.185205,53,.,.
Bolivia,Beni,Moxos,San Ignacio,U.E. San José del Secure,San José del Secure,Especial,-15.913185,-65.927813,6,.,.
Bolivia,Beni,Cercado,Trinidad,U.E. San Vicente,Trinidad,Uninominal,-14.8346,-64.91093,58,.,.
Bolivia,Beni,Vaca Diez,Riberalta,U.E. Santa Maria,Santa Mar?¡a  de Vaca Diez,Uninominal,-11.1185,-65.93813,60,.,.
Bolivia,Beni,General José Ballivián,Santa Rosa,U.E. Umbelina Claure de Cuellar,Santa Rosa,Uninominal,-14.073302,-66.794622,60,.,.
Bolivia,Beni,Marbán,Loreto,U.E. Villa El Carmen del Remanzo,Villa El Carmen del Remanzo,Especial,-15.25932,-65.00182,6,.,.
Bolivia,Beni,Cercado,San Javier,U.E. Villa Rodeo,Villa Rodeo,Uninominal,-14.551081,-64.272385,58,.,.
Bolivia,Beni,General José Ballivián,San Borja,U.E. Villa San Antonio,San Borja,Uninominal,-14.87003,-66.74652,59,.,.
Bolivia,Beni,Cercado,Trinidad,U.E. Villa Vecinal,Trinidad,Uninominal,-14.81023,-64.87392,58,.,.
Bolivia,Beni,Vaca Diez,Riberalta,U.E.21 de Septiembre (Temporal),Riberalta,Uninominal,-11.039841,-66.03877,60,.,.
Bolivia,Beni,Vaca Diez,Riberalta,U.E.Barbarita Paz Yamane (Temporal),Riberalta,Uninominal,-11.018286,-66.056056,60,.,.
Bolivia,Beni,Moxos,San Ignacio,U.E.Estanislau de Marchena (Temporal),San Ignacio,Uninominal,-14.994431,-65.639055,59,.,.
Bolivia,Beni,General José Ballivián,Puerto Menor de Rurrenabaque,U.E.Fe y Alegria (Temporal),Rurrenabaque,Uninominal,-14.444755,-67.529979,59,.,.
Bolivia,Beni,General José Ballivián,Puerto Menor de Rurrenabaque,U.E.Filadelfia (Temporal),Rurrenabaque,Uninominal,-14.436472,-67.523782,59,.,.
Bolivia,Beni,Moxos,San Ignacio,U.E.Fuente de Vida (Temporal),San Ignacio,Uninominal,-14.995212,-65.640291,59,.,.
Bolivia,Beni,Cercado,Trinidad,U.E.Inmaculada (Temporal),Trinidad,Uninominal,-14.818847,-64.87007,58,.,.
Bolivia,Beni,Cercado,Trinidad,U.E.Jesus Rioja Aponte-Barrio Alborada (Temporal),Trinidad,Uninominal,-14.80542,-64.869787,58,.,.
Bolivia,Beni,Vaca Diez,Riberalta,U.E.Jhon Fitzgerald Kennedy,Riberalta,Uninominal,-10.99814,-66.06571,60,.,.
Bolivia,Beni,Yacuma,Santa Ana,U.E.Monseñor Carlos Anasagasti Zulueta (Temporal),Santa Ana,Uninominal,-13.747001,-65.428267,61,.,.
Bolivia,Beni,Mamoré,San Joaquín,Unidad Educativa 21 de Agosto,San Joaqu?¡n,Uninominal,-13.04053,-64.6656,61,.,.
Bolivia,Beni,General José Ballivián,Puerto Menor de Rurrenabaque,Unidad Educativa Lucio Lens,Rurrenabaque,Uninominal,-14.44037,-67.52292,59,.,.
Bolivia,Beni,Vaca Diez,Riberalta,Unidad Educativa Nataniel García Chavez,Riberalta,Uninominal,-11.00858,-66.07935,60,.,.
Bolivia,Beni,Mamoré,San Ramón,U.E. Napoleón Añez Ortiz,San Ramón,Uninominal,-13.26702,-64.61865,61,.,.
Bolivia,Beni,Vaca Diez,Riberalta,U.E. Zaida Gosalvez Alarcón,Tumichucua,Uninominal,-11.14738,-66.16624,60,.,.
Bolivia,Beni,Cercado,Trinidad,U.E. Raül Monje Roca,Trinidad,Uninominal,-14.83707,-64.8938,58,.,.
Bolivia,Beni,Iténez,Baures,U.E. Carmelo López,Baures,Uninominal,-13.65491,-63.69662,61,.,.
Bolivia,Chuquisaca,Nor Cinti,Camargo,(Cárcel) Carceleta Pública de Camargo,Camargo,Uninominal,-20.64096,-65.20866,5,.,.
Bolivia,Chuquisaca,Hernando Siles,Monteagudo,(Cárcel) Carceleta Pública de Monteagudo,Monteagudo,Uninominal,-19.80285,-63.954462,4,.,.
Bolivia,Chuquisaca,Oropeza,Sucre,(Cárcel) Cárcel Pública,Santa Cruz de la Sierra,Uninominal,-17.874405,-63.178911,50,.,.
Bolivia,Chuquisaca,Oropeza,Sucre,Campo Deportivo 20 de Octubre,Sucre,Uninominal,-19.02233,-65.28734,2,.,.
Bolivia,Chuquisaca,Oropeza,Sucre,Campo Deportivo Alto San Juanillo (Temporal),Sucre,Uninominal,-19.0318,-65.247792,1,.,.
Bolivia,Chuquisaca,Oropeza,Sucre,Campo Deportivo Barrio Estados Unidos (Temporal),Sucre,Uninominal,-19.01125,-65.284835,2,.,.
Bolivia,Chuquisaca,Oropeza,Sucre,Campo Deportivo Mesa Verde (Temporal),Sucre,Uninominal,-19.036418,-65.240218,1,.,.
Bolivia,Chuquisaca,Oropeza,Sucre,Campo Deportivo Noria Alta,Sucre,Uninominal,-19.037386,-65.264478,2,.,.
Bolivia,Chuquisaca,Oropeza,Sucre,Campo Deportivo SETESUR (Temporal),Sucre,Uninominal,-19.032649,-65.250317,1,.,.
Bolivia,Chuquisaca,Oropeza,Sucre,Campo Deportivo San Juanillo Bajo,Sucre,Uninominal,-19.02889,-65.25611,1,.,.
Bolivia,Chuquisaca,Oropeza,Sucre,Campo Deportivo Tintamayu - Tocopilla (Temporal),Sucre,Uninominal,-19.034343,-65.264447,2,.,.
Bolivia,Chuquisaca,Oropeza,Sucre,Campo Deportivo Villa Copacabana (Temporal),Sucre,Uninominal,-19.066123,-65.244768,1,.,.
Bolivia,Chuquisaca,Oropeza,Sucre,Campo Deportivo zona América (Temporal),Sucre,Uninominal,-19.061554,-65.266896,1,.,.
Bolivia,Chuquisaca,Oropeza,Sucre,Campo Deportivo zona La Hoyada (Temporal),Sucre,Uninominal,-19.058816,-65.264788,1,.,.
Bolivia,Chuquisaca,Oropeza,Sucre,Campo Deportivo zona San Francisco (Temporal),Sucre,Uninominal,-19.055491,-65.255254,1,.,.
Bolivia,Chuquisaca,Luis Calvo,Villa Vaca Guzmán,Casa Comunal Aguairenda,Aguairenda,Uninominal,-19.46924,-63.76873,4,.,.
Bolivia,Chuquisaca,Luis Calvo,Villa Vaca Guzmán,Casa Comunal Tentayapi,Tentayapi,Uninominal,-20.86667,-63.85,4,.,.
Bolivia,Chuquisaca,Oropeza,Yotala,Casa Posada de Huayllas,Huayllas,Uninominal,-19.15824,-65.32174,3,.,.
Bolivia,Chuquisaca,Oropeza,Yotala,Centro Educativo Santa Rosa,Yotala,Uninominal,-19.16187,-65.26758,3,.,.
Bolivia,Chuquisaca,Hernando Siles,Monteagudo,Centro de Educación Alternativa Jorge Vargas Menduiña (Temporal),Monteagudo,Uninominal,-19.801169,-63.952667,4,.,.
Bolivia,Chuquisaca,Sud Cinti,Culpina,Centro de Educación Alternativa San Roque (Temporal),Culpina,Uninominal,-20.822733,-64.945081,5,.,.
Bolivia,Chuquisaca,Oropeza,Sucre,Centro de Salud Luis Espinal,Sucre,Uninominal,-19.02556,-65.23917,1,.,.
Bolivia,Chuquisaca,Oropeza,Sucre,Col. Bernardo Monteagudo,Sucre,Uninominal,-19.04699,-65.25573,1,.,.
Bolivia,Chuquisaca,Oropeza,Sucre,Col. Cardenal Maurer,Sucre,Uninominal,-19.05324,-65.26183,1,.,.
Bolivia,Chuquisaca,Oropeza,Sucre,Col. Don Bosco,Sucre,Uninominal,-19.04767,-65.26269,2,.,.
Bolivia,Chuquisaca,Oropeza,Sucre,Col. Emilio Hoschman,Sucre,Uninominal,-19.01751,-65.26781,2,.,.
Bolivia,Chuquisaca,Zudáñez,Zudañez,Col. Ignacio Prudencio Bustillos,Zudañez,Uninominal,-19.11358,-64.70309,3,.,.
Bolivia,Chuquisaca,Zudáñez,Zudañez,Col. Jaime De Zudañez,Zudañez,Uninominal,-19.11868,-64.70162,3,.,.
Bolivia,Chuquisaca,Oropeza,Sucre,Col. Jorge Revilla,Sucre,Uninominal,-19.02505,-65.25858,2,.,.
Bolivia,Chuquisaca,Oropeza,Sucre,Col. Mariano Serrano,Sucre,Uninominal,-19.04412,-65.25015,1,.,.
Bolivia,Chuquisaca,Oropeza,Sucre,Col. Sagrado Corazon,Sucre,Uninominal,-19.04679,-65.26104,2,.,.
Bolivia,Chuquisaca,Oropeza,Sucre,Col. Victorino Vega,Sucre,Uninominal,-19.04786,-65.23779,1,.,.
Bolivia,Chuquisaca,Oropeza,Sucre,Colegio 23 de Marzo,Sucre,Uninominal,-19.04329,-65.2681,2,.,.
Bolivia,Chuquisaca,Oropeza,Sucre,Colegio 24 de Septiembre - Maragua,Maragua,Uninominal,-19.05204,-65.4332,3,.,.
Bolivia,Chuquisaca,Tomina,Sopachui,Colegio 25 de Mayo,Sopachuy,Uninominal,-19.48693,-64.47521,4,.,.
Bolivia,Chuquisaca,Luis Calvo,Macharetí,Colegio 27 de Marzo,Ñancorainza,Uninominal,-20.70558,-63.28704,4,.,.
Bolivia,Chuquisaca,Hernando Siles,Huacareta,Colegio Amistad A,San Pablo de Huacareta,Uninominal,-20.36557,-64.00413,4,.,.
Bolivia,Chuquisaca,Yamparáez,Yamparáez,Colegio Ana Leon de Huasa Cancha,Huasa Cancha,Uninominal,-19.17783,-65.04116,3,.,.
Bolivia,Chuquisaca,Yamparáez,Tarabuco,Colegio Aniceto Arce,Tarabuco,Uninominal,-19.18131,-64.91212,3,.,.
Bolivia,Chuquisaca,Zudáñez,Villa Ricardo Mugia - Icla,Colegio Antonio José De Sucre,Icla,Uninominal,-19.36361,-64.79297,3,.,.
Bolivia,Chuquisaca,Nor Cinti,Camargo,Colegio Bolivia,Camargo,Uninominal,-20.6396,-65.20852,5,.,.
Bolivia,Chuquisaca,Belisario Boeto,Villa Serrano,Colegio Daniel Sanchez Bustamante,Guaqui,Uninominal,-16.59753,-68.83635,19,.,.
Bolivia,Chuquisaca,Oropeza,Sucre,Colegio Domingo Sabio,Sucre,Uninominal,-19.04843,-65.27417,2,.,.
Bolivia,Chuquisaca,Tomina,El Villar,Colegio Eduardo Abaroa,El Villar,Uninominal,-19.6299,-64.31137,4,.,.
Bolivia,Chuquisaca,Zudáñez,Villa Ricardo Mugia - Icla,Colegio Elizardo Perez,La Candelaria,Uninominal,-19.29836,-64.78985,3,.,.
Bolivia,Chuquisaca,Oropeza,Sucre,Colegio Fe y Alegria,Sucre,Uninominal,-19.03673,-65.26789,2,.,.
Bolivia,Chuquisaca,Zudáñez,Mojocoya,Colegio Franz Tamayo,Entre Rios,Uninominal,-17.1993,-64.5357,24,.,.
Bolivia,Chuquisaca,Luis Calvo,Macharetí,Colegio Fray Quebracho,Tiguipa Estacion,Uninominal,-20.99875,-63.32757,4,.,.
Bolivia,Chuquisaca,Yamparáez,Yamparáez,Colegio Gerardo Rios,Escana,Uninominal,-19.25555,-65.07349,3,.,.
Bolivia,Chuquisaca,Oropeza,Yotala,Colegio Gregorio Pacheco,Yotala,Uninominal,-19.16197,-65.26525,3,.,.
Bolivia,Chuquisaca,Oropeza,Sucre,Colegio Junin,Sucre,Uninominal,-19.04907,-65.25817,1,.,.
Bolivia,Chuquisaca,Nor Cinti,Camargo,Colegio Nacional Mixto 3 De Abril,Camargo,Uninominal,-20.64259,-65.21046,5,.,.
Bolivia,Chuquisaca,Yamparáez,Tarabuco,Colegio Nacional Mixto Bolivia,Cororo,Uninominal,-19.06883,-64.90345,3,.,.
Bolivia,Chuquisaca,Nor Cinti,Villa Charcas,Colegio Padre Landini Simon Bolivar,Villa Charcas,Uninominal,-20.72522,-64.88494,5,.,.
Bolivia,Chuquisaca,Yamparáez,Tarabuco,Colegio Pampa Lupiara,Pampa Lupiara,Uninominal,-19.25895,-64.78364,3,.,.
Bolivia,Chuquisaca,Oropeza,Poroma,Colegio Rafael Campos De Luje,Luje,Uninominal,-18.78213,-65.21857,3,.,.
Bolivia,Chuquisaca,Zudáñez,Villa Ricardo Mugia - Icla,Colegio Rosendo La Fuente,Uyuni,Uninominal,-19.44706,-64.8336,3,.,.
Bolivia,Chuquisaca,Oropeza,Yotala,Colegio San Isidro De Anfaya,Anfaya,Uninominal,-19.25604,-65.21962,3,.,.
Bolivia,Chuquisaca,Tomina,Padilla,Colegio San Pio X,Padilla,Uninominal,-19.30634,-64.3012,4,.,.
Bolivia,Chuquisaca,Oropeza,Sucre,Colegio Simón Rodríguez,Sucre,Uninominal,-19.05121,-65.25462,1,.,.
Bolivia,Chuquisaca,Oropeza,Yotala,Colegio Tasa Pampa,Tasa Pampa,Uninominal,-19.30862,-65.25967,3,.,.
Bolivia,Chuquisaca,Oropeza,Poroma,Colegiomanuel Ovando San Juan De Orcas,San Juan de Orcas,Uninominal,-18.73248,-65.31216,3,.,.
Bolivia,Chuquisaca,Oropeza,Sucre,Coliseo Cerrado Alto Delicias (Temporal),Sucre,Uninominal,-19.024546,-65.258312,2,.,.
Bolivia,Chuquisaca,Oropeza,Sucre,Coliseo Col. San Cristobal (Temporal),Sucre,Uninominal,-19.044406,-65.256253,1,.,.
Bolivia,Chuquisaca,Oropeza,Sucre,Coliseo Jorge Revilla Aldana,Sucre,Uninominal,-19.03738,-65.25701,1,.,.
Bolivia,Chuquisaca,Oropeza,Sucre,Coliseo Libertadores,Sucre,Uninominal,-19.034675,-65.240869,1,.,.
Bolivia,Chuquisaca,Oropeza,Sucre,Coliseo Los Pinos,Sucre,Uninominal,-19.00887,-65.28247,2,.,.
Bolivia,Chuquisaca,Oropeza,Sucre,Coliseo Polideportivo de Garcilaso (Temporal),Sucre,Uninominal,-19.046797,-65.240082,1,.,.
Bolivia,Chuquisaca,Oropeza,Sucre,Coliseo San José (Temporal),Sucre,Uninominal,-19.052503,-65.249258,1,.,.
Bolivia,Chuquisaca,Oropeza,Sucre,Esc. Angel Baspineiro,Sucre,Uninominal,-19.00419,-65.31149,2,.,.
Bolivia,Chuquisaca,Oropeza,Sucre,Esc. Aniceto Arce,Sucre,Uninominal,-19.06394,-65.27341,1,.,.
Bolivia,Chuquisaca,Oropeza,Sucre,Esc. Benjamin Guzman,Sucre,Uninominal,-19.03901,-65.25764,1,.,.
Bolivia,Chuquisaca,Oropeza,Sucre,Esc. Guido Villagomez,Sucre,Uninominal,-19.02838,-65.28304,2,.,.
Bolivia,Chuquisaca,Oropeza,Sucre,Esc. Joséfina Goytia,Sucre,Uninominal,-19.05899,-65.26051,1,.,.
Bolivia,Chuquisaca,Oropeza,Sucre,Esc. La Recoleta,Sucre,Uninominal,-19.05475,-65.25409,1,.,.
Bolivia,Chuquisaca,Oropeza,Sucre,Esc. Mariscal De Ayacucho,Sucre,Uninominal,-19.0489,-65.25534,1,.,.
Bolivia,Chuquisaca,Oropeza,Sucre,Esc. Roberto Alvarado,Sucre,Uninominal,-19.03056,-65.24728,1,.,.
Bolivia,Chuquisaca,Oropeza,Sucre,Esc. Sagrada Familia,Sucre,Uninominal,-19.0241,-65.24627,1,.,.
Bolivia,Chuquisaca,Oropeza,Sucre,Esc. San Javier,Sucre,Uninominal,-19.04221,-65.24428,1,.,.
Bolivia,Chuquisaca,Oropeza,Sucre,Esc. San Juanillo,Sucre,Uninominal,-19.0316,-65.2558,1,.,.
Bolivia,Chuquisaca,Nor Cinti,Villa Charcas,Esc. Simón Bolivar (Temporal),Villa Charcas,Uninominal,-20.724718,-64.88511,5,.,.
Bolivia,Chuquisaca,Oropeza,Sucre,Esc. Taller De Integracion Eti,Sucre,Uninominal,-19.04204,-65.23871,1,.,.
Bolivia,Chuquisaca,Azurduy,Azurduy,Escuela  Rodeo Chico,Rodeo Chico,Uninominal,-20.24856,-64.53408,4,.,.
Bolivia,Chuquisaca,Azurduy,Tarvita,Escuela 12 de Octubre,Molleni,Uninominal,-19.78101,-64.46204,4,.,.
Bolivia,Chuquisaca,Nor Cinti,Incahuasi,Escuela 2 de Agosto,El Portillo,Uninominal,-20.70182,-64.70975,5,.,.
Bolivia,Chuquisaca,Luis Calvo,Macharetí,Escuela 25 de Mayo,Ivo,Uninominal,-20.45202,-63.42398,4,.,.
Bolivia,Chuquisaca,Hernando Siles,Monteagudo,Escuela 6 de Junio,San Juan del Pirai,Uninominal,-20.33284,-64.11983,4,.,.
Bolivia,Chuquisaca,Yamparáez,Tarabuco,Escuela Alfredo Martinez Rodas,Surima Grande,Uninominal,-19.02727,-64.86771,3,.,.
Bolivia,Chuquisaca,Oropeza,Yotala,Escuela Antonio Tovar Hinojosa,Tambo Ackachila,Uninominal,-19.30317,-65.17021,3,.,.
Bolivia,Chuquisaca,Oropeza,Sucre,Escuela Arabate,Arabate,Uninominal,-19.07256,-65.15241,3,.,.
Bolivia,Chuquisaca,Hernando Siles,Monteagudo,Escuela Bernardo Monteagudo,Monteagudo,Uninominal,-19.78872,-63.95635,4,.,.
Bolivia,Chuquisaca,Nor Cinti,Villa Charcas,Escuela Bomboma,La Bombona,Uninominal,-20.44497,-64.69144,5,.,.
Bolivia,Chuquisaca,Luis Calvo,Huacaya,Escuela Boycobo,Boycobo,Uninominal,-20.69879,-63.65736,4,.,.
Bolivia,Chuquisaca,Nor Cinti,Villa Charcas,Escuela Caiza K,Caysaca,Uninominal,-20.52791,-64.74667,5,.,.
Bolivia,Chuquisaca,Zudáñez,Villa Ricardo Mugia - Icla,Escuela Cantar Gallo,Cantar Gallo,Uninominal,-19.51735,-64.69359,3,.,.
Bolivia,Chuquisaca,Sud Cinti,Culpina,Escuela Cañon Verde,Cañon Verde,Uninominal,-21.13576,-64.23112,5,.,.
Bolivia,Chuquisaca,Oropeza,Poroma,Escuela Central Challcha,Challcha,Uninominal,-18.44033,-65.54505,3,.,.
Bolivia,Chuquisaca,Hernando Siles,Monteagudo,Escuela Chapimayu,Chapimayu,Uninominal,-19.87782,-64.147977,4,.,.
Bolivia,Chuquisaca,Luis Calvo,Huacaya,Escuela Chimbe,Chimbe,Uninominal,-20.64951,-63.55851,4,.,.
Bolivia,Chuquisaca,Azurduy,Tarvita,Escuela Chunca Cancha,Chunca Cancha,Uninominal,-19.58565,-64.68405,4,.,.
Bolivia,Chuquisaca,Yamparáez,Tarabuco,Escuela Collacamani,Collacamani,Uninominal,-19.25274,-64.902426,3,.,.
Bolivia,Chuquisaca,Azurduy,Tarvita,Escuela Cruz Ckasa,Cruz Ckasa,Uninominal,-19.87214,-64.57745,4,.,.
Bolivia,Chuquisaca,Oropeza,Sucre,Escuela Daniel Calvo,Sucre,Uninominal,-19.04571,-65.26105,2,.,.
Bolivia,Chuquisaca,Belisario Boeto,Villa Serrano,Escuela Dario Ovando Cuellar,Monte Grande,Uninominal,-18.8886,-64.3476,4,.,.
Bolivia,Chuquisaca,Hernando Siles,Monteagudo,Escuela Despensas,Despensas,Uninominal,-20.04283,-64.1007,4,.,.
Bolivia,Chuquisaca,Azurduy,Azurduy,Escuela Duraznal,Duraznal,Uninominal,-20.41302,-64.42482,4,.,.
Bolivia,Chuquisaca,Luis Calvo,Macharetí,Escuela Eduardo Avaroa,Machareti,Uninominal,-20.815608,-63.36272,4,.,.
Bolivia,Chuquisaca,Yamparáez,Yamparáez,Escuela Eduardo Sempertegui,Yamparaez,Uninominal,-19.18805,-65.11996,3,.,.
Bolivia,Chuquisaca,Nor Cinti,Camargo,Escuela El Churo,El Churo,Uninominal,-20.63216,-65.13138,5,.,.
Bolivia,Chuquisaca,Sud Cinti,Culpina,Escuela El Manzanal,El Manzanal,Uninominal,-21.0985,-64.4059,5,.,.
Bolivia,Chuquisaca,Sud Cinti,Las Carreras,Escuela El Monte De Sandoval,Monte Sandoval,Uninominal,-21.16683,-65.21051,5,.,.
Bolivia,Chuquisaca,Luis Calvo,Macharetí,Escuela El Simbolar,Simbolar,Uninominal,-20.525535,-62.949004,4,.,.
Bolivia,Chuquisaca,Nor Cinti,Incahuasi,Escuela El Verano,El Verano,Uninominal,-20.56279,-64.6666,5,.,.
Bolivia,Chuquisaca,Luis Calvo,Macharetí,Escuela El Vinal,Vinal El Salvador,Uninominal,-20.704832,-63.10628,4,.,.
Bolivia,Chuquisaca,Hernando Siles,Monteagudo,Escuela El Zapallar,Zapallar,Uninominal,-19.80897,-63.93938,4,.,.
Bolivia,Chuquisaca,Zudáñez,Presto,Escuela Elisardo Perez,Pampas del Tigre,Uninominal,-19.11728,-64.19292,4,.,.
Bolivia,Chuquisaca,Oropeza,Sucre,Escuela Elizardo Perez,Ckochis,Uninominal,-19.1318,-65.20616,3,.,.
Bolivia,Chuquisaca,Oropeza,Sucre,Escuela Falafaya,Falafaya,Uninominal,-18.94874,-65.2095,3,.,.
Bolivia,Chuquisaca,Hernando Siles,Monteagudo,Escuela Fernandez,Fernandez,Uninominal,-20.16429,-64.23994,4,.,.
Bolivia,Chuquisaca,Oropeza,Sucre,Escuela Fray Gabriel Maria Landini,Surima,Uninominal,-18.77743,-65.12765,3,.,.
Bolivia,Chuquisaca,Oropeza,Sucre,Escuela Fray Gabriel Mariscal,Imilla Huañusca,Uninominal,-18.63784,-65.1773,3,.,.
Bolivia,Chuquisaca,Luis Calvo,Huacaya,Escuela Fray Marcos Ozeti,Santa Rosa,Uninominal,-20.48822,-63.52636,4,.,.
Bolivia,Chuquisaca,Zudáñez,Mojocoya,Escuela Guadalupe,Esmeralda,Uninominal,-17.3837,-66.077,23,.,.
Bolivia,Chuquisaca,Yamparáez,Tarabuco,Escuela Gustavo Valdivia De Pajcha,Pajcha,Uninominal,-18.97762,-65.03048,3,.,.
Bolivia,Chuquisaca,Luis Calvo,Villa Vaca Guzmán,Escuela Hernando Siles,Muyupampa,Uninominal,-19.8965,-63.75016,4,.,.
Bolivia,Chuquisaca,Belisario Boeto,Villa Serrano,Escuela Heroes del Chaco,Pozos,Uninominal,-19.06195,-64.13771,4,.,.
Bolivia,Chuquisaca,Zudáñez,Mojocoya,Escuela Hilarion Vides Choque,Quivale,Uninominal,-18.61781,-64.73502,3,.,.
Bolivia,Chuquisaca,Nor Cinti,Incahuasi,Escuela Huajlaya,Huajlaya,Uninominal,-20.59936,-64.5423,5,.,.
Bolivia,Chuquisaca,Azurduy,Azurduy,Escuela Huancarani,Antonio Lopez(Wancarani),Uninominal,-20.23491,-64.48476,4,.,.
Bolivia,Chuquisaca,Nor Cinti,San Lucas,Escuela Huayllani,Huayllani,Uninominal,-20.36235,-64.93605,5,.,.
Bolivia,Chuquisaca,Luis Calvo,Macharetí,Escuela Ipati,Ipati,Uninominal,-20.54343,-63.40212,4,.,.
Bolivia,Chuquisaca,Zudáñez,Mojocoya,Escuela Jaime Mendoza,La Abra,Uninominal,-18.87217,-64.51095,3,.,.
Bolivia,Chuquisaca,Yamparáez,Yamparáez,Escuela Jatun Ckaka,Jatun Khakha,Uninominal,-19.28829,-65.00366,3,.,.
Bolivia,Chuquisaca,Zudáñez,Villa Ricardo Mugia - Icla,Escuela Jatun Mayu,Pedro Jose Silvetti(Jatun Mayu),Uninominal,-19.40604,-64.72372,3,.,.
Bolivia,Chuquisaca,Nor Cinti,Incahuasi,Escuela Jolencia,Jolencia,Uninominal,-20.71497,-64.86333,5,.,.
Bolivia,Chuquisaca,Zudáñez,Mojocoya,Escuela Jorge Anibarro Zapata,Churicana (M),Uninominal,-18.916385,-64.62121,3,.,.
Bolivia,Chuquisaca,Zudáñez,Presto,Escuela José María Martínez,Rodeo El Palmar,Uninominal,-18.74306,-64.87681,3,.,.
Bolivia,Chuquisaca,Oropeza,Sucre,Escuela José Sampa,Ckacha Ckacha,Uninominal,-18.89784,-65.17965,3,.,.
Bolivia,Chuquisaca,Tomina,Sopachui,Escuela Juan Bosing,Sopachuy,Uninominal,-19.48648,-64.47478,4,.,.
Bolivia,Chuquisaca,Oropeza,Poroma,Escuela Kaynacas,Kaynacas,Uninominal,-18.86573,-65.404,3,.,.
Bolivia,Chuquisaca,Nor Cinti,Camargo,Escuela La Quemada,La Quemada,Uninominal,-20.75148,-65.29808,5,.,.
Bolivia,Chuquisaca,Nor Cinti,Incahuasi,Escuela Lampazar,Lampazar,Uninominal,-20.5347,-64.4935,5,.,.
Bolivia,Chuquisaca,Oropeza,Sucre,Escuela Llinfi,Llinfi,Uninominal,-18.98218,-65.30132,3,.,.
Bolivia,Chuquisaca,Nor Cinti,Villa Charcas,Escuela Llujllaya,Pucara de Llujllaya,Uninominal,-20.54849,-64.73945,5,.,.
Bolivia,Chuquisaca,Tomina,Tomina,Escuela Lorenzo Catala,Rodeo Porvenir,Uninominal,-19.05812,-64.58754,4,.,.
Bolivia,Chuquisaca,Azurduy,Tarvita,Escuela Luis Evencio Orías,San Pedro,Uninominal,-19.61855,-64.44648,4,.,.
Bolivia,Chuquisaca,Belisario Boeto,Villa Serrano,Escuela Luis Santos Prado,Urriolagoitia,Uninominal,-19.1737,-64.2653,4,.,.
Bolivia,Chuquisaca,Zudáñez,Zudañez,Escuela Mandinga,Mandinga,Uninominal,-19.25081,-64.69581,3,.,.
Bolivia,Chuquisaca,Azurduy,Tarvita,Escuela Mariscal Braun,Mariscal Braun,Uninominal,-19.97382,-64.56983,4,.,.
Bolivia,Chuquisaca,Hernando Siles,Monteagudo,Escuela María Vda. De Valda,Monteagudo,Uninominal,-19.80042,-63.95535,4,.,.
Bolivia,Chuquisaca,Hernando Siles,Huacareta,Escuela Miguel Jhaster,Ñacamiri,Uninominal,-20.71865,-64.02778,4,.,.
Bolivia,Chuquisaca,Azurduy,Tarvita,Escuela Molle Cancha,Molle Cancha,Uninominal,-19.74335,-64.61646,4,.,.
Bolivia,Chuquisaca,Nor Cinti,San Lucas,Escuela Molle Pata,Molle Pata,Uninominal,-20.41311,-64.64008,5,.,.
Bolivia,Chuquisaca,Sud Cinti,Las Carreras,Escuela Monte De Taraya,Monte Taraya,Uninominal,-21.47675,-65.35029,5,.,.
Bolivia,Chuquisaca,Tomina,Alcalá,Escuela Oscar Alfaro,Limabamba,Uninominal,-19.5059,-64.33492,4,.,.
Bolivia,Chuquisaca,Hernando Siles,Monteagudo,Escuela Pampa Heredia,Comunidad Heredia,Uninominal,-19.80225,-64.0597,4,.,.
Bolivia,Chuquisaca,Nor Cinti,San Lucas,Escuela Payacota Del Carmen,Payacota del Carmen,Uninominal,-20.21278,-65.25732,5,.,.
Bolivia,Chuquisaca,Hernando Siles,Monteagudo,Escuela Pedernal,Pedernal,Uninominal,-19.77911,-64.11466,4,.,.
Bolivia,Chuquisaca,Luis Calvo,Macharetí,Escuela Pedro Domingo Murillo,Estacion Machareti,Uninominal,-20.86273,-63.3061,4,.,.
Bolivia,Chuquisaca,Azurduy,Azurduy,Escuela Pinos,Pinos,Uninominal,-20.32877,-64.45695,4,.,.
Bolivia,Chuquisaca,Oropeza,Sucre,Escuela Punilla,Punilla,Uninominal,-18.95657,-65.37293,3,.,.
Bolivia,Chuquisaca,Hernando Siles,Huacareta,Escuela Rafael Pabon,El Alto,Uninominal,-16.46312,-68.17429,10,.,.
Bolivia,Chuquisaca,Nor Cinti,Camargo,Escuela Rio Chico,R?¡o Chico,Uninominal,-20.69902,-65.22565,5,.,.
Bolivia,Chuquisaca,Zudáñez,Villa Ricardo Mugia - Icla,Escuela Rodeo,Rodeo,Uninominal,-19.44641,-64.73968,3,.,.
Bolivia,Chuquisaca,Luis Calvo,Villa Vaca Guzmán,Escuela Rufino Salazar,La Tapera,Uninominal,-19.67933,-63.8163,4,.,.
Bolivia,Chuquisaca,Hernando Siles,Huacareta,Escuela Salvio Lanuza,Rosario del Ingre,Uninominal,-20.5817,-63.89535,4,.,.
Bolivia,Chuquisaca,Luis Calvo,Huacaya,Escuela San Antonio,Huacaya,Uninominal,-20.74458,-63.66537,4,.,.
Bolivia,Chuquisaca,Zudáñez,Villa Ricardo Mugia - Icla,Escuela San Jacinto,San Jacinto,Uninominal,-19.32193,-64.7461,3,.,.
Bolivia,Chuquisaca,Azurduy,Tarvita,Escuela San José de Alisos,San Jose de Alisos,Uninominal,-19.69949,-64.63702,4,.,.
Bolivia,Chuquisaca,Luis Calvo,Macharetí,Escuela San Juan de Camatindi,Camatindi,Uninominal,-20.99425,-63.39542,4,.,.
Bolivia,Chuquisaca,Nor Cinti,Incahuasi,Escuela San Lorencito,San Lorencito,Uninominal,-20.79387,-64.87055,5,.,.
Bolivia,Chuquisaca,Hernando Siles,Monteagudo,Escuela San Lorenzo,San Lorenzo,Uninominal,-19.92886,-64.20084,4,.,.
Bolivia,Chuquisaca,Oropeza,Poroma,Escuela San Salvador de Pojpo,Pojpo,Uninominal,-18.79455,-65.32699,3,.,.
Bolivia,Chuquisaca,Nor Cinti,Villa Charcas,Escuela Santa Elena,Santa Elena,Uninominal,-20.58304,-64.77654,5,.,.
Bolivia,Chuquisaca,Zudáñez,Villa Ricardo Mugia - Icla,Escuela Santa Lucia,Santa Lucia,Uninominal,-19.56465,-64.72717,3,.,.
Bolivia,Chuquisaca,Luis Calvo,Villa Vaca Guzmán,Escuela Sapiranguimiri,Sapiranguimiri,Uninominal,-20.09122,-63.76806,4,.,.
Bolivia,Chuquisaca,Zudáñez,Zudañez,Escuela Sayan Chaca,Sayan Chaca,Uninominal,-19.24422,-64.63419,3,.,.
Bolivia,Chuquisaca,Oropeza,Sucre,Escuela Seccional De Chaunaca,Chaunaca,Uninominal,-18.99047,-65.43951,3,.,.
Bolivia,Chuquisaca,Tomina,El Villar,Escuela Seccional La Revuelta,Juana A. de Padilla (Segura),Uninominal,-19.82226,-64.19889,4,.,.
Bolivia,Chuquisaca,Tomina,Tomina,Escuela Simón Rodriguez,Tarabuquillo,Uninominal,-19.35414,-64.47535,4,.,.
Bolivia,Chuquisaca,Tomina,Sopachui,Escuela Sipicani,Sipicani,Uninominal,-19.43305,-64.57142,4,.,.
Bolivia,Chuquisaca,Sud Cinti,Las Carreras,Escuela Socpora,Socpora,Uninominal,-21.35275,-65.23065,5,.,.
Bolivia,Chuquisaca,Zudáñez,Villa Ricardo Mugia - Icla,Escuela Sumala,Sumala,Uninominal,-19.63519,-64.78291,3,.,.
Bolivia,Chuquisaca,Nor Cinti,Villa Charcas,Escuela Supas,Supas,Uninominal,-20.43394,-64.77631,5,.,.
Bolivia,Chuquisaca,Azurduy,Azurduy,Escuela Tablani,Tablani,Uninominal,-20.06003,-64.56451,4,.,.
Bolivia,Chuquisaca,Zudáñez,Villa Ricardo Mugia - Icla,Escuela Thaco Pampa,Thaco Pampa,Uninominal,-19.38551,-64.7289,3,.,.
Bolivia,Chuquisaca,Luis Calvo,Villa Vaca Guzmán,Escuela Ticucha,Ticucha,Uninominal,-19.62364,-63.82461,4,.,.
Bolivia,Chuquisaca,Luis Calvo,Macharetí,Escuela Tiguipa Pueblo,Tiguipa Pueblo,Uninominal,-20.91519,-63.38359,4,.,.
Bolivia,Chuquisaca,Oropeza,Yotala,Escuela Tipaka,Tipaka,Uninominal,-19.26145,-65.3103,3,.,.
Bolivia,Chuquisaca,Azurduy,Azurduy,Escuela Torrecillas,Torrecillas,Uninominal,-19.9672,-64.3971,4,.,.
Bolivia,Chuquisaca,Oropeza,Sucre,Escuela Tucsupaya,Sucre,Uninominal,-19.0231,-65.27917,2,.,.
Bolivia,Chuquisaca,Yamparáez,Tarabuco,Escuela Tunas Chillca,Tunas Chillca,Uninominal,-19.17794,-64.95135,3,.,.
Bolivia,Chuquisaca,Hernando Siles,Monteagudo,Escuela Yana Yana,Yanayana,Uninominal,-20.19204,-64.13422,4,.,.
Bolivia,Chuquisaca,Nor Cinti,Camargo,Escuela Yurac Caballo,Yurac Caballo,Uninominal,-20.74312,-65.13165,5,.,.
Bolivia,Chuquisaca,Oropeza,Sucre,Estadium Patria,Sucre,Uninominal,-19.03283,-65.25877,2,.,.
Bolivia,Chuquisaca,Oropeza,Sucre,Fac. Derecho,Sucre,Uninominal,-19.04547,-65.24686,1,.,.
Bolivia,Chuquisaca,Oropeza,Sucre,Facultad de Tecnología,Sucre,Uninominal,-19.03967,-65.25661,1,.,.
Bolivia,Chuquisaca,Oropeza,Sucre,Facultad de Tecnología Médica (Temporal),Sucre,Uninominal,-19.044748,-65.247434,1,.,.
Bolivia,Chuquisaca,Oropeza,Sucre,Fundacion Pachamama,Sucre,Uninominal,-19.04067,-65.26746,2,.,.
Bolivia,Chuquisaca,Oropeza,Sucre,IPTK-N. Aguirre 560 / CERPI,Sucre,Uninominal,-19.03685,-65.25272,1,.,.
Bolivia,Chuquisaca,Oropeza,Sucre,Iglesia San Matías,Sucre,Uninominal,-19.03669,-65.26208,2,.,.
Bolivia,Chuquisaca,Tomina,Sopachui,Internado Santa Rosa De Amancaya,Amancaya,Uninominal,-19.32515,-64.55762,4,.,.
Bolivia,Chuquisaca,Oropeza,Sucre,Jardín De Niños San Lázaro,Sucre,Uninominal,-19.05094,-65.24966,1,.,.
Bolivia,Chuquisaca,Oropeza,Sucre,Kinder Aniceto Arce (Temporal),Sucre,Uninominal,-19.063011,-65.273936,1,.,.
Bolivia,Chuquisaca,Oropeza,Sucre,Kinder Echeverria,Sucre,Uninominal,-19.05163,-65.25982,1,.,.
Bolivia,Chuquisaca,Oropeza,Sucre,Kinder Gerardo Vaca Guzman,Sucre,Uninominal,-19.04274,-65.26248,2,.,.
Bolivia,Chuquisaca,Oropeza,Sucre,Kinder San Vicente De Paul,Sucre,Uninominal,-19.04462,-65.25596,1,.,.
Bolivia,Chuquisaca,Oropeza,Sucre,Kinder Serrano,Sucre,Uninominal,-19.04423,-65.24963,1,.,.
Bolivia,Chuquisaca,Oropeza,Sucre,Liceo María Joséfa Mujia,Sucre,Uninominal,-19.04962,-65.26344,2,.,.
Bolivia,Chuquisaca,Oropeza,Sucre,Mercado Yurac Yurac,Sucre,Uninominal,-19.02921,-65.27402,2,.,.
Bolivia,Chuquisaca,Tomina,Padilla,Nucleo Escolar Adrián Moya Tapia,Tabacal,Uninominal,-19.33275,-64.14172,4,.,.
Bolivia,Chuquisaca,Hernando Siles,Monteagudo,Nucleo Escolar Bartolo,Bartolo,Uninominal,-19.66221,-64.03931,4,.,.
Bolivia,Chuquisaca,Tomina,Padilla,Nucleo Escolar Humberto Delgadillo,Tihumayu,Uninominal,-19.56468,-64.1024,4,.,.
Bolivia,Chuquisaca,Oropeza,Sucre,Poligimnasio Max Toledo (Temporal),Sucre,Uninominal,-19.051169,-65.269671,2,.,.
Bolivia,Chuquisaca,Oropeza,Poroma,Posta Sanitaria,El Ajial,Uninominal,-18.49988,-65.28516,3,.,.
Bolivia,Chuquisaca,Zudáñez,Presto,Puesto de Salud Puno Khasa,Puno Khasa,Uninominal,-18.89501,-64.80189,3,.,.
Bolivia,Chuquisaca,Luis Calvo,Villa Vaca Guzmán,Puesto de Salud Taperillas,Taperillas,Uninominal,-19.736881,-63.845994,4,.,.
Bolivia,Chuquisaca,Oropeza,Poroma,Puesto de Salud Viru Viru,Viru Viru,Uninominal,-18.38448,-65.651,3,.,.
Bolivia,Chuquisaca,Oropeza,Sucre,Salon Mult. Alto Loyola,Sucre,Uninominal,-19.02552,-65.25202,2,.,.
Bolivia,Chuquisaca,Oropeza,Sucre,Salon Multifuncional El Abra,Sucre,Uninominal,-19.06586,-65.24494,1,.,.
Bolivia,Chuquisaca,Oropeza,Sucre,Salon Multifuncional El Niño,Sucre,Uninominal,-19.01439,-65.28127,2,.,.
Bolivia,Chuquisaca,Oropeza,Sucre,Seminario Teologico Del Sur,Sucre,Uninominal,-19.03208,-65.25397,1,.,.
Bolivia,Chuquisaca,Oropeza,Poroma,Sub Alcaldía De Sapse,Sapse,Uninominal,-18.72523,-65.27885,3,.,.
Bolivia,Chuquisaca,Oropeza,Sucre,Terminal De Buses,Sucre,Uninominal,-19.0392,-65.24707,1,.,.
Bolivia,Chuquisaca,Tomina,Tomina,U. E. Seccional Faustino Suarez,Thuru Mayu,Uninominal,-19.18622,-64.56383,4,.,.
Bolivia,Chuquisaca,Sud Cinti,Villa Abecia,U. Edu. Daniel Sanchez Bustamante,Higuerayoc,Uninominal,-21.06641,-65.27811,5,.,.
Bolivia,Chuquisaca,Nor Cinti,San Lucas,U. Edu. Eduardo Avaroa,San Lucas,Uninominal,-20.1035,-65.13464,5,.,.
Bolivia,Chuquisaca,Oropeza,Sucre,U. Edu. Gualberto Villarroel,Potolo,Uninominal,-19.0159,-65.53341,3,.,.
Bolivia,Chuquisaca,Luis Calvo,Macharetí,U. Edu. Heroes Del Chaco Hernado Siles,Carandayt?¡,Uninominal,-20.757822,-63.071687,4,.,.
Bolivia,Chuquisaca,Yamparáez,Tarabuco,U. Edu. Jaime Villa Zamora,Morado Ckasa,Uninominal,-19.05788,-64.91453,3,.,.
Bolivia,Chuquisaca,Sud Cinti,Culpina,U. Edu. José Antonio Zampa,Culpina,Uninominal,-20.8238,-64.94446,5,.,.
Bolivia,Chuquisaca,Hernando Siles,Monteagudo,U. Edu. Juana Azurduy De Padilla,Piraimiri,Uninominal,-20.0189,-63.9845,4,.,.
Bolivia,Chuquisaca,Yamparáez,Tarabuco,U. Edu. Rosalia Vda. De Antezana,Tarabuco,Uninominal,-19.18218,-64.91234,3,.,.
Bolivia,Chuquisaca,Oropeza,Poroma,U. Edu. San Andres De Poroma,Poroma,Uninominal,-18.53917,-65.42594,3,.,.
Bolivia,Chuquisaca,Yamparáez,Tarabuco,U. Edu. San José Del Paredon,San José del Paredon,Uninominal,-19.25209,-64.83658,3,.,.
Bolivia,Chuquisaca,Hernando Siles,Monteagudo,U. Edu. San Miguel Del Bañado,San Miguel,Uninominal,-20.0789,-63.88668,4,.,.
Bolivia,Chuquisaca,Hernando Siles,Monteagudo,U. Edu. San Pedro Del Parapeti,San Pedro del Parapet?¡,Uninominal,-20.16382,-63.88159,4,.,.
Bolivia,Chuquisaca,Zudáñez,Villa Ricardo Mugia - Icla,U. Edu. Seccional Chunca Cancha Baja,Chunca Cancha Baja,Uninominal,-19.58073,-64.69682,3,.,.
Bolivia,Chuquisaca,Nor Cinti,San Lucas,U.E. 12 de Abril B (Temporal),Malliri,Uninominal,-20.277204,-65.029077,5,.,.
Bolivia,Chuquisaca,Oropeza,Sucre,U.E. 9 de Marzo,Kuchu Tambo,Uninominal,-18.991719,-65.326372,3,.,.
Bolivia,Chuquisaca,Tomina,Tomina,U.E. Antofagasta,Tupiza,Uninominal,-21.440203,-65.719981,37,.,.
Bolivia,Chuquisaca,Tomina,El Villar,U.E. Barbechos,Barbechos,Uninominal,-19.5529,-64.29641,4,.,.
Bolivia,Chuquisaca,Tomina,Padilla,U.E. Caciano Rodas Cardenas,Llantoj,Uninominal,-19.2876,-64.0046,4,.,.
Bolivia,Chuquisaca,Luis Calvo,Huacaya,U.E. Camatindi,Camatindi,Uninominal,-20.463073,-63.484521,4,.,.
Bolivia,Chuquisaca,Nor Cinti,San Lucas,U.E. Cinteño Tambo,Cinteño Tambo,Uninominal,-20.22208,-65.01966,5,.,.
Bolivia,Chuquisaca,Azurduy,Azurduy,U.E. Collpamayu,Collpamayu,Uninominal,-20.08899,-64.51823,4,.,.
Bolivia,Chuquisaca,Oropeza,Sucre,U.E. Cristo Rey,Sucre,Uninominal,-19.034137,-65.260654,2,.,.
Bolivia,Chuquisaca,Nor Cinti,San Lucas,U.E. Cruz Mayu,Cruz Mayu,Uninominal,-20.03394,-64.870109,5,.,.
Bolivia,Chuquisaca,Tomina,Padilla,U.E. Deogracias Vega (Temporal),Padilla,Uninominal,-19.310477,-64.30506,4,.,.
Bolivia,Chuquisaca,Oropeza,Sucre,U.E. Eduardo Abaroa,Integracion A,Uninominal,-15.115,-61.485,53,.,.
Bolivia,Chuquisaca,Belisario Boeto,Villa Serrano,U.E. Eduardo Abaroa (Temporal),Villa Serrano (Pescado),Uninominal,-19.127384,-64.322001,4,.,.
Bolivia,Chuquisaca,Belisario Boeto,Villa Serrano,U.E. Eduardo Gutierrez,Sipotendi,Uninominal,-18.872713,-64.411502,4,.,.
Bolivia,Chuquisaca,Nor Cinti,San Lucas,U.E. El Terrado,El Terrado,Uninominal,-20.395088,-64.986925,5,.,.
Bolivia,Chuquisaca,Oropeza,Sucre,U.E. Evo Morales Ayma,Shinahota,Uninominal,-16.988214,-65.246566,24,.,.
Bolivia,Chuquisaca,Tomina,Padilla,U.E. Franz Tamayo,Chuqui,Uninominal,-21.724717,-66.176803,37,.,.
Bolivia,Chuquisaca,Oropeza,Poroma,U.E. Fray Francisco Valea,Pomanasa,Uninominal,-18.57908,-65.33421,3,.,.
Bolivia,Chuquisaca,Oropeza,Sucre,U.E. Gualberto Paredes (Temporal),Sucre,Uninominal,-19.081647,-65.238308,1,.,.
Bolivia,Chuquisaca,Luis Calvo,Macharetí,U.E. Isipotindi,Isipotindi,Uninominal,-20.616093,-63.315314,4,.,.
Bolivia,Chuquisaca,Luis Calvo,Villa Vaca Guzmán,U.E. Karatindi,Karatindi,Uninominal,-20.650529,-63.760559,4,.,.
Bolivia,Chuquisaca,Tomina,El Villar,U.E. Kharachimayu,Kharachimayu,Uninominal,-19.717017,-64.198376,4,.,.
Bolivia,Chuquisaca,Tomina,Tomina,U.E. Kuri,Kuri,Uninominal,-19.241337,-64.573729,4,.,.
Bolivia,Chuquisaca,Belisario Boeto,Villa Serrano,U.E. Lampazos,Lampazos,Uninominal,-18.765989,-64.39145,4,.,.
Bolivia,Chuquisaca,Oropeza,Sucre,U.E. Las Americas,Sucre,Uninominal,-19.01372,-65.25094,2,.,.
Bolivia,Chuquisaca,Luis Calvo,Villa Vaca Guzmán,U.E. Leo Schwarz,Cumandaiti,Uninominal,-19.45372,-63.84387,4,.,.
Bolivia,Chuquisaca,Belisario Boeto,Villa Serrano,U.E. Lothar Brucker,Yunguillas,Uninominal,-18.82008,-64.361758,4,.,.
Bolivia,Chuquisaca,Hernando Siles,Monteagudo,U.E. Luicio Siles (Temporal),Monteagudo,Uninominal,-19.79634,-63.955263,4,.,.
Bolivia,Chuquisaca,Oropeza,Sucre,U.E. Marcelo Quiroga Santa Cruz,Cobija,Uninominal,-11.061062,-68.792596,62,.,.
Bolivia,Chuquisaca,Tomina,Padilla,U.E. Mariscal Sucre,Toro Toro,Uninominal,-18.137276,-65.760366,38,.,.
Bolivia,Chuquisaca,Nor Cinti,Villa Charcas,U.E. Mollini,Mollini,Uninominal,-20.45341,-64.71598,5,.,.
Bolivia,Chuquisaca,Luis Calvo,Villa Vaca Guzmán,U.E. Monte Grande,Monte Grande,Uninominal,-19.266286,-63.885372,4,.,.
Bolivia,Chuquisaca,Tomina,Sopachui,U.E. Pampas Punta,Pampas Punta,Uninominal,-19.41523,-64.4611,4,.,.
Bolivia,Chuquisaca,Tomina,Sopachui,U.E. Paslapaya,Paslapaya,Uninominal,-19.428837,-64.519274,4,.,.
Bolivia,Chuquisaca,Yamparáez,Yamparáez,U.E. Pata Llajta,Pata LLajta,Uninominal,-19.111133,-65.07769,3,.,.
Bolivia,Chuquisaca,Tomina,Tomina,U.E. Pucara,Pucara,Uninominal,-19.05801,-64.5126,4,.,.
Bolivia,Chuquisaca,Oropeza,Sucre,U.E. Qhora Qhora Alta,Alto Khora Khora,Uninominal,-19.0804,-65.21569,3,.,.
Bolivia,Chuquisaca,Azurduy,Azurduy,U.E. Quehueñal,Quehueñal,Uninominal,-19.92459,-64.4158,4,.,.
Bolivia,Chuquisaca,Nor Cinti,San Lucas,U.E. René Barrientos Ortuño (Temporal),San Lucas,Uninominal,-20.097301,-65.135512,5,.,.
Bolivia,Chuquisaca,Yamparáez,Tarabuco,U.E. San Antonio de Toca,San Antonio de Toca,Uninominal,-19.00779,-64.93372,3,.,.
Bolivia,Chuquisaca,Tomina,Sopachui,U.E. San Juan de Horcas,San Juan de Horcas,Uninominal,-19.46673,-64.51885,4,.,.
Bolivia,Chuquisaca,Tomina,Sopachui,U.E. San Luis Chavarria,Chavarria,Uninominal,-19.361068,-64.591134,4,.,.
Bolivia,Chuquisaca,Oropeza,Sucre,U.E. San Roque Nivel Inicial,Sucre,Uninominal,-19.053953,-65.270203,1,.,.
Bolivia,Chuquisaca,Luis Calvo,Macharetí,U.E. Tentami,Tentami,Uninominal,-20.919167,-63.363075,4,.,.
Bolivia,Chuquisaca,Luis Calvo,Macharetí,U.E. Timboycito,Timboycito,Uninominal,-20.744823,-63.308562,4,.,.
Bolivia,Chuquisaca,Oropeza,Yotala,U.E. Tipoyo,Tipoyo,Uninominal,-19.133914,-65.328614,3,.,.
Bolivia,Chuquisaca,Nor Cinti,San Lucas,U.E. Torre De Linares,Torre de Linares,Uninominal,-19.901,-64.7693,5,.,.
Bolivia,Chuquisaca,Oropeza,Sucre,U.E. Villa Marlecita,Sucre,Uninominal,-19.000613,-65.292656,2,.,.
Bolivia,Chuquisaca,Azurduy,Tarvita,U.E. Villa Pampa,Villa Pampa,Uninominal,-19.65606,-64.51918,4,.,.
Bolivia,Chuquisaca,Nor Cinti,Incahuasi,U.E. Yatina,Yatina,Uninominal,-20.61985,-64.73019,5,.,.
Bolivia,Chuquisaca,Hernando Siles,Monteagudo,U.E. Ñaurenda,Ñaurenda,Especial,-21.136222,-64.060402,4,.,.
Bolivia,Chuquisaca,Oropeza,Sucre,U.Pedag. Mariscal Sucre,Sucre,Uninominal,-19.03903,-65.26093,1,.,.
Bolivia,Chuquisaca,Oropeza,Sucre,Unid. Ed. Hugo Poppe Entrambasaguas,Sucre,Uninominal,-19.05145,-65.23246,1,.,.
Bolivia,Chuquisaca,Oropeza,Sucre,Unid. Educ. José Clemente Maurer,Sucre,Uninominal,-19.08533,-65.23655,1,.,.
Bolivia,Chuquisaca,Belisario Boeto,Villa Serrano,Unid. Educ. San Miguel De La Quebrada,La Quebrada,Uninominal,-19.1079,-64.24857,4,.,.
Bolivia,Chuquisaca,Oropeza,Sucre,Unid. Educativa Victoria Diez,Sucre,Uninominal,-19.00942,-65.30588,2,.,.
Bolivia,Chuquisaca,Hernando Siles,Huacareta,Unidad Baldomero Lopez,Piraicito,Uninominal,-20.16225,-63.96331,4,.,.
Bolivia,Chuquisaca,Oropeza,Poroma,Unidad Educativa  Pangorasi,Pangorasi,Uninominal,-18.60243,-65.39965,3,.,.
Bolivia,Chuquisaca,Tomina,Padilla,Unidad Educativa 2 de Abril La Cienega,La Cienega,Uninominal,-19.21987,-64.29996,4,.,.
Bolivia,Chuquisaca,Sud Cinti,Villa Abecia,Unidad Educativa 2 de Agosto,Colpanayoc,Uninominal,-21.02694,-65.36425,5,.,.
Bolivia,Chuquisaca,Sud Cinti,Villa Abecia,Unidad Educativa 23 de Marzo,Camataqui (Villa Abecia),Uninominal,-20.97539,-65.23078,5,.,.
Bolivia,Chuquisaca,Tomina,Padilla,Unidad Educativa 29 de Marzo,Pili Pili Bajo,Uninominal,-19.24916,-64.21652,4,.,.
Bolivia,Chuquisaca,Oropeza,Sucre,Unidad Educativa 6 de Junio,Sucre,Uninominal,-19.02696,-65.26705,2,.,.
Bolivia,Chuquisaca,Nor Cinti,San Lucas,Unidad Educativa Acchilla,Acchilla,Uninominal,-20.32539,-64.80387,5,.,.
Bolivia,Chuquisaca,Sud Cinti,Villa Abecia,Unidad Educativa Achuma,Achuma,Uninominal,-20.9139,-65.3415,5,.,.
Bolivia,Chuquisaca,Oropeza,Sucre,Unidad Educativa Alberto Bohorquez,Sucre,Uninominal,-19.02849,-65.29878,2,.,.
Bolivia,Chuquisaca,Tomina,Alcalá,Unidad Educativa Alcala,Alcala,Uninominal,-19.36522,-64.38977,4,.,.
Bolivia,Chuquisaca,Oropeza,Sucre,Unidad Educativa Alegría,Sucre,Uninominal,-18.99063,-65.27406,2,.,.
Bolivia,Chuquisaca,Luis Calvo,Huacaya,Unidad Educativa Ankaguazu,Ankaguazu,Uninominal,-20.88688,-63.67434,4,.,.
Bolivia,Chuquisaca,Azurduy,Tarvita,Unidad Educativa Antonio Tovar,Tarvita,Uninominal,-19.92718,-64.48597,4,.,.
Bolivia,Chuquisaca,Hernando Siles,Huacareta,Unidad Educativa Atirimbia,Atirimbia,Uninominal,-20.8244,-63.93389,4,.,.
Bolivia,Chuquisaca,Hernando Siles,Monteagudo,Unidad Educativa Azero Norte,Azero Norte,Uninominal,-19.56839,-63.99007,4,.,.
Bolivia,Chuquisaca,Luis Calvo,Huacaya,Unidad Educativa Bororigua,Bororigua,Uninominal,-20.56405,-63.63357,4,.,.
Bolivia,Chuquisaca,Nor Cinti,San Lucas,Unidad Educativa Buena Vista,Buena Vista,Uninominal,-19.9318,-64.93593,5,.,.
Bolivia,Chuquisaca,Oropeza,Poroma,Unidad Educativa Calizaya,Calizaya,Uninominal,-18.48993,-65.33015,3,.,.
Bolivia,Chuquisaca,Oropeza,Yotala,Unidad Educativa Campanario,Campanario,Uninominal,-19.10636,-65.26763,3,.,.
Bolivia,Chuquisaca,Nor Cinti,San Lucas,Unidad Educativa Canchas Blancas,Canchas Blancas,Uninominal,-20.03145,-64.79684,5,.,.
Bolivia,Chuquisaca,Oropeza,Sucre,Unidad Educativa Cantu Molino,Cantu Molino,Uninominal,-18.86053,-65.23275,3,.,.
Bolivia,Chuquisaca,Zudáñez,Zudañez,Unidad Educativa Capilla Llave,Capilla Llave,Uninominal,-18.98042,-64.70795,3,.,.
Bolivia,Chuquisaca,Yamparáez,Yamparáez,Unidad Educativa Carama,Carama,Uninominal,-19.33958,-65.05508,3,.,.
Bolivia,Chuquisaca,Nor Cinti,Camargo,Unidad Educativa Carpachacra,Carpachacra,Uninominal,-20.64821,-65.34814,5,.,.
Bolivia,Chuquisaca,Yamparáez,Tarabuco,Unidad Educativa Cayambuco,Cayambuco,Uninominal,-19.09398,-64.86732,3,.,.
Bolivia,Chuquisaca,Oropeza,Poroma,Unidad Educativa Chijmuri,Chijmuri,Uninominal,-18.81042,-65.39856,3,.,.
Bolivia,Chuquisaca,Nor Cinti,San Lucas,Unidad Educativa Chillagua,Chillagua,Uninominal,-20.26884,-64.96616,5,.,.
Bolivia,Chuquisaca,Oropeza,Sucre,Unidad Educativa Chuqui Chuqui,Chuqui Chuqui,Uninominal,-18.82506,-65.1201,3,.,.
Bolivia,Chuquisaca,Nor Cinti,San Lucas,Unidad Educativa Civita,Civita,Uninominal,-20.00292,-64.90813,5,.,.
Bolivia,Chuquisaca,Oropeza,Poroma,Unidad Educativa Copavillque,Copavillque,Uninominal,-18.62391,-65.2855,3,.,.
Bolivia,Chuquisaca,Luis Calvo,Macharetí,Unidad Educativa Cuatro Vientos,Cuatro Vientos,Uninominal,-20.862512,-62.686629,4,.,.
Bolivia,Chuquisaca,Oropeza,Poroma,Unidad Educativa Cucuri,Cucuri,Uninominal,-18.84813,-65.30397,3,.,.
Bolivia,Chuquisaca,Nor Cinti,Camargo,Unidad Educativa Cueva Pampa,Cueva Pampa,Uninominal,-20.45579,-65.04705,5,.,.
Bolivia,Chuquisaca,Zudáñez,Mojocoya,Unidad Educativa Eduardo Avaroa,Combaya,Uninominal,-15.80447,-68.7542,16,.,.
Bolivia,Chuquisaca,Sud Cinti,Culpina,Unidad Educativa El Campamento,El Campamento,Uninominal,-20.90218,-64.51948,5,.,.
Bolivia,Chuquisaca,Yamparáez,Tarabuco,Unidad Educativa El Carmen,El Carmen,Uninominal,-19.06575,-64.99706,3,.,.
Bolivia,Chuquisaca,Tomina,El Villar,Unidad Educativa El Dorado,El Dorado,Uninominal,-19.79042,-64.3289,4,.,.
Bolivia,Chuquisaca,Sud Cinti,Culpina,Unidad Educativa El Monte,El Monte,Uninominal,-21.00441,-64.91585,5,.,.
Bolivia,Chuquisaca,Zudáñez,Presto,Unidad Educativa El Palmar,El Palmar,Uninominal,-20.85209,-64.31755,5,.,.
Bolivia,Chuquisaca,Nor Cinti,Incahuasi,Unidad Educativa El Quemado,El Quemado,Uninominal,-20.57037,-64.5985,5,.,.
Bolivia,Chuquisaca,Hernando Siles,Huacareta,Unidad Educativa Ernesto Theobald,Uruguay,Uninominal,-20.51959,-64.15099,4,.,.
Bolivia,Chuquisaca,Oropeza,Yotala,Unidad Educativa German Busch,Gualberto Villarroel (Challa),Uninominal,-17.24399,-67.17284,17,.,.
Bolivia,Chuquisaca,Nor Cinti,Camargo,Unidad Educativa Higuera Huayco,Higuera Huayco,Uninominal,-20.79629,-65.22394,5,.,.
Bolivia,Chuquisaca,Nor Cinti,Camargo,Unidad Educativa Huaca Cancha,Huaca Cancha,Uninominal,-20.47788,-64.95026,5,.,.
Bolivia,Chuquisaca,Zudáñez,Zudañez,Unidad Educativa Huaca Huasi,Huaca Huasi,Uninominal,-18.98111,-64.78075,3,.,.
Bolivia,Chuquisaca,Sud Cinti,Culpina,Unidad Educativa Huajlita,Huajlita,Uninominal,-20.82584,-64.60419,5,.,.
Bolivia,Chuquisaca,Oropeza,Poroma,Unidad Educativa Huañoma,Huañoma,Uninominal,-18.45855,-65.59436,3,.,.
Bolivia,Chuquisaca,Nor Cinti,San Lucas,Unidad Educativa Huañumilla,Huaño Imilla,Uninominal,-19.94859,-64.74733,5,.,.
Bolivia,Chuquisaca,Hernando Siles,Huacareta,Unidad Educativa Huirasai,Huirasai,Uninominal,-20.61985,-63.992,4,.,.
Bolivia,Chuquisaca,Luis Calvo,Villa Vaca Guzmán,Unidad Educativa Iguembe,Iguembe,Uninominal,-20.55215,-63.7504,4,.,.
Bolivia,Chuquisaca,Sud Cinti,Las Carreras,Unidad Educativa Impora,Impora,Uninominal,-21.36126,-65.27929,5,.,.
Bolivia,Chuquisaca,Hernando Siles,Monteagudo,Unidad Educativa Ingavi,El Alto,Uninominal,-16.46868,-68.1793,10,.,.
Bolivia,Chuquisaca,Oropeza,Poroma,Unidad Educativa Iru Kkota,Iru Kkota,Uninominal,-18.6862,-65.36794,3,.,.
Bolivia,Chuquisaca,Luis Calvo,Villa Vaca Guzmán,Unidad Educativa Itau,Itau,Uninominal,-20.27766,-63.76336,4,.,.
Bolivia,Chuquisaca,Luis Calvo,Villa Vaca Guzmán,Unidad Educativa Ity,Ity,Uninominal,-19.6085,-63.7644,4,.,.
Bolivia,Chuquisaca,Sud Cinti,Villa Abecia,Unidad Educativa Jailia,Jailia,Uninominal,-20.93037,-65.27052,5,.,.
Bolivia,Chuquisaca,Sud Cinti,Las Carreras,Unidad Educativa Jaime Mendoza,Las Carreras,Uninominal,-21.2103,-65.21003,5,.,.
Bolivia,Chuquisaca,Nor Cinti,San Lucas,Unidad Educativa Japo,Japo,Uninominal,-20.09636,-64.77112,5,.,.
Bolivia,Chuquisaca,Nor Cinti,Camargo,Unidad Educativa Jatun Quinray,Jatun Quinray,Uninominal,-20.5823,-64.9914,5,.,.
Bolivia,Chuquisaca,Azurduy,Tarvita,Unidad Educativa Jesús Maestro,Trojes,Uninominal,-17.3333,-66.1934,27,.,.
Bolivia,Chuquisaca,Nor Cinti,Villa Charcas,Unidad Educativa José Antonio Zampa,Chunchuli,Uninominal,-20.66362,-64.85761,5,.,.
Bolivia,Chuquisaca,Oropeza,Yotala,Unidad Educativa José Villegas,Cachi Mayu,Uninominal,-19.1495,-65.29339,3,.,.
Bolivia,Chuquisaca,Tomina,Tomina,Unidad Educativa Kawasiri,Kawasiri,Uninominal,-19.14396,-64.41315,4,.,.
Bolivia,Chuquisaca,Nor Cinti,San Lucas,Unidad Educativa Kollpa,Kollpa,Uninominal,-20.03951,-64.65379,5,.,.
Bolivia,Chuquisaca,Oropeza,Sucre,Unidad Educativa La Barranca,La Barranca,Uninominal,-18.97461,-65.31851,3,.,.
Bolivia,Chuquisaca,Yamparáez,Tarabuco,Unidad Educativa La Cienega,La Cienega (Y),Uninominal,-19.15368,-64.99545,3,.,.
Bolivia,Chuquisaca,Sud Cinti,Culpina,Unidad Educativa La Cueva,La Cueva,Uninominal,-20.9315,-64.88244,5,.,.
Bolivia,Chuquisaca,Sud Cinti,Culpina,Unidad Educativa La Loma,La Loma,Uninominal,-20.85919,-64.72974,5,.,.
Bolivia,Chuquisaca,Oropeza,Sucre,Unidad Educativa La Palma,Mojotoro,Uninominal,-18.95262,-65.12672,3,.,.
Bolivia,Chuquisaca,Sud Cinti,Las Carreras,Unidad Educativa La Torre,La Torre (SC),Uninominal,-21.2021,-65.2924,5,.,.
Bolivia,Chuquisaca,Nor Cinti,San Lucas,Unidad Educativa Laja Ckasa,Laja Ckasa,Uninominal,-20.19596,-64.94637,5,.,.
Bolivia,Chuquisaca,Sud Cinti,Las Carreras,Unidad Educativa Lime,Lime,Uninominal,-21.2043,-65.2624,5,.,.
Bolivia,Chuquisaca,Nor Cinti,Camargo,Unidad Educativa Lintaca,Lintaca,Uninominal,-20.73311,-65.34542,5,.,.
Bolivia,Chuquisaca,Oropeza,Poroma,Unidad Educativa Los Alamos,Alamos(Zanabria),Uninominal,-18.87337,-65.34219,3,.,.
Bolivia,Chuquisaca,Hernando Siles,Monteagudo,Unidad Educativa Los Arcos,Los Arcos,Uninominal,-20.3155,-64.22605,4,.,.
Bolivia,Chuquisaca,Oropeza,Sucre,Unidad Educativa Luis Espinal,El Chaco,Uninominal,-18.89592,-65.11092,3,.,.
Bolivia,Chuquisaca,Tomina,Sopachui,Unidad Educativa Mama Huasi,Mama Huasi,Uninominal,-19.33403,-64.62706,4,.,.
Bolivia,Chuquisaca,Belisario Boeto,Villa Serrano,Unidad Educativa Mamerto Nava Duran,Lampasillos,Uninominal,-18.94884,-64.37803,4,.,.
Bolivia,Chuquisaca,Nor Cinti,San Lucas,Unidad Educativa Murifaya,Murifaya,Uninominal,-20.13484,-65.00114,5,.,.
Bolivia,Chuquisaca,Nor Cinti,Camargo,Unidad Educativa Muyuquiri,Muyuquiri,Uninominal,-20.49716,-65.14874,5,.,.
Bolivia,Chuquisaca,Azurduy,Azurduy,Unidad Educativa Nicanor Lopez,Azurduy,Uninominal,-20.10486,-64.41391,4,.,.
Bolivia,Chuquisaca,Nor Cinti,San Lucas,Unidad Educativa Ocuri,Ocuri,Uninominal,-20.21683,-65.05057,5,.,.
Bolivia,Chuquisaca,Nor Cinti,San Lucas,Unidad Educativa Padcoyo,Padcoyo,Uninominal,-20.23535,-65.15222,5,.,.
Bolivia,Chuquisaca,Nor Cinti,San Lucas,Unidad Educativa Palacio Tambo,Palacio Tambo,Uninominal,-20.21117,-64.9901,5,.,.
Bolivia,Chuquisaca,Oropeza,Poroma,Unidad Educativa Palajla,Palajla,Uninominal,-18.45122,-65.46515,3,.,.
Bolivia,Chuquisaca,Nor Cinti,Camargo,Unidad Educativa Palca Grande,Palca Grande,Uninominal,-20.7456,-65.23849,5,.,.
Bolivia,Chuquisaca,Azurduy,Tarvita,Unidad Educativa Pampas de Leque,Pampas de Leque,Uninominal,-19.72431,-64.57776,4,.,.
Bolivia,Chuquisaca,Tomina,Sopachui,Unidad Educativa Pampas del Carmen,Pampas del Carmen,Uninominal,-19.54599,-64.4129,4,.,.
Bolivia,Chuquisaca,Nor Cinti,San Lucas,Unidad Educativa Pasla,Pasla,Uninominal,-19.94768,-64.78234,5,.,.
Bolivia,Chuquisaca,Sud Cinti,Culpina,Unidad Educativa Pilaya,Carapari (Pilaya),Uninominal,-20.940014,-64.688793,5,.,.
Bolivia,Chuquisaca,Oropeza,Poroma,Unidad Educativa Piocera,Piocera,Uninominal,-18.74838,-65.40269,3,.,.
Bolivia,Chuquisaca,Nor Cinti,San Lucas,Unidad Educativa Pirhuani,Pirhuani,Uninominal,-20.16914,-64.6492,5,.,.
Bolivia,Chuquisaca,Sud Cinti,Culpina,Unidad Educativa Puca Laja,Puca Laja,Uninominal,-20.77685,-64.64645,5,.,.
Bolivia,Chuquisaca,Sud Cinti,Culpina,Unidad Educativa Puca Pampa,Puca Pampa,Uninominal,-20.77545,-64.5965,5,.,.
Bolivia,Chuquisaca,Yamparáez,Yamparáez,Unidad Educativa Pulki Avaroa,Pulqui Avaroa,Uninominal,-19.24094,-65.12865,3,.,.
Bolivia,Chuquisaca,Sud Cinti,Culpina,Unidad Educativa Puma Ckasa,Puma Ckasa,Uninominal,-20.74907,-64.6648,5,.,.
Bolivia,Chuquisaca,Oropeza,Sucre,Unidad Educativa Quila Quila,Quila Quila,Uninominal,-19.11972,-65.377,3,.,.
Bolivia,Chuquisaca,Nor Cinti,Camargo,Unidad Educativa Quirucillani,Quirucillani,Uninominal,-20.49862,-64.88852,5,.,.
Bolivia,Chuquisaca,Hernando Siles,Monteagudo,Unidad Educativa Rebeca De La Vega,Candua,Uninominal,-19.81358,-63.97173,4,.,.
Bolivia,Chuquisaca,Zudáñez,Presto,Unidad Educativa Ricardo Mujia,Presto,Uninominal,-18.92988,-64.93723,3,.,.
Bolivia,Chuquisaca,Hernando Siles,Monteagudo,Unidad Educativa Roldana,Roldana,Uninominal,-19.80378,-64.12152,4,.,.
Bolivia,Chuquisaca,Nor Cinti,San Lucas,Unidad Educativa Rosendo La Fuente,Chiñimayu,Uninominal,-20.3716,-65.01423,5,.,.
Bolivia,Chuquisaca,Oropeza,Sucre,Unidad Educativa Ruffo,Sucre,Uninominal,-19.05783,-65.2886,2,.,.
Bolivia,Chuquisaca,Nor Cinti,San Lucas,Unidad Educativa Sacavillque Chico,Saca Villque Chico,Uninominal,-20.30524,-64.6198,5,.,.
Bolivia,Chuquisaca,Sud Cinti,Culpina,Unidad Educativa Sajlina,Sajlina,Uninominal,-20.80951,-64.99879,5,.,.
Bolivia,Chuquisaca,Yamparáez,Yamparáez,Unidad Educativa Sajpaya,Sajpaya,Uninominal,-19.15392,-65.12679,3,.,.
Bolivia,Chuquisaca,Sud Cinti,Culpina,Unidad Educativa Salitre,Salitre,Uninominal,-20.90935,-64.90742,5,.,.
Bolivia,Chuquisaca,Tomina,El Villar,Unidad Educativa San Blas,San Blas,Uninominal,-19.63341,-64.39065,4,.,.
Bolivia,Chuquisaca,Sud Cinti,Culpina,Unidad Educativa San Francisco,San Francisco,Uninominal,-20.75573,-64.7111,5,.,.
Bolivia,Chuquisaca,Hernando Siles,Huacareta,Unidad Educativa San Jorge De Ipaty,San Jorge de Ipaty,Uninominal,-20.42435,-63.8552,4,.,.
Bolivia,Chuquisaca,Sud Cinti,Las Carreras,Unidad Educativa San Juan,San Juan,Uninominal,-21.21964,-65.21146,5,.,.
Bolivia,Chuquisaca,Nor Cinti,San Lucas,Unidad Educativa San Pedro De Huanaya,San Pedro de Huanaya,Uninominal,-20.28096,-64.69353,5,.,.
Bolivia,Chuquisaca,Azurduy,Azurduy,Unidad Educativa San Roque,San Roque,Uninominal,-20.13545,-64.51511,4,.,.
Bolivia,Chuquisaca,Oropeza,Poroma,Unidad Educativa Sanabria,Sanabria,Uninominal,-18.93845,-65.33897,3,.,.
Bolivia,Chuquisaca,Azurduy,Azurduy,Unidad Educativa Santa Rosa,Santa Rosa,Uninominal,-19.88058,-64.3904,4,.,.
Bolivia,Chuquisaca,Yamparáez,Tarabuco,Unidad Educativa Sarufaya,Sarufaya,Uninominal,-19.1101,-64.80127,3,.,.
Bolivia,Chuquisaca,Tomina,Tomina,Unidad Educativa Seccional Fuerte Rua,Fuerte Rua,Uninominal,-19.24193,-64.49466,4,.,.
Bolivia,Chuquisaca,Tomina,Sopachui,Unidad Educativa Seccional Milanes,Milanes,Uninominal,-19.5312,-64.47321,4,.,.
Bolivia,Chuquisaca,Oropeza,Poroma,Unidad Educativa Sijcha Alta,Sijcha Alta,Uninominal,-18.92584,-65.30686,3,.,.
Bolivia,Chuquisaca,Oropeza,Sucre,Unidad Educativa Simón Bolivar La Palca,La Palca,Uninominal,-18.62139,-65.24233,3,.,.
Bolivia,Chuquisaca,Oropeza,Sucre,Unidad Educativa Soico,Soico,Uninominal,-18.81216,-65.26456,3,.,.
Bolivia,Chuquisaca,Zudáñez,Villa Ricardo Mugia - Icla,Unidad Educativa Soroma,Soroma,Uninominal,-19.50851,-64.82072,3,.,.
Bolivia,Chuquisaca,Yamparáez,Yamparáez,Unidad Educativa Sotomayor,Sotomayor,Uninominal,-19.3425,-64.99535,3,.,.
Bolivia,Chuquisaca,Sud Cinti,Culpina,Unidad Educativa Sumaya,Sumaya,Uninominal,-20.75736,-64.78716,5,.,.
Bolivia,Chuquisaca,Nor Cinti,Camargo,Unidad Educativa Suquistaca,Suquistaca,Uninominal,-20.38414,-65.09431,5,.,.
Bolivia,Chuquisaca,Tomina,Padilla,Unidad Educativa Susana Duran,Corey,Uninominal,-19.42285,-64.00618,4,.,.
Bolivia,Chuquisaca,Nor Cinti,Camargo,Unidad Educativa Tacaquira,Tacaquira,Uninominal,-20.54018,-65.14967,5,.,.
Bolivia,Chuquisaca,Nor Cinti,San Lucas,Unidad Educativa Tambillos,Tambillos,Uninominal,-20.04161,-65.27066,5,.,.
Bolivia,Chuquisaca,Nor Cinti,San Lucas,Unidad Educativa Tambo Ckasa,Tambo Ckasa,Uninominal,-20.33026,-64.7476,5,.,.
Bolivia,Chuquisaca,Sud Cinti,Las Carreras,Unidad Educativa Taraya,Taraya,Uninominal,-21.42857,-65.24155,5,.,.
Bolivia,Chuquisaca,Sud Cinti,Villa Abecia,Unidad Educativa Tarcana,Tarcana,Uninominal,-21.0909,-65.26554,5,.,.
Bolivia,Chuquisaca,Tomina,Padilla,Unidad Educativa Telemina Barja,El Rosal,Uninominal,-19.4771,-64.175,4,.,.
Bolivia,Chuquisaca,Sud Cinti,Culpina,Unidad Educativa Tojlasa,Tojlasa,Uninominal,-20.85254,-64.91499,5,.,.
Bolivia,Chuquisaca,Zudáñez,Presto,Unidad Educativa Tomoroco,El Peral,Uninominal,-18.97326,-64.88657,3,.,.
Bolivia,Chuquisaca,Nor Cinti,San Lucas,Unidad Educativa Torojchi,Torojchi,Uninominal,-19.99369,-64.9986,5,.,.
Bolivia,Chuquisaca,Oropeza,Yotala,Unidad Educativa Tuero Chico,Tuero,Uninominal,-19.33957,-65.21132,3,.,.
Bolivia,Chuquisaca,Nor Cinti,San Lucas,Unidad Educativa Uruchini,Uruchini,Uninominal,-19.87956,-64.98957,5,.,.
Bolivia,Chuquisaca,Oropeza,Poroma,Unidad Educativa Uruguayo,Uruguayo,Uninominal,-18.61396,-65.35072,3,.,.
Bolivia,Chuquisaca,Hernando Siles,Monteagudo,Unidad Educativa Valle Nuevo,Valle Nuevo,Uninominal,-19.9332,-63.98814,4,.,.
Bolivia,Chuquisaca,Oropeza,Yotala,Unidad Educativa Victor Sandi,Mosoj Llajta,Uninominal,-19.15815,-65.24226,3,.,.
Bolivia,Chuquisaca,Tomina,Tomina,Unidad Educativa Villa Flores,Villa Flores,Uninominal,-19.30332,-64.55251,4,.,.
Bolivia,Chuquisaca,Oropeza,Poroma,Unidad Educativa Yanani,Yanani,Uninominal,-18.59779,-65.43656,3,.,.
Bolivia,Chuquisaca,Oropeza,Sucre,Universidad del Valle UNIVALLE (Temporal),Sucre,Uninominal,-19.027564,-65.25973,2,.,.
Bolivia,Chuquisaca,Oropeza,Yotala,Posta De Salud Y Salón De La Comunidad,Pulqui,Uninominal,-19.24057,-65.1908,3,.,.
Bolivia,Chuquisaca,Oropeza,Sucre,Salón Multifuncional San Juan Cachimayu,San Juan de Cachimayu,Uninominal,-19.08966,-65.30952,3,.,.
Bolivia,Chuquisaca,Oropeza,Sucre,U.E. Gastón Vilar Casso,Sucre,Uninominal,-19.011135,-65.285374,2,.,.
Bolivia,Chuquisaca,Yamparáez,Tarabuco,U. Edu. Salvador Gómez Rodriguez,Rincñn Lupiara,Uninominal,-19.27787,-64.76074,3,.,.
Bolivia,Chuquisaca,Belisario Boeto,Villa Serrano,Escuela René Anibarro Gómez,Piedra Grande,Uninominal,-18.8268,-64.396,4,.,.
Bolivia,Chuquisaca,Luis Calvo,Macharetí,Unidad Educativa Manuel Mariano Gómez,La Victoria,Uninominal,-20.53849,-63.06475,4,.,.
Bolivia,Chuquisaca,Oropeza,Sucre,Salón Multifuncional Satélite,Sucre,Uninominal,-19.03355,-65.27765,2,.,.
Bolivia,Cochabamba,Quillacollo,Quillacollo,(Cárcel) Penal San Pablo,Quillacollo,Uninominal,-17.3999,-66.2821,28,.,.
Bolivia,Cochabamba,Arani,Arani,(Cárcel) Penitenciaria Arani,Arani,Uninominal,-17.573328,-65.770415,25,.,.
Bolivia,Cochabamba,Chapare,Sacaba,(Cárcel) Penitenciaria El Abra,Quintanilla,Uninominal,-17.4049,-66.1157,23,.,.
Bolivia,Cochabamba,Cercado,Cochabamba,(Cárcel) Penitenciaria San Antonio,Cochabamba,Uninominal,-17.4032,-66.157,21,.,.
Bolivia,Cochabamba,Chapare,Sacaba,(Cárcel) Penitenciaria San Pedro (Sacaba),Sacaba,Uninominal,-17.4059,-66.0413,23,.,.
Bolivia,Cochabamba,Cercado,Cochabamba,(Cárcel) Penitenciaria San Sebastian  Varones,Cochabamba,Uninominal,-17.3979,-66.1599,21,.,.
Bolivia,Cochabamba,Cercado,Cochabamba,(Cárcel) Penitenciaria San Sebastian Mujeres,Cochabamba,Uninominal,-17.3986,-66.1606,21,.,.
Bolivia,Cochabamba,Quillacollo,Tiquipaya,Aldeas S.O.S,Linde - Chiquicollo,Uninominal,-17.351131,-66.193337,27,.,.
Bolivia,Cochabamba,Cercado,Cochabamba,CEMA Centro Frutillitas,Cochabamba,Uninominal,-17.3855,-66.166701,22,.,.
Bolivia,Cochabamba,Cercado,Cochabamba,Campo Ferial,Cochabamba,Uninominal,-17.4183,-66.1295,21,.,.
Bolivia,Cochabamba,Cercado,Cochabamba,Cancha polifuncional y Facultad de Desarrollo Rural y Tierras (Temporal),Cochabamba,Uninominal,-17.4524,-66.1294,21,.,.
Bolivia,Cochabamba,Esteban Arze,Arbieto,Centro Educativo German Busch - Arbieto,Arbieto,Uninominal,-17.5855,-66.0172,26,.,.
Bolivia,Cochabamba,Cercado,Cochabamba,Centro Educativo P.  Maria Auxiliadora,Cochabamba,Uninominal,-17.4358,-66.1595,22,.,.
Bolivia,Cochabamba,Cercado,Cochabamba,Centro Educativo San Francisco De Asis,Cochabamba,Uninominal,-17.43185485,-66.15645537,22,.,.
Bolivia,Cochabamba,Cercado,Cochabamba,Centro Inmaculada Concepcion,Cochabamba,Uninominal,-17.377,-66.1577,20,.,.
Bolivia,Cochabamba,Cercado,Cochabamba,Centro Integrado El Salvador S-Vera Cruz,Cochabamba,Uninominal,-17.4604,-66.1243,21,.,.
Bolivia,Cochabamba,Quillacollo,Quillacollo,Centro Integral Niño Jesus Fe y Alegria,Piñami,Uninominal,-17.387804,-66.254936,28,.,.
Bolivia,Cochabamba,Quillacollo,Quillacollo,Centro Internado Misicuni,Misicuni,Uninominal,-17.1265,-66.3219,28,.,.
Bolivia,Cochabamba,Cercado,Cochabamba,Centro Kanata,Cochabamba,Uninominal,-17.4139,-66.1593,22,.,.
Bolivia,Cochabamba,Cercado,Cochabamba,Centro Particular Geronimo De Osorio,Cochabamba,Uninominal,-17.397,-66.1866,22,.,.
Bolivia,Cochabamba,Carrasco,Puerto Villarroel,Centro Polifuncional Cesarzama,Cesar Zama (Pto. Villarroel),Uninominal,-16.99835,-65.074719,24,.,.
Bolivia,Cochabamba,Carrasco,Pocona,Centro de Atencion Al Turista,Incallajta,Uninominal,-17.6077,-65.4147,25,.,.
Bolivia,Cochabamba,Punata,Villa Rivero,Col. Tec. Ind. Comunitario Marcelo Quiroga,Aramasi,Uninominal,-17.605,-65.8789,25,.,.
Bolivia,Cochabamba,Carrasco,Totora,Colegio 8 de Septiembre,Copachuncho,Uninominal,-17.718,-65.0871,25,.,.
Bolivia,Cochabamba,Cercado,Cochabamba,Colegio Abaroa,Cochabamba,Uninominal,-17.3954,-66.1585,21,.,.
Bolivia,Cochabamba,Cercado,Cochabamba,Colegio Albert Einstein,Cochabamba,Uninominal,-17.3847,-66.1752,20,.,.
Bolivia,Cochabamba,Cercado,Cochabamba,Colegio Aleman Santa Maria,Cochabamba,Uninominal,-17.3912,-66.1527,21,.,.
Bolivia,Cochabamba,Germán Jordán,Toco,Colegio Ambrosini,Toco,Uninominal,-17.6297,-65.9278,25,.,.
Bolivia,Cochabamba,Cercado,Cochabamba,Colegio Amor de Dios,Cochabamba,Uninominal,-17.4073,-66.1501,21,.,.
Bolivia,Cochabamba,Cercado,Cochabamba,Colegio Boliviano Argentino,Cochabamba,Uninominal,-17.3916,-66.1581,21,.,.
Bolivia,Cochabamba,Cercado,Cochabamba,Colegio Branco Petricevic,Cochabamba,Uninominal,-17.3737,-66.1878,20,.,.
Bolivia,Cochabamba,Cercado,Cochabamba,Colegio Buenas Nuevas C,Cochabamba,Uninominal,-17.419,-66.1461,21,.,.
Bolivia,Cochabamba,Ayopaya,Ayopaya (Villa de Independencia),Colegio Chamacoma,Chamacoma,Uninominal,-17.4073,-66.7032,27,.,.
Bolivia,Cochabamba,Quillacollo,Quillacollo,Colegio Cristina Prada,Quillacollo,Uninominal,-17.3927,-66.279,28,.,.
Bolivia,Cochabamba,Cercado,Cochabamba,Colegio Cristo Rey,Cochabamba,Uninominal,-17.3906,-66.172,20,.,.
Bolivia,Cochabamba,Carrasco,Puerto Villarroel,Colegio Eduardo Avaroa (P.Villarroel),Puerto Villarroel,Uninominal,-16.8392,-64.7949,24,.,.
Bolivia,Cochabamba,Cercado,Cochabamba,Colegio Federico Froebel,Cochabamba,Uninominal,-17.3618,-66.1473,20,.,.
Bolivia,Cochabamba,Chapare,Villa Tunari,Colegio Francisco Vignaud,Villa Tunari,Uninominal,-16.9751,-65.4247,24,.,.
Bolivia,Cochabamba,Chapare,Sacaba,Colegio Franz Tamayo (Chiñata),Chiñata,Uninominal,-17.4305,-65.9809,23,.,.
Bolivia,Cochabamba,Cercado,Cochabamba,Colegio Hispano Boliviano,Cochabamba,Uninominal,-17.3977,-66.1518,21,.,.
Bolivia,Cochabamba,Cercado,Cochabamba,Colegio Irlandes,Cochabamba,Uninominal,-17.376,-66.1373,20,.,.
Bolivia,Cochabamba,Cercado,Cochabamba,Colegio Ismael Montes O Luis Espinal,Cochabamba,Uninominal,-17.4156,-66.1446,21,.,.
Bolivia,Cochabamba,Cercado,Cochabamba,Colegio Jaime Escalante,Cochabamba,Uninominal,-17.368,-66.1581,20,.,.
Bolivia,Cochabamba,Tiraque,Tiraque,Colegio Juan José Carrasco,Tiraque,Uninominal,-17.4239,-65.7215,25,.,.
Bolivia,Cochabamba,Carrasco,Puerto Villarroel,Colegio Juan Pablo II (Sacta),Valle de Sacta,Uninominal,-17.1197,-64.769,24,.,.
Bolivia,Cochabamba,Germán Jordán,Cliza,Colegio Juan de Dios Balderrama,Cliza,Uninominal,-17.5912,-65.9337,26,.,.
Bolivia,Cochabamba,Cercado,Cochabamba,Colegio La Salle,Cochabamba,Uninominal,-17.3894,-66.1608,21,.,.
Bolivia,Cochabamba,Cercado,Cochabamba,Colegio La Salle Fiscal,Cochabamba,Uninominal,-17.4049,-66.1674,21,.,.
Bolivia,Cochabamba,Cercado,Cochabamba,Colegio Laura Vicuña,Cochabamba,Uninominal,-17.4425,-66.1918,22,.,.
Bolivia,Cochabamba,Carrasco,Puerto Villarroel,Colegio Libertad,Libertad,Uninominal,-17.0736,-64.8454,24,.,.
Bolivia,Cochabamba,Cercado,Cochabamba,Colegio Loyola,Cochabamba,Uninominal,-17.3873,-66.1466,20,.,.
Bolivia,Cochabamba,Cercado,Cochabamba,Colegio Luis Quintin Vila,Cochabamba,Uninominal,-17.3754,-66.1864,20,.,.
Bolivia,Cochabamba,Carrasco,Puerto Villarroel,Colegio Marcelo Quiroga Santa Cruz,Mariposas,Uninominal,-17.0115,-65.041,24,.,.
Bolivia,Cochabamba,Cercado,Cochabamba,Colegio Marista,Cochabamba,Uninominal,-17.36176994,-66.16225299,20,.,.
Bolivia,Cochabamba,Cercado,Cochabamba,Colegio Marista Nuestra Señora Del Pilar,Cochabamba,Uninominal,-17.3547,-66.1675,20,.,.
Bolivia,Cochabamba,Cercado,Cochabamba,Colegio Maryknoll,Cochabamba,Uninominal,-17.3777,-66.1675,20,.,.
Bolivia,Cochabamba,Quillacollo,Colcapirhua,Colegio Max Fernandez,Sumunpaya,Uninominal,-17.3958,-66.2313,28,.,.
Bolivia,Cochabamba,Chapare,Villa Tunari,Colegio Mixto Tecnico Hum. Villa Bolivar,Villa Bolivar,Uninominal,-16.6312,-65.7408,24,.,.
Bolivia,Cochabamba,Esteban Arze,Tarata,Colegio My. Victor Ustariz,Tarata,Uninominal,-17.6089,-66.0244,26,.,.
Bolivia,Cochabamba,Quillacollo,Quillacollo,Colegio Nacional Calama (Nueva Infraestructura),Cotapachi,Uninominal,-17.4118,-66.272,28,.,.
Bolivia,Cochabamba,Cercado,Cochabamba,Colegio Nacional Mixto Cochabamba,Cochabamba,Uninominal,-17.3638,-66.1764,20,.,.
Bolivia,Cochabamba,Germán Jordán,Cliza,Colegio Nacional Mixto Ucureña,Ucureña,Uninominal,-17.5809,-65.9067,26,.,.
Bolivia,Cochabamba,Chapare,Sacaba,Colegio Nataniel Aguirre,Aguirre,Uninominal,-17.3727,-65.83,23,.,.
Bolivia,Cochabamba,Chapare,Villa Tunari,Colegio Nueva Tacopaya,Nueva Tacopaya,Uninominal,-16.5682,-65.6765,24,.,.
Bolivia,Cochabamba,Quillacollo,Colcapirhua,Colegio Padre Andrés Cuschieri,Santa Rosa (Colcapirhua),Uninominal,-17.379705,-66.216429,28,.,.
Bolivia,Cochabamba,Cercado,Cochabamba,Colegio Paulo VI,Cochabamba,Uninominal,-17.3896,-66.1697,20,.,.
Bolivia,Cochabamba,Mizque,Mizque,Colegio Pedro Ignacio Rivero,Mizque,Uninominal,-17.9398,-65.3458,25,.,.
Bolivia,Cochabamba,Cercado,Cochabamba,Colegio Pio XII,Cochabamba,Uninominal,-17.402,-66.1545,21,.,.
Bolivia,Cochabamba,Chapare,Sacaba,Colegio Puerto Mejillones,Pacata,Uninominal,-17.3722,-66.1301,23,.,.
Bolivia,Cochabamba,Chapare,Sacaba,Colegio Quintanilla,Quintanilla,Uninominal,-17.3848,-66.1099,23,.,.
Bolivia,Cochabamba,Ayopaya,Morochata,Colegio René Barrientos Ortuño -Piusilla,Piusillas,Uninominal,-17.2304,-66.4938,27,.,.
Bolivia,Cochabamba,Chapare,Sacaba,Colegio René Fernandez Becerra,Melga,Uninominal,-17.4262,-65.9148,23,.,.
Bolivia,Cochabamba,Cercado,Cochabamba,Colegio Richard Von Weizacker,Cochabamba,Uninominal,-17.3784,-66.1818,20,.,.
Bolivia,Cochabamba,Cercado,Cochabamba,Colegio San Antonio De Pucara,Cochabamba,Uninominal,-17.4545,-66.1666,22,.,.
Bolivia,Cochabamba,Cercado,Cochabamba,Colegio San Francisco (Villa Pagador),Cochabamba,Uninominal,-17.435,-66.1156,21,.,.
Bolivia,Cochabamba,Cercado,Cochabamba,Colegio San Francisco de Asis,Cochabamba,Uninominal,-17.43150307,-66.15676763,22,.,.
Bolivia,Cochabamba,Quillacollo,Tiquipaya,Colegio San Miguel (Tiquipaya),Tiquipaya,Uninominal,-17.3365,-66.2195,27,.,.
Bolivia,Cochabamba,Cercado,Cochabamba,Colegio San Rafael,Cochabamba,Uninominal,-17.3982,-66.1395,20,.,.
Bolivia,Cochabamba,Cercado,Cochabamba,Colegio Santa Luisa Marillac,Cochabamba,Uninominal,-17.4288,-66.1297,21,.,.
Bolivia,Cochabamba,Cercado,Cochabamba,Colegio Santo Domingo Savio,Cochabamba,Uninominal,-17.4209,-66.1592,22,.,.
Bolivia,Cochabamba,Cercado,Cochabamba,Colegio Sebastian Pagador,Cochabamba,Uninominal,-17.4396,-66.1181,21,.,.
Bolivia,Cochabamba,Ayopaya,Cocapata,Colegio Secundario Cocapata,Cocapata,Uninominal,-16.7972,-66.6698,27,.,.
Bolivia,Cochabamba,Cercado,Cochabamba,Colegio Sergio Almaraz Paz,Cochabamba,Uninominal,-17.4215,-66.1598,22,.,.
Bolivia,Cochabamba,Chapare,Sacaba,Colegio Señor De Mayo,Pacata,Uninominal,-17.3735,-66.118,23,.,.
Bolivia,Cochabamba,Punata,San Benito (Villa José Quintín Mendoza),Colegio Simon Bolivar (Huaricaya),Huaricaya,Uninominal,-17.5258,-65.9228,26,.,.
Bolivia,Cochabamba,Quillacollo,Tiquipaya,Colegio Simon Bolivar (Tiquipaya),Tiquipaya,Uninominal,-17.3362,-66.2203,27,.,.
Bolivia,Cochabamba,Ayopaya,Ayopaya (Villa de Independencia),Colegio Simon Bolivar Fe y Alegria,Icoya Kami,Uninominal,-17.3846,-66.8146,27,.,.
Bolivia,Cochabamba,Cercado,Cochabamba,Colegio Tecnico Humanistico Abaroa,Cochabamba,Uninominal,-17.3979,-66.1801,22,.,.
Bolivia,Cochabamba,Campero,Pasorapa,Colegio Tte.Cnel. Nataniel Verduguez,Pasorapa,Uninominal,-18.3163,-64.676,25,.,.
Bolivia,Cochabamba,Carrasco,Pojo,Colegio Venancio Loss,Pojo,Uninominal,-17.7549,-64.8663,25,.,.
Bolivia,Cochabamba,Cercado,Cochabamba,Colegio Venezuela,Cochabamba,Uninominal,-17.38,-66.1743,20,.,.
Bolivia,Cochabamba,Cercado,Cochabamba,Colegio Venjamnin,Cochabamba,Uninominal,-17.4255,-66.1235,21,.,.
Bolivia,Cochabamba,Germán Jordán,Tolata,Colegio Victor Rosales,Tolata,Uninominal,-17.5331,-65.9641,26,.,.
Bolivia,Cochabamba,Cercado,Cochabamba,Colegio Yugoslavia ( Ex Mariscal Santa Cruz),Cochabamba,Uninominal,-17.4142,-66.1576,22,.,.
Bolivia,Cochabamba,Esteban Arze,Anzaldo,Esc. Esteban Andia Escobar - Paccha Pata,Paccha Pata,Uninominal,-17.7033,-65.9457,26,.,.
Bolivia,Cochabamba,Quillacollo,Sipesipe,Esc. René Barrientos Ortuño (Itapaya),Itapaya,Uninominal,-17.58,-66.3264,26,.,.
Bolivia,Cochabamba,Cercado,Cochabamba,Esc. Republica Del Peru O I. Vasquez,Cochabamba,Uninominal,-17.4151,-66.1663,22,.,.
Bolivia,Cochabamba,Tapacarí,Tapacarí,Escuela  Challa Grande,Challa Grande,Uninominal,-17.7061,-66.6425,27,.,.
Bolivia,Cochabamba,Quillacollo,Quillacollo,Escuela 12 de Septiembre,Quillacollo,Uninominal,-17.4117,-66.2793,28,.,.
Bolivia,Cochabamba,Ayopaya,Cocapata,Escuela 15 de Febrero (El Choro),El Choro,Uninominal,-16.7941,-66.6511,27,.,.
Bolivia,Cochabamba,Campero,Aiquile,Escuela 20 de Diciembre,Aiquile,Uninominal,-18.2033,-65.179,25,.,.
Bolivia,Cochabamba,Ayopaya,Morochata,Escuela 26 de Mayo - Chaupisuyo B,"Chaupisuyo ""B""",Uninominal,-17.3095,-66.5517,27,.,.
Bolivia,Cochabamba,Chapare,Villa Tunari,Escuela 27 de Mayo,Aguayrenda,Especial,-21.860925,-63.637666,4,.,.
Bolivia,Cochabamba,Chapare,Sacaba,Escuela 6 de Junio - Tacopoca,Lava Lava,Uninominal,-17.4119,-66.0266,23,.,.
Bolivia,Cochabamba,Punata,Punata,Escuela Adela Zamudio,Punata,Uninominal,-17.5425,-65.8355,26,.,.
Bolivia,Cochabamba,Arque,Tacopaya,Escuela Adolfo Mercado,Tacopaya,Uninominal,-17.836,-66.5361,27,.,.
Bolivia,Cochabamba,Mizque,Mizque,Escuela Aguada,Aguada,Uninominal,-18.0027,-65.3069,25,.,.
Bolivia,Cochabamba,Punata,Punata,Escuela Andres Maria Torrico,Punata,Uninominal,-17.5441,-65.8344,26,.,.
Bolivia,Cochabamba,Capinota,Capinota,Escuela Apillapampa,Apillapampa,Uninominal,-17.8623,-66.255,26,.,.
Bolivia,Cochabamba,Carrasco,Puerto Villarroel,Escuela Ayopaya (P.Villaroel),Ayopaya (Pto. Villarroel),Uninominal,-16.9075,-64.9993,24,.,.
Bolivia,Cochabamba,Cercado,Cochabamba,Escuela Bolivar,Cochabamba,Uninominal,-17.402,-66.1572,21,.,.
Bolivia,Cochabamba,Quillacollo,Sipesipe,Escuela Bolviana Americana,Mallco Rancho,Uninominal,-17.4197,-66.364,26,.,.
Bolivia,Cochabamba,Carrasco,Puerto Villarroel,Escuela Buenas Nuevas (Valle Ivirza),Valle Ivirza,Uninominal,-17.1166,-64.9179,24,.,.
Bolivia,Cochabamba,Cercado,Cochabamba,Escuela Buenas Nuevas A,Cochabamba,Uninominal,-17.4199,-66.1457,21,.,.
Bolivia,Cochabamba,Cercado,Cochabamba,Escuela Camara Junior,Cochabamba,Uninominal,-17.4282,-66.1597,22,.,.
Bolivia,Cochabamba,Cercado,Cochabamba,Escuela Carlos Medinaceli,Cochabamba,Uninominal,-17.448,-66.1459,22,.,.
Bolivia,Cochabamba,Chapare,Sacaba,Escuela Carlos Peredo Sandoval,Huayllani,Uninominal,-17.3939,-66.0591,23,.,.
Bolivia,Cochabamba,Cercado,Cochabamba,Escuela Ceferino Namuncura,Cochabamba,Uninominal,-17.4422,-66.2296,22,.,.
Bolivia,Cochabamba,Capinota,Capinota,Escuela Central Marcavi,Mollini,Uninominal,-17.6857,-66.1949,26,.,.
Bolivia,Cochabamba,Campero,Omereque,Escuela Central Peña Colorada,Peña Colorada,Uninominal,-18.172,-64.8705,25,.,.
Bolivia,Cochabamba,Campero,Pasorapa,Escuela Central Quinori,Quinori,Uninominal,-18.5031,-64.3966,25,.,.
Bolivia,Cochabamba,Cercado,Cochabamba,Escuela Central Taquiña A,Cochabamba,Uninominal,-17.3438,-66.1783,20,.,.
Bolivia,Cochabamba,Cercado,Cochabamba,Escuela Central Taquiña C,Cochabamba,Uninominal,-17.3427,-66.1786,20,.,.
Bolivia,Cochabamba,Carrasco,Puerto Villarroel,Escuela Central Villa Nueva,Villa Nueva,Uninominal,-17.1142,-65.0024,24,.,.
Bolivia,Cochabamba,Ayopaya,Cocapata,Escuela Choquecamata (Falsuri),Falsuri,Uninominal,-16.8387,-66.6307,27,.,.
Bolivia,Cochabamba,Tapacarí,Tapacarí,Escuela Chuñu Chuñini,Chuñu Chuñuni,Uninominal,-17.7008,-66.593,27,.,.
Bolivia,Cochabamba,Chapare,Sacaba,Escuela Copacabana,Chacacollo,Uninominal,-17.3915,-66.0975,23,.,.
Bolivia,Cochabamba,Tiraque,Tiraque,Escuela Cotani Bajo,Cotani,Uninominal,-17.381,-65.7866,25,.,.
Bolivia,Cochabamba,Bolivar,Bolivar,Escuela Coyuma,Coyuma,Uninominal,-18.0853,-66.7405,27,.,.
Bolivia,Cochabamba,Chapare,Villa Tunari,Escuela Cristal Mayu,Cristal Mayu,Uninominal,-17.0062,-65.644,24,.,.
Bolivia,Cochabamba,Punata,Villa Gualberto Villarroel,Escuela Cuchu Muela,Villa Gualberto Villarroel (Cuchumuela),Uninominal,-17.652,-65.7949,25,.,.
Bolivia,Cochabamba,Mizque,Alalay,Escuela Dr. Demetrio Canelas,Ayapampa,Uninominal,-17.7665,-65.6088,25,.,.
Bolivia,Cochabamba,Arque,Arque,Escuela E Internado Dario Antezana V.,Ovejeria Larama,Uninominal,-17.949,-66.29,27,.,.
Bolivia,Cochabamba,Carrasco,Entre Ríos,Escuela Eduardo Avaroa (Isarzama),Isarzama,Uninominal,-17.1393,-64.6812,24,.,.
Bolivia,Cochabamba,Esteban Arze,Sacabamba,Escuela Eliseo Torrico - Sacabamba,Sacabamba,Uninominal,-17.817,-65.7757,25,.,.
Bolivia,Cochabamba,Arque,Tacopaya,Escuela Elizardo Perez (Totorapampa),Totora Pampa,Uninominal,-17.884,-66.6155,27,.,.
Bolivia,Cochabamba,Esteban Arze,Tarata,Escuela Esteban Arze,Tarata,Uninominal,-17.6107,-66.0237,26,.,.
Bolivia,Cochabamba,Quillacollo,Tiquipaya,Escuela Eugenia Ravasco,Rumi Mayu (Tiquipaya),Uninominal,-17.3625,-66.2074,27,.,.
Bolivia,Cochabamba,Cercado,Cochabamba,Escuela Eusebio Tudela,Cochabamba,Uninominal,-17.4457,-66.2106,22,.,.
Bolivia,Cochabamba,Punata,San Benito (Villa José Quintín Mendoza),Escuela Experimental Paracaya,Paracaya,Uninominal,-17.5135,-65.857,26,.,.
Bolivia,Cochabamba,Arani,Vacas,Escuela Experimental Vacas,Vacas,Uninominal,-17.5754,-65.5817,25,.,.
Bolivia,Cochabamba,Quillacollo,Quillacollo,Escuela Felix Martinez,Piñami,Uninominal,-17.3877,-66.2527,28,.,.
Bolivia,Cochabamba,Quillacollo,Quillacollo,Escuela Fidelia C. De Sanchez,Quillacollo,Uninominal,-17.3987,-66.2806,28,.,.
Bolivia,Cochabamba,Cercado,Cochabamba,Escuela Fiscal Juan XXIII A,Cochabamba,Uninominal,-17.3898,-66.2021,22,.,.
Bolivia,Cochabamba,Cercado,Cochabamba,Escuela Gerardo Vargas,Cochabamba,Uninominal,-17.4397,-66.1285,21,.,.
Bolivia,Cochabamba,Ayopaya,Morochata,Escuela Gildaro Antezana Rojas,Chinchiri,Uninominal,-17.1844,-66.6097,27,.,.
Bolivia,Cochabamba,Cercado,Cochabamba,Escuela Gualberto Villarroel,Cochabamba,Uninominal,-17.3893,-66.1435,20,.,.
Bolivia,Cochabamba,Punata,Villa Rivero,Escuela Gualberto Villarroel (V. Rivero),Villa Rivero,Uninominal,-17.6148,-65.817,25,.,.
Bolivia,Cochabamba,Mizque,Mizque,Escuela Guillermo Viscarra,Tujma Baja,Uninominal,-17.9103,-65.3098,25,.,.
Bolivia,Cochabamba,Cercado,Cochabamba,Escuela Gutierrez Mariscal,Cochabamba,Uninominal,-17.3976,-66.1939,22,.,.
Bolivia,Cochabamba,Ayopaya,Morochata,Escuela Hilarion Grageda - Yayani,Yayani,Uninominal,-17.2117,-66.6564,27,.,.
Bolivia,Cochabamba,Mizque,Vila Vila,Escuela Humberto Nogales,Vila Vila,Uninominal,-17.9863,-65.6284,25,.,.
Bolivia,Cochabamba,Cercado,Cochabamba,Escuela IV Centenario,Cochabamba,Uninominal,-17.355,-66.1899,20,.,.
Bolivia,Cochabamba,Quillacollo,Tiquipaya,Escuela Isaac Attie,Linde - Chiquicollo,Uninominal,-17.3695,-66.1954,27,.,.
Bolivia,Cochabamba,Quillacollo,Vinto,Escuela Ismael Montes,La Chulla,Uninominal,-17.3703,-66.3267,27,.,.
Bolivia,Cochabamba,Quillacollo,Colcapirhua,Escuela Jesus Lara,La Florida,Uninominal,-17.3932,-66.2262,28,.,.
Bolivia,Cochabamba,Chapare,Sacaba,Escuela Jesus Terceros,El Castillo,Uninominal,-17.3859,-66.1203,23,.,.
Bolivia,Cochabamba,Bolivar,Bolivar,Escuela Jorenko Villa Verde,Jorenko-Villa Verde,Uninominal,-17.9849,-66.6675,27,.,.
Bolivia,Cochabamba,Cercado,Cochabamba,Escuela José Gabriel De Gumucio,Cochabamba,Uninominal,-17.3844,-66.1672,20,.,.
Bolivia,Cochabamba,Cercado,Cochabamba,Escuela José Maria Santivañez,Cochabamba,Uninominal,-17.3694,-66.1748,20,.,.
Bolivia,Cochabamba,Arque,Arque,Escuela Juana Azurduy - Pongo K'Asa,Pongo Kasa,Uninominal,-17.7105,-66.5501,27,.,.
Bolivia,Cochabamba,Ayopaya,Morochata,Escuela Julio Espinoza Canelas-Punacachi,Punacachi,Uninominal,-17.2512,-66.6113,27,.,.
Bolivia,Cochabamba,Tiraque,Tiraque,Escuela Koari (Nucleo Esc. S. Bolivar),Koari,Uninominal,-17.4792,-65.5763,25,.,.
Bolivia,Cochabamba,Chapare,Villa Tunari,Escuela La Estrella,La Estrella,Uninominal,-16.724,-65.495,24,.,.
Bolivia,Cochabamba,Chapare,Villa Tunari,Escuela La Estrella (San Gabriel),San Gabriel,Uninominal,-16.6753,-65.6271,24,.,.
Bolivia,Cochabamba,Carrasco,Chimoré,Escuela La Mision,La Misiñn,Especial,-16.7141,-65.1484,2,.,.
Bolivia,Cochabamba,Carrasco,Pocona,Escuela Ladislao Cabrera,Chilicchi,Uninominal,-17.6685,-65.3421,25,.,.
Bolivia,Cochabamba,Esteban Arze,Tarata,Escuela Luis Terrazas,Izata,Uninominal,-17.7543,-66.0742,26,.,.
Bolivia,Cochabamba,Chapare,Sacaba,Escuela Man Cesped,Sacaba,Uninominal,-17.4071,-66.0382,23,.,.
Bolivia,Cochabamba,Campero,Aiquile,Escuela Manuel De Ugarte,Aiquile,Uninominal,-18.2004,-65.1826,25,.,.
Bolivia,Cochabamba,Arque,Arque,Escuela Marcelo Quiroga Santa Cruz,Tujsuma,Uninominal,-17.9045,-66.3986,27,.,.
Bolivia,Cochabamba,Ayopaya,Ayopaya (Villa de Independencia),Escuela Mariano Baptista (Calchani),Calchani,Uninominal,-17.3246,-66.6902,27,.,.
Bolivia,Cochabamba,Ayopaya,Morochata,Escuela Mariano Baptista- Morochata,Morochata,Uninominal,-17.2317,-66.5339,27,.,.
Bolivia,Cochabamba,Arque,Tacopaya,Escuela Martin Cardenas (Tujuta),Tujuta,Uninominal,-17.7119,-66.74,27,.,.
Bolivia,Cochabamba,Quillacollo,Vinto,Escuela Martín Cardenas,Vinto,Uninominal,-17.4019,-66.3142,27,.,.
Bolivia,Cochabamba,Cercado,Cochabamba,Escuela Maryknoll,Cochabamba,Uninominal,-17.3713,-66.1615,20,.,.
Bolivia,Cochabamba,Bolivar,Bolivar,Escuela Mejillones,Villa Victoria,Uninominal,-18.0841,-66.6871,27,.,.
Bolivia,Cochabamba,Quillacollo,Vinto,Escuela Melchor Cuadros,Vinto,Uninominal,-17.3958,-66.3169,27,.,.
Bolivia,Cochabamba,Mizque,Mizque,Escuela Mixta Dr. Martin Cardenas,Mina Asientos,Uninominal,-18.2217,-65.5429,25,.,.
Bolivia,Cochabamba,Cercado,Cochabamba,Escuela Mixta Fiscal Temporal A,Cochabamba,Uninominal,-17.3614,-66.1588,20,.,.
Bolivia,Cochabamba,Arani,Arani,Escuela Mixta Pocoata,Pocoata,Uninominal,-17.61,-65.7265,25,.,.
Bolivia,Cochabamba,Tapacarí,Tapacarí,Escuela Monseñor Angel Gelmi,Tita Gallo,Uninominal,-17.6107,-66.56,27,.,.
Bolivia,Cochabamba,Chapare,Sacaba,Escuela Natalio Arauco,Sacaba,Uninominal,-17.4015,-66.0459,23,.,.
Bolivia,Cochabamba,Arque,Arque,Escuela Nataniel Aguirre,Arque,Uninominal,-17.8204,-66.4043,27,.,.
Bolivia,Cochabamba,Ayopaya,Cocapata,Escuela Oscar Alfaro - Villa Vinto,Villa Vinto,Uninominal,-16.8468,-66.4675,27,.,.
Bolivia,Cochabamba,Ayopaya,Cocapata,Escuela Pedro Domingo Murillo -Calientes,Calientes,Uninominal,-17.0123,-66.5527,27,.,.
Bolivia,Cochabamba,Capinota,Santivañez,Escuela Prudencio Arauco (Santivañez),Santivañez,Uninominal,-17.5487,-66.2481,26,.,.
Bolivia,Cochabamba,Esteban Arze,Tarata,Escuela René Barrientos O.,Tarata,Uninominal,-17.6132,-66.024,26,.,.
Bolivia,Cochabamba,Chapare,Sacaba,Escuela René Barrientos Ortuño (Ucuchi),Ucuchi,Uninominal,-17.415,-65.9234,23,.,.
Bolivia,Cochabamba,Cercado,Cochabamba,Escuela Ricardo Prudencio,Cochabamba,Uninominal,-17.421,-66.1401,21,.,.
Bolivia,Cochabamba,Chapare,Villa Tunari,Escuela Samuzabeti,Samuzabeti,Uninominal,-16.8163,-65.5726,24,.,.
Bolivia,Cochabamba,Chapare,Villa Tunari,Escuela San Antonio de Villa Tunari,Villa Tunari,Uninominal,-16.9728,-65.4174,24,.,.
Bolivia,Cochabamba,Germán Jordán,Cliza,Escuela San Isidro,San Isidro,Uninominal,-17.5631,-65.9716,26,.,.
Bolivia,Cochabamba,Chapare,Villa Tunari,Escuela San José (V. Tunari),San Jose (Villa Tunari),Uninominal,-16.8102,-65.4656,24,.,.
Bolivia,Cochabamba,Bolivar,Bolivar,Escuela San Juan de La Comuna,Comuna,Uninominal,-17.9207,-66.4698,27,.,.
Bolivia,Cochabamba,Germán Jordán,Tolata,Escuela Santa Maria (Carcaje),Carcaje,Uninominal,-17.5455,-66.0082,26,.,.
Bolivia,Cochabamba,Esteban Arze,Arbieto,Escuela Seccional Arpita,Arpita,Uninominal,-17.5672,-66.0729,26,.,.
Bolivia,Cochabamba,Esteban Arze,Sacabamba,Escuela Seccional Challaque,Challaque,Uninominal,-17.8316,-65.7569,25,.,.
Bolivia,Cochabamba,Campero,Omereque,Escuela Seccional Chari Chari,Chari Chari,Uninominal,-18.0252,-65.0182,25,.,.
Bolivia,Cochabamba,Ayopaya,Cocapata,Escuela Seccional Machacayma,Machacayma,Uninominal,-16.9002,-66.4086,27,.,.
Bolivia,Cochabamba,Tiraque,Tiraque,Escuela Seccional Pairumani,Pairumani,Uninominal,-17.4773,-65.4874,25,.,.
Bolivia,Cochabamba,Campero,Omereque,Escuela Seccional Perez,Perez,Uninominal,-18.1136,-64.7667,25,.,.
Bolivia,Cochabamba,Arque,Tacopaya,Escuela Seccional René Barrientos,Ventilla,Uninominal,-17.7972,-66.671,27,.,.
Bolivia,Cochabamba,Arani,Vacas,Escuela Seccional Rodeo A,"Rodeo ""A""",Uninominal,-17.6303,-65.6371,25,.,.
Bolivia,Cochabamba,Tiraque,Tiraque,Escuela Seccional Sacabambilla,Sacabambilla,Uninominal,-17.4787,-65.7649,25,.,.
Bolivia,Cochabamba,Quillacollo,Tiquipaya,Escuela Seccional Waripucara,Waripucara,Uninominal,-17.0279,-66.2721,27,.,.
Bolivia,Cochabamba,Carrasco,Puerto Villarroel,Escuela Senda 6,Senda 6,Uninominal,-17.0184,-64.9509,24,.,.
Bolivia,Cochabamba,Campero,Aiquile,Escuela Simon Rodriguez,Tarabuquillo,Uninominal,-19.35414,-64.47535,4,.,.
Bolivia,Cochabamba,Quillacollo,Quillacollo,Escuela Simón Bolivar,Quillacollo,Uninominal,-17.3952,-66.2792,28,.,.
Bolivia,Cochabamba,Germán Jordán,Cliza,Escuela Sucre,Cliza,Uninominal,-17.594,-65.9311,26,.,.
Bolivia,Cochabamba,Quillacollo,Sipesipe,Escuela Sucre (Sipe Sipe),Sipe Sipe,Uninominal,-17.4548,-66.3571,26,.,.
Bolivia,Cochabamba,Bolivar,Bolivar,Escuela Tangalique,Tangaleque,Uninominal,-18.0226,-66.5484,27,.,.
Bolivia,Cochabamba,Quillacollo,Quillacollo,Escuela Tomas Bata,Quillacollo,Uninominal,-17.4022,-66.2806,28,.,.
Bolivia,Cochabamba,Quillacollo,Tiquipaya,Escuela Toribio Claure,Trojes,Uninominal,-17.3447,-66.2043,27,.,.
Bolivia,Cochabamba,Carrasco,Puerto Villarroel,Escuela Toribio Claure (V. Hermoso),Valle Hermoso,Uninominal,-17.1561,-64.9666,24,.,.
Bolivia,Cochabamba,Arque,Tacopaya,Escuela Vicente Donoso (Aguas Calientes),Aguas Calientes,Uninominal,-17.8214,-66.6142,27,.,.
Bolivia,Cochabamba,Capinota,Capinota,Escuela Victor Barrientos,Capinota,Uninominal,-17.714,-66.2647,26,.,.
Bolivia,Cochabamba,Bolivar,Bolivar,Escuela Vilacayma,Vilacayma,Uninominal,-17.9696,-66.5761,27,.,.
Bolivia,Cochabamba,Chapare,Villa Tunari,Escuela Villa 14 de Septiembre,Villa 14 de Septiembre,Uninominal,-16.8437,-65.351,24,.,.
Bolivia,Cochabamba,Cercado,Cochabamba,Escuela Walter Vallejo,Cochabamba,Uninominal,-17.4001,-66.1464,21,.,.
Bolivia,Cochabamba,Cercado,Cochabamba,Escuela Wilge Rodriguez,Cochabamba,Uninominal,-17.392,-66.1513,21,.,.
Bolivia,Cochabamba,Bolivar,Bolivar,Escuela Yarvicoya,Yarvicoya,Uninominal,-18.013,-66.5168,27,.,.
Bolivia,Cochabamba,Cercado,Cochabamba,Hogar Comunitario Disneylandia,Cochabamba,Uninominal,-17.4552,-66.1573,22,.,.
Bolivia,Cochabamba,Cercado,Cochabamba,Instituto Eduardo Laredo,Cochabamba,Uninominal,-17.381,-66.1526,21,.,.
Bolivia,Cochabamba,Quillacollo,Colcapirhua,Instituto María Cristina,Santa Rosa (Colcapirhua),Uninominal,-17.3972,-66.2194,28,.,.
Bolivia,Cochabamba,Quillacollo,Quillacollo,Instituto Particular Quillacollo,Quillacollo,Uninominal,-17.3955,-66.2836,28,.,.
Bolivia,Cochabamba,Chapare,Sacaba,Instituto Tecnico Sacaba (ITSA),Sacaba,Uninominal,-17.4071,-66.0456,23,.,.
Bolivia,Cochabamba,Quillacollo,Quillacollo,Instituto Tecnologico El Paso,El Paso,Uninominal,-17.3497,-66.2566,28,.,.
Bolivia,Cochabamba,Quillacollo,Quillacollo,Kinder Mariscal José Ballivian,Cotapachi,Uninominal,-17.4021,-66.2679,28,.,.
Bolivia,Cochabamba,Cercado,Cochabamba,Liceo  Mercedes Candia De Ovando,Cochabamba,Uninominal,-17.3944,-66.1392,20,.,.
Bolivia,Cochabamba,Cercado,Cochabamba,Liceo Adela Zamudio,Cochabamba,Uninominal,-17.3964,-66.1686,22,.,.
Bolivia,Cochabamba,Quillacollo,Quillacollo,Liceo América,Quillacollo,Uninominal,-17.3989,-66.2817,28,.,.
Bolivia,Cochabamba,Chapare,Sacaba,Liceo De Señoritas Sacaba,Sacaba,Uninominal,-17.404,-66.0449,23,.,.
Bolivia,Cochabamba,Cercado,Cochabamba,Liceo Elena Arze De Arze,Cochabamba,Uninominal,-17.3703,-66.1644,20,.,.
Bolivia,Cochabamba,Cercado,Cochabamba,Liceo Guindalina Loayza,Cochabamba,Uninominal,-17.3811,-66.1663,20,.,.
Bolivia,Cochabamba,Punata,Punata,Liceo Joséfa M. Gandarillas (Ex Sucre),Punata,Uninominal,-17.5479,-65.8379,26,.,.
Bolivia,Cochabamba,Quillacollo,Quillacollo,Normal Simón Rodríguez (Ex Nucleo Escolar Paucarpata),Paucarpata,Uninominal,-17.3632,-66.297,28,.,.
Bolivia,Cochabamba,Capinota,Capinota,Nucleo Central Hornoma,Hornoma,Uninominal,-17.8866,-66.2013,26,.,.
Bolivia,Cochabamba,Mizque,AIOC Raqaypampa,Nucleo Centro Salvia,Salvia,Uninominal,-18.1497,-65.3353,25,.,.
Bolivia,Cochabamba,Quillacollo,Tiquipaya,Nucleo Educativo Chapisirca,Chapisirca,Uninominal,-17.1481,-66.1443,27,.,.
Bolivia,Cochabamba,Carrasco,Chimoré,Nucleo Educativo Entre Rios Tacuaral,Entre Rios (Tacuaral),Uninominal,-17.0809,-65.2078,24,.,.
Bolivia,Cochabamba,Esteban Arze,Anzaldo,Nucleo Educativo La Viña,La Viña,Uninominal,-17.969,-65.8564,26,.,.
Bolivia,Cochabamba,Campero,Aiquile,Nucleo Educativo Tipajara,Tipajara,Uninominal,-18.1344,-65.2803,25,.,.
Bolivia,Cochabamba,Mizque,AIOC Raqaypampa,Nucleo Escolar Beta Raqay Pampa,Raqay Pampa,Uninominal,-18.1912,-65.3826,25,.,.
Bolivia,Cochabamba,Chapare,Colomi,Nucleo Escolar Candelaria,Candelaria,Uninominal,-17.2748,-65.9248,23,.,.
Bolivia,Cochabamba,Bolivar,Bolivar,Nucleo Escolar Carpani,Carpani,Uninominal,-17.9336,-66.6145,27,.,.
Bolivia,Cochabamba,Tapacarí,Tapacarí,Nucleo Escolar Charapaya,Charapaya,Uninominal,-17.3679,-66.7551,27,.,.
Bolivia,Cochabamba,Tapacarí,Tapacarí,Nucleo Escolar Confital,Confital,Uninominal,-17.6788,-66.7297,27,.,.
Bolivia,Cochabamba,Carrasco,Pojo,Nucleo Escolar Duraznillo,Duraznillo,Uninominal,-17.7873,-65.0194,25,.,.
Bolivia,Cochabamba,Campero,Aiquile,Nucleo Escolar El Cercado,El Cercado,Uninominal,-18.1024,-65.1779,25,.,.
Bolivia,Cochabamba,Tiraque,Tiraque,Nucleo Escolar Iluri Grande,Iluri Grande,Uninominal,-17.3967,-65.8259,25,.,.
Bolivia,Cochabamba,Carrasco,Pocona,Nucleo Escolar Ismael Montes,Conda Baja,Uninominal,-17.7234,-65.3839,25,.,.
Bolivia,Cochabamba,Mizque,AIOC Raqaypampa,Nucleo Escolar Laguna Grande,Laguna Grande,Uninominal,-18.3018,-65.3749,25,.,.
Bolivia,Cochabamba,Chapare,Villa Tunari,Nucleo Escolar Nueva Aroma,Nueva Aroma,Uninominal,-16.5624,-65.8259,24,.,.
Bolivia,Cochabamba,Ayopaya,Cocapata,Nucleo Escolar Pedro Laime Chuspi,Rinconada,Uninominal,-16.8596,-66.6773,27,.,.
Bolivia,Cochabamba,Carrasco,Chimoré,Nucleo Escolar Puerto Aurora,Puerto Aurora,Uninominal,-16.848,-65.1863,24,.,.
Bolivia,Cochabamba,Esteban Arze,Sacabamba,Nucleo Escolar Quekoma,Quekoma,Uninominal,-17.7026,-65.8236,25,.,.
Bolivia,Cochabamba,Quillacollo,Vinto,Nucleo Escolar Simon Bolivar (Thiomoko),Thiomoko,Uninominal,-17.3972,-66.3459,27,.,.
Bolivia,Cochabamba,Mizque,Vila Vila,Nucleo Escolar Siquimira,Siquimira,Uninominal,-18.0184,-65.7336,25,.,.
Bolivia,Cochabamba,Mizque,Vila Vila,Nucleo Escolar Sivingani,Sivingani,Uninominal,-17.9151,-65.6872,25,.,.
Bolivia,Cochabamba,Chapare,Colomi,Nucleo Escolar Tablas Monte,Tablas Monte,Uninominal,-17.082,-66.0003,23,.,.
Bolivia,Cochabamba,Campero,Aiquile,Nucleo Escolar Villa Granado,Villa Granado,Uninominal,-18.2092,-65.0377,25,.,.
Bolivia,Cochabamba,Punata,Villa Gualberto Villarroel,Nucleo Escolar Yana Rumi,Yana Rumi,Uninominal,-17.7019,-65.7485,25,.,.
Bolivia,Cochabamba,Ayopaya,Cocapata,Nucleo German Busch (Chillavi),Chillavi,Uninominal,-16.8523,-66.5988,27,.,.
Bolivia,Cochabamba,Capinota,Sicaya,Nucleo Humanistico Sicaya,Sicaya,Uninominal,-17.8005,-66.3328,26,.,.
Bolivia,Cochabamba,Mizque,Mizque,Nucleo José Claure (U. E. San Vicente),San Vicente,Uninominal,-18.1652,-65.5389,25,.,.
Bolivia,Cochabamba,Esteban Arze,Sacabamba,Nucleo Matarani,Matarani,Uninominal,-17.8031,-65.8014,25,.,.
Bolivia,Cochabamba,Mizque,Mizque,Sede Central Campesina (Kuri),Kuri,Uninominal,-17.8322,-65.459,25,.,.
Bolivia,Cochabamba,Carrasco,Totora,Sede De La Junta Vecinal De Epizana,Epizana,Uninominal,-17.6372,-65.229,25,.,.
Bolivia,Cochabamba,Mizque,Mizque,Sede Sindical De Chahuarani Chico,Chahuarani Chico,Uninominal,-18.0599,-65.5235,25,.,.
Bolivia,Cochabamba,Punata,Punata,Sede Sindical Thaco,Punata,Uninominal,-17.5531,-65.8209,26,.,.
Bolivia,Cochabamba,Campero,Pasorapa,Sede Sindical Yajo Pampa,Yajo Pampa,Uninominal,-18.1366,-64.5593,25,.,.
Bolivia,Cochabamba,Quillacollo,Colcapirhua,Sede Social Callaj Chullpa (Colcapirhua),Callaj Chullpa (Colcapirhua),Uninominal,-17.3534,-66.2432,28,.,.
Bolivia,Cochabamba,Capinota,Santivañez,Sede Social Chojtama,Chojtama,Uninominal,-17.546826,-66.270376,26,.,.
Bolivia,Cochabamba,Mizque,Mizque,Sede Social De Tipa Tipa,Tipa Tipa,Uninominal,-18.0992,-65.2688,25,.,.
Bolivia,Cochabamba,Cercado,Cochabamba,Sede Social Sindicato Agrario Taquiña,Cochabamba,Uninominal,-17.34225,-66.178682,20,.,.
Bolivia,Cochabamba,Carrasco,Totora,Sede Social Yungas de Vandiola,Arepucho (Corte),Uninominal,-17.4261,-65.2358,25,.,.
Bolivia,Cochabamba,Quillacollo,Colcapirhua,Sede Social de La O.T.B. Martin Cardenas (Ex Complejo El Carmen),Rumi Mayu (Colcapirhua),Uninominal,-17.3792,-66.2127,28,.,.
Bolivia,Cochabamba,Cercado,Cochabamba,Sede Social de OTB Cerro San Miguel  Alto,Cochabamba,Uninominal,-17.404477,-66.148027,21,.,.
Bolivia,Cochabamba,Ayopaya,Cocapata,Sede Sub - Central Viscachas,Viscachas,Uninominal,-17.1074,-66.4576,27,.,.
Bolivia,Cochabamba,Cercado,Cochabamba,Seminario San José,Cochabamba,Uninominal,-17.3837,-66.1978,22,.,.
Bolivia,Cochabamba,Cercado,Cochabamba,Stadium Municipal (Temporal),Cochabamba,Uninominal,-17.439672,-66.11186,21,.,.
Bolivia,Cochabamba,Capinota,Santivañez,Sub Central Enrique Encinas (Ex Calera),Calera,Uninominal,-17.578,-66.2163,26,.,.
Bolivia,Cochabamba,Quillacollo,Quillacollo,Teofilo Vargas Candia B,Quillacollo,Uninominal,-17.3861,-66.2761,28,.,.
Bolivia,Cochabamba,Arque,Tacopaya,U. E. 12 de Abril,Yarviri Grande,Uninominal,-17.827389,-66.59478,27,.,.
Bolivia,Cochabamba,Cercado,Cochabamba,U. E. 21 de Septiembre,Cochabamba,Uninominal,-17.482205,-66.181012,22,.,.
Bolivia,Cochabamba,Chapare,Sacaba,U. E. 27 de Mayo,Sacaba,Uninominal,-17.424991,-66.050686,23,.,.
Bolivia,Cochabamba,Punata,San Benito (Villa José Quintín Mendoza),U. E. 27 de Mayo (Ex José B. Pereira),Villa Quint?¡n Mendoza (San Benito),Uninominal,-17.5232,-65.8971,26,.,.
Bolivia,Cochabamba,Cercado,Cochabamba,U. E. 8 de Mayo,Cochabamba,Uninominal,-17.390503,-66.161026,21,.,.
Bolivia,Cochabamba,Mizque,Alalay,U. E. Abraham Flores Velasquez,Alalay,Uninominal,-17.7207,-65.6918,25,.,.
Bolivia,Cochabamba,Cercado,Cochabamba,U. E. Alcides Arguedas A.,Cochabamba,Uninominal,-17.439902,-66.161219,22,.,.
Bolivia,Cochabamba,Ayopaya,Ayopaya (Villa de Independencia),U. E. Ascasivi,Ascasive Alto,Uninominal,-17.333,-66.718,27,.,.
Bolivia,Cochabamba,Cercado,Cochabamba,U. E. Ave María,Cochabamba,Uninominal,-17.397765,-66.13866,20,.,.
Bolivia,Cochabamba,Cercado,Cochabamba,U. E. Bolivia Japón Tarde,Cochabamba,Uninominal,-17.428363,-66.157721,22,.,.
Bolivia,Cochabamba,Cercado,Cochabamba,U. E. Canaán,Cochabamba,Uninominal,-17.439799,-66.123194,21,.,.
Bolivia,Cochabamba,Capinota,Santivañez,U. E. Castor Zambrana Huayñacota,Huayñacota,Uninominal,-17.5352,-66.2045,26,.,.
Bolivia,Cochabamba,Chapare,Sacaba,U. E. Challviri,Challviri,Uninominal,-17.132403,-66.10763,23,.,.
Bolivia,Cochabamba,Cercado,Cochabamba,U. E. Cochabamba,Cochabamba,Uninominal,-17.395751,-66.159833,21,.,.
Bolivia,Cochabamba,Cercado,Cochabamba,U. E. Cosmos,Cochabamba,Uninominal,-17.359543,-66.18413,20,.,.
Bolivia,Cochabamba,Ayopaya,Ayopaya (Villa de Independencia),U. E. Cotani,Cotani,Uninominal,-17.259,-66.712,27,.,.
Bolivia,Cochabamba,Ayopaya,Ayopaya (Villa de Independencia),U. E. Cuesta Cuchu,Cuesta K'uchu,Uninominal,-17.399,-66.633,27,.,.
Bolivia,Cochabamba,Cercado,Cochabamba,U. E. El Mirador,Cochabamba,Uninominal,-17.472443,-66.209187,22,.,.
Bolivia,Cochabamba,Cercado,Cochabamba,U. E. El Molino,Cochabamba,Uninominal,-17.44330838,-66.1361811,22,.,.
Bolivia,Cochabamba,Quillacollo,Quillacollo,"U. E. El Paso ""A""",El Paso,Uninominal,-17.338628,-66.267885,28,.,.
Bolivia,Cochabamba,Carrasco,Chimoré,U. E. Ernesto Che Guevara,Chimoré,Uninominal,-16.996686,-65.157556,24,.,.
Bolivia,Cochabamba,Cercado,Cochabamba,U. E. España,Cochabamba,Uninominal,-17.391151,-66.168721,20,.,.
Bolivia,Cochabamba,Tiraque,Shinahota,U. E. Evo Morales Ayma,Shinahota,Uninominal,-16.988214,-65.246566,24,.,.
Bolivia,Cochabamba,Cercado,Cochabamba,U. E. Francisco Javier Baldivieso Luna,Cochabamba,Uninominal,-17.466683,-66.113129,21,.,.
Bolivia,Cochabamba,Quillacollo,Sipesipe,U. E. German Busch,Sauce Rancho,Uninominal,-17.432191,-66.326937,26,.,.
Bolivia,Cochabamba,Chapare,Villa Tunari,U. E. Independencia (Villa Tunari),Independencia (Villa Tunari),Uninominal,-16.4636,-65.8023,24,.,.
Bolivia,Cochabamba,Cercado,Cochabamba,U. E. Isaac Attie,Cochabamba,Uninominal,-17.378091,-66.158643,20,.,.
Bolivia,Cochabamba,Quillacollo,Sipesipe,U. E. Isidoro Carrasco Olguín,Sauce Rancho,Uninominal,-17.415205,-66.31985,26,.,.
Bolivia,Cochabamba,Cercado,Cochabamba,U. E. John Dewey,Cochabamba,Uninominal,-17.364903,-66.173878,20,.,.
Bolivia,Cochabamba,Cercado,Cochabamba,U. E. Jorge Vásquez,Cochabamba,Uninominal,-17.373906,-66.181015,20,.,.
Bolivia,Cochabamba,Quillacollo,Quillacollo,U. E. José Miguel Lanza (Illataco),Illataco,Uninominal,-17.3675,-66.3003,28,.,.
Bolivia,Cochabamba,Carrasco,Entre Ríos,U. E. José Carrasco (Manco Kapac),Entre Rios,Uninominal,-17.1853,-64.5622,24,.,.
Bolivia,Cochabamba,Cercado,Cochabamba,U. E. Juancito Pinto B,Cochabamba,Uninominal,-17.476937,-66.119958,22,.,.
Bolivia,Cochabamba,Ayopaya,Ayopaya (Villa de Independencia),U. E. Lirimani,Lirimani,Uninominal,-17.265,-66.867,27,.,.
Bolivia,Cochabamba,Ayopaya,Ayopaya (Villa de Independencia),U. E. Llajma,Llajma Alto Chamacoma,Uninominal,-17.369,-66.671,27,.,.
Bolivia,Cochabamba,Tiraque,Tiraque,U. E. Luis Espinal Camps,Toralapa Alta,Uninominal,-17.472702,-65.704214,25,.,.
Bolivia,Cochabamba,Cercado,Cochabamba,U. E. Luz y Verdad,Cochabamba,Uninominal,-17.443461,-66.153174,22,.,.
Bolivia,Cochabamba,Punata,Punata,U. E. Manuel A. Villarroel (Ex Bolivar),Punata,Uninominal,-17.5443,-65.8346,26,.,.
Bolivia,Cochabamba,Tiraque,Shinahota,U. E. Marcelo Quiroga Santa Cruz,Cobija,Uninominal,-11.061062,-68.792596,62,.,.
Bolivia,Cochabamba,Quillacollo,Quillacollo,U. E. Milivoy Eterovic Matenda,Cotapachi,Uninominal,-17.3938,-66.2693,28,.,.
Bolivia,Cochabamba,Cercado,Cochabamba,U. E. Nilo Soruco Arancibia,Cochabamba,Uninominal,-17.397715,-66.18245,22,.,.
Bolivia,Cochabamba,Cercado,Cochabamba,U. E. Nuestra Señora de la Merced A,Cochabamba,Uninominal,-17.397455,-66.207304,22,.,.
Bolivia,Cochabamba,Capinota,Sicaya,U. E. Orcoma,Orcoma,Uninominal,-17.749111,-66.355109,26,.,.
Bolivia,Cochabamba,Cercado,Cochabamba,U. E. Oscar Alfaro,Cochabamba,Uninominal,-17.360479,-66.158582,20,.,.
Bolivia,Cochabamba,Capinota,Capinota,U. E. Oscar Unzaga De La Vega,Oruro,Uninominal,-17.942457,-67.114255,29,.,.
Bolivia,Cochabamba,Cercado,Cochabamba,U. E. Padre Luis Diez del Pozo,Cochabamba,Uninominal,-17.443437,-66.196199,22,.,.
Bolivia,Cochabamba,Cercado,Cochabamba,U. E. Patria Nueva,Cochabamba,Uninominal,-17.465193,-66.206,22,.,.
Bolivia,Cochabamba,Cercado,Cochabamba,U. E. Peniel,Cochabamba,Uninominal,-17.439464,-66.117405,21,.,.
Bolivia,Cochabamba,Cercado,Cochabamba,U. E. Pentecostal de Bolivia,Cochabamba,Uninominal,-17.439697,-66.117217,21,.,.
Bolivia,Cochabamba,Capinota,Capinota,U. E. Playa Ancha,Playa Ancha,Uninominal,-17.649308,-66.242402,26,.,.
Bolivia,Cochabamba,Chapare,Sacaba,U. E. Plurinacional,Lava Lava,Uninominal,-17.441158,-66.018051,23,.,.
Bolivia,Cochabamba,Quillacollo,Quillacollo,U. E. Potrero,Potrero,Uninominal,-17.326364,-66.302063,28,.,.
Bolivia,Cochabamba,Quillacollo,Colcapirhua,U. E. Prof. Benedicto Durán Ortíz,La Florida,Uninominal,-17.3868,-66.2259,28,.,.
Bolivia,Cochabamba,Ayopaya,Ayopaya (Villa de Independencia),U. E. Qhulaya,Colaya,Uninominal,-17.357,-66.732,27,.,.
Bolivia,Cochabamba,Cercado,Cochabamba,U. E. Raymundo Herman,Cochabamba,Uninominal,-17.3624,-66.1893,20,.,.
Bolivia,Cochabamba,Ayopaya,Morochata,U. E. Raymundo Herman Pint,Lachiraya,Uninominal,-17.20845,-66.589944,27,.,.
Bolivia,Cochabamba,Quillacollo,Quillacollo,U. E. René Barrienos Ortuño (Misicuni),Misicuni,Uninominal,-17.1173,-66.3227,28,.,.
Bolivia,Cochabamba,Punata,Punata,U. E. René Barrientos O. - La Villa,La Villa,Uninominal,-17.5096,-65.8072,26,.,.
Bolivia,Cochabamba,Chapare,Sacaba,U. E. Roberto Nicoli Parietti,Sacaba,Uninominal,-17.400205,-66.031528,23,.,.
Bolivia,Cochabamba,Punata,Punata,U. E. Ruben Ferrufino (Camacho Rancho),Punata,Uninominal,-17.5643,-65.8418,26,.,.
Bolivia,Cochabamba,Cercado,Cochabamba,U. E. San Agustín,Cochabamba,Uninominal,-17.373356,-66.143776,20,.,.
Bolivia,Cochabamba,Cercado,Cochabamba,U. E. San Andrés,La Selva,Especial,-10.057803,-65.533367,7,.,.
Bolivia,Cochabamba,Carrasco,Puerto Villarroel,U. E. San Antonio de Padua,Ivirgarzama,Uninominal,-17.031818,-64.857891,24,.,.
Bolivia,Cochabamba,Cercado,Cochabamba,U. E. San Francisco Javier,Cochabamba,Uninominal,-17.469251,-66.150582,22,.,.
Bolivia,Cochabamba,Esteban Arze,Anzaldo,U. E. San José de Calazans-Litoral,Anzaldo,Uninominal,-17.7819,-65.9333,26,.,.
Bolivia,Cochabamba,Cercado,Cochabamba,U. E. San José,Cochabamba,Uninominal,-17.389791,-66.19305,20,.,.
Bolivia,Cochabamba,Cercado,Cochabamba,U. E. San Miguel Arcángel,Cochabamba,Uninominal,-17.439328,-66.139736,21,.,.
Bolivia,Cochabamba,Cercado,Cochabamba,U. E. San Nicolas Club de Leones,Cochabamba,Uninominal,-17.4825,-66.1535,22,.,.
Bolivia,Cochabamba,Cercado,Cochabamba,U. E. San Vicente de Paul,Cochabamba,Uninominal,-17.480595,-66.100886,21,.,.
Bolivia,Cochabamba,Cercado,Cochabamba,U. E. Santa Mónica,Cochabamba,Uninominal,-17.348139,-66.168953,20,.,.
Bolivia,Cochabamba,Chapare,Villa Tunari,U. E. Santa Rosa de La Boca,Santa Rosa de la Boca,Especial,-15.9393,-64.7572,2,.,.
Bolivia,Cochabamba,Ayopaya,Morochata,U. E. Sauce Rancho,Sauce Rancho,Uninominal,-17.152,-66.531,27,.,.
Bolivia,Cochabamba,Campero,Aiquile,U. E. Tipa Pampa,Tipa Pampa,Uninominal,-18.334,-65.228,25,.,.
Bolivia,Cochabamba,Cercado,Cochabamba,U. E. Tiquirani,Cochabamba,Uninominal,-17.463887,-66.135813,22,.,.
Bolivia,Cochabamba,Quillacollo,Tiquipaya,U. E. Titos Linde,Linde - Chiquicollo,Uninominal,-17.354266,-66.199856,27,.,.
Bolivia,Cochabamba,Ayopaya,Morochata,U. E. Tuiruni,Tuiruni Grande,Uninominal,-17.124252,-66.609103,27,.,.
Bolivia,Cochabamba,Quillacollo,Quillacollo,U. E. Tunari,Quillacollo,Uninominal,-17.355509,-66.28339,28,.,.
Bolivia,Cochabamba,Cercado,Cochabamba,U. E. Túpac Katari,Cochabamba,Uninominal,-17.437137,-66.135852,21,.,.
Bolivia,Cochabamba,Cercado,Cochabamba,U. E. Vikinga Boliviana,Cochabamba,Uninominal,-17.415824,-66.146727,21,.,.
Bolivia,Cochabamba,Germán Jordán,Cliza,U. E. Villa El Carmen,Villa El Carmen,Uninominal,-17.597,-65.952,26,.,.
Bolivia,Cochabamba,Quillacollo,Sipesipe,U. E. Viloma Cala Cala,Viloma Cala Cala,Uninominal,-17.426157,-66.387126,26,.,.
Bolivia,Cochabamba,Carrasco,Chimoré,U.E. 10 de Mayo,Urupa,Especial,-16.7573,-64.9783,2,.,.
Bolivia,Cochabamba,Quillacollo,Quillacollo,U.E. 12 de Enero B,Quillacollo,Uninominal,-17.407546,-66.279522,28,.,.
Bolivia,Cochabamba,Cercado,Cochabamba,U.E. 1ro. De Mayo (Temporal),Cochabamba,Uninominal,-17.467134,-66.203952,22,.,.
Bolivia,Cochabamba,Quillacollo,Quillacollo,U.E. 1ro. de Mayo,Villazón,Uninominal,-22.088568,-65.597299,37,.,.
Bolivia,Cochabamba,Chapare,Sacaba,U.E. 2 de Agosto,El Turi (Carretera),Uninominal/Especial,-11.45478,-67.05062,63,.,.
Bolivia,Cochabamba,Quillacollo,Quillacollo,U.E. 21 de Septiembre,Cochabamba,Uninominal,-17.482205,-66.181012,22,.,.
Bolivia,Cochabamba,Quillacollo,Colcapirhua,U.E. 27 de Mayo,Sacaba,Uninominal,-17.424991,-66.050686,23,.,.
Bolivia,Cochabamba,Quillacollo,Vinto,U.E. 5 de Septiembre,Vinto,Uninominal,-17.390709,-66.310582,27,.,.
Bolivia,Cochabamba,Cercado,Cochabamba,U.E. Adventista Cochabamba (Temporal),Cochabamba,Uninominal,-17.37038,-66.16437,20,.,.
Bolivia,Cochabamba,Tiraque,Shinahota,U.E. Agrigento B,Agrigento B,Uninominal,-16.992884,-65.410503,24,.,.
Bolivia,Cochabamba,Germán Jordán,Toco,U.E. Ana Rancho,Ana Rancho,Uninominal,-17.6111,-65.9102,25,.,.
Bolivia,Cochabamba,Arani,Arani,U.E. Arani,Arani,Uninominal,-17.5731,-65.7734,25,.,.
Bolivia,Cochabamba,Tapacarí,Tapacarí,U.E. Arasaya,Arasaya,Uninominal,-17.4366,-66.5973,27,.,.
Bolivia,Cochabamba,Quillacollo,Vinto,U.E. Avelino Mérida Zubieta,Vinto,Uninominal,-17.389424,-66.318822,27,.,.
Bolivia,Cochabamba,Esteban Arze,Arbieto,U.E. Betty Barrientos,T'ajra,Uninominal,-17.533121,-66.116101,26,.,.
Bolivia,Cochabamba,Tiraque,Tiraque,U.E. Boqueron K`Asa,Boqueron K`asa,Uninominal,-17.4957,-65.6173,25,.,.
Bolivia,Cochabamba,Chapare,Colomi,U.E. Carla Montaño y cancha (Temporal),Colomi,Uninominal,-17.33991,-65.86477,23,.,.
Bolivia,Cochabamba,Carrasco,Entre Ríos,U.E. Chancadora,Urbanizaciñn Chancadora,Uninominal,-17.1882,-64.6578,24,.,.
Bolivia,Cochabamba,Tapacarí,Tapacarí,U.E. Chillca Grande,Chillca Grande,Uninominal,-17.5958,-66.6303,27,.,.
Bolivia,Cochabamba,Germán Jordán,Toco,U.E. Chullpa Loma,Chullpa Loma,Uninominal,-17.6387,-65.9116,25,.,.
Bolivia,Cochabamba,Quillacollo,Tiquipaya,U.E. Cuatro Esquinas,4 Esquinas,Uninominal,-17.19689,-66.244469,27,.,.
Bolivia,Cochabamba,Quillacollo,Sipesipe,U.E. Daniel Albornoz I,Sipe Sipe,Uninominal,-17.458944,-66.361946,26,.,.
Bolivia,Cochabamba,Arani,Vacas,U.E. David Morato Cañadas,Cañadas,Uninominal,-17.5341,-65.6414,25,.,.
Bolivia,Cochabamba,Tiraque,Shinahota,U.E. Demetrio Canelas,Lauca Eñe,Uninominal,-16.9947,-65.226,24,.,.
Bolivia,Cochabamba,Arque,Arque,U.E. Dña. Adela Zamudio,K'utimarca,Uninominal,-17.714052,-66.46829,27,.,.
Bolivia,Cochabamba,Carrasco,Puerto Villarroel,U.E. Ebenezer (Temporal),Ivirgarzama,Uninominal,-17.03003,-64.857875,24,.,.
Bolivia,Cochabamba,Chapare,Sacaba,U.E. El Moro,Sacaba,Uninominal,-17.400197,-66.031523,23,.,.
Bolivia,Cochabamba,Carrasco,Entre Ríos,U.E. Esteban Arce,14 De Septiembre,Uninominal,-17.2674,-64.6189,24,.,.
Bolivia,Cochabamba,Punata,San Benito (Villa José Quintín Mendoza),U.E. Fé y Alegría Papa Juan B (Temporal),Villa Quint?¡n Mendoza (San Benito),Uninominal,-17.520287,-65.889792,26,.,.
Bolivia,Cochabamba,Cercado,Cochabamba,U.E. Genoveva Ríos,Cochabamba,Uninominal,-17.35669409,-66.15405064,20,.,.
Bolivia,Cochabamba,Tiraque,Shinahota,U.E. Germán Busch B (Temporal),Shinahota,Uninominal,-16.995439,-65.240783,24,.,.
Bolivia,Cochabamba,Chapare,Sacaba,U.E. Hugo Chavez Frias,Lava Lava,Uninominal,-17.422291,-65.997035,23,.,.
Bolivia,Cochabamba,Cercado,Cochabamba,U.E. Israel,Cochabamba,Uninominal,-17.49,-66.1784,22,.,.
Bolivia,Cochabamba,Ayopaya,Ayopaya (Villa de Independencia),U.E. José Miguel Lanza,Independencia,Uninominal,-17.0819,-66.8212,27,.,.
Bolivia,Cochabamba,Cercado,Cochabamba,U.E. José Carlos Carrillo,Tirani,Uninominal,-17.344445,-66.157,20,.,.
Bolivia,Cochabamba,Chapare,Sacaba,U.E. José Maldonado (Temporal),Sacaba,Uninominal,-17.403989,-66.044842,23,.,.
Bolivia,Cochabamba,Chapare,Sacaba,U.E. José Vía García,Quintanilla,Uninominal,-17.368127,-66.081393,23,.,.
Bolivia,Cochabamba,Carrasco,Pocona,U.E. Julio Guardia Sandoval,Laymiña,Uninominal,-17.6514,-65.3683,25,.,.
Bolivia,Cochabamba,Quillacollo,Tiquipaya,U.E. La Floresta,Tiquipaya,Uninominal,-17.335248,-66.229166,27,.,.
Bolivia,Cochabamba,Quillacollo,Vinto,U.E. La Llave,Llave Grande,Uninominal,-17.3443,-66.3852,27,.,.
Bolivia,Cochabamba,Carrasco,Totora,U.E. La Paz,Totora,Uninominal,-17.7325,-65.1895,25,.,.
Bolivia,Cochabamba,Tapacarí,Tapacarí,U.E. Lacolaconi,Lacolaconi,Uninominal,-17.6594,-66.8304,27,.,.
Bolivia,Cochabamba,Tapacarí,Tapacarí,U.E. Lacuyo,Challa,Uninominal,-17.6341,-66.6877,27,.,.
Bolivia,Cochabamba,Cercado,Cochabamba,U.E. Libertad (Temporal),Cochabamba,Uninominal,-17.435,-65.1156,21,.,.
Bolivia,Cochabamba,Chapare,Villa Tunari,U.E. Limo,Yuracare Limo del Isiboro,Especial,-16.6962,-65.6856,2,.,.
Bolivia,Cochabamba,Cercado,Cochabamba,U.E. Madre De La Divina Providencia,Cochabamba,Uninominal,-17.4395,-66.1498,22,.,.
Bolivia,Cochabamba,Chapare,Sacaba,U.E. Marcelo Quiroga Santa Cruz (Pacata),Pacata,Uninominal,-17.3762,-66.1184,23,.,.
Bolivia,Cochabamba,Carrasco,Chimoré,U.E. Marcelo Quiroga Santa Cruz (Temporal),Villazón,Uninominal,-22.087694,-65.594032,37,.,.
Bolivia,Cochabamba,Chapare,Villa Tunari,U.E. Mariscal Sucre (Temporal),Eterazama,Uninominal,-16.836065,-65.515839,24,.,.
Bolivia,Cochabamba,Quillacollo,Quillacollo,U.E. Molle Molle,El Paso,Uninominal,-17.318452,-66.264365,28,.,.
Bolivia,Cochabamba,Campero,Aiquile,U.E. Molle Pampa,"Molle Pampa ""A""",Uninominal,-18.426058,-64.934665,25,.,.
Bolivia,Cochabamba,Ayopaya,Cocapata,U.E. Muñoz Cueva,Muñoz Cueva,Uninominal,-16.84187,-66.519857,27,.,.
Bolivia,Cochabamba,Carrasco,Entre Ríos,U.E. Nacional Ayacucho,Entre Rios,Uninominal,-17.2004,-64.5423,24,.,.
Bolivia,Cochabamba,Cercado,Cochabamba,U.E. Nacional San Isidro,Cochabamba,Uninominal,-17.4689,-66.1512,22,.,.
Bolivia,Cochabamba,Quillacollo,Colcapirhua,U.E. Nuestra Señora de La Paz (Temporal),San Jose (Cuatro Esquinas),Uninominal,-17.366675,-66.236933,28,.,.
Bolivia,Cochabamba,Chapare,Sacaba,U.E. Nuevo Amanecer,Korihuma,Uninominal,-17.4529,-66.0347,23,.,.
Bolivia,Cochabamba,Tiraque,Tiraque,U.E. Paulino Siles (Temporal),Tiraque,Uninominal,-17.426267,-65.721337,25,.,.
Bolivia,Cochabamba,Quillacollo,Quillacollo,U.E. Pocpocollo,Piñami,Uninominal,-17.373754,-66.255147,28,.,.
Bolivia,Cochabamba,Cercado,Cochabamba,U.E. Portocarrero (Temporal),Cochabamba,Uninominal,-17.453653,-66.140838,22,.,.
Bolivia,Cochabamba,Carrasco,Chimoré,U.E. Puerto Cochabamba,Puerto Cochabamba,Especial,-16.79924,-65.136088,2,.,.
Bolivia,Cochabamba,Chapare,Villa Tunari,U.E. Puerto Patiño,Puerto Patiño,Uninominal,-16.6823,-65.6933,24,.,.
Bolivia,Cochabamba,Chapare,Sacaba,U.E. Puntiti Chico,Quintanilla,Uninominal,-17.374983,-66.100451,23,.,.
Bolivia,Cochabamba,Campero,Pasorapa,U.E. Redondo,Bañado Redondo,Uninominal,-18.5003,-64.3148,25,.,.
Bolivia,Cochabamba,Chapare,Sacaba,U.E. República del Ecuador,Sacaba,Uninominal,-17.413412,-66.09482,23,.,.
Bolivia,Cochabamba,Chapare,Villa Tunari,U.E. Rodolfo Illanes,16 de Julio Capihuara,Uninominal,-16.984781,-65.606277,24,.,.
Bolivia,Cochabamba,Chapare,Colomi,U.E. Rosario,Rosario,Uninominal,-17.3185,-65.8809,23,.,.
Bolivia,Cochabamba,Quillacollo,Tiquipaya,U.E. Rumy Corral,Rumy Corral,Uninominal,-17.1245,-66.203,27,.,.
Bolivia,Cochabamba,Chapare,Villa Tunari,U.E. San Benito,San Benito,Especial,-16.5327,-65.5033,2,.,.
Bolivia,Cochabamba,Tiraque,Shinahota,U.E. San Luis,San Luis,Uninominal,-16.9597,-65.2814,24,.,.
Bolivia,Cochabamba,Carrasco,Entre Ríos,U.E. San Marcos,Bulo Bulo,Uninominal,-17.259779,-64.357911,24,.,.
Bolivia,Cochabamba,Quillacollo,Colcapirhua,U.E. San Miguel,San Miguel,Uninominal,-17.958219,-67.748952,32,.,.
Bolivia,Cochabamba,Arque,Arque,U.E. San Pedro,San Pedro,Uninominal,-17.72083,-63.431509,56,.,.
Bolivia,Cochabamba,Quillacollo,Tiquipaya,U.E. San Rafael (Temporal),Linde - Chiquicollo,Uninominal,-17.343725,-66.196552,27,.,.
Bolivia,Cochabamba,Carrasco,Chimoré,U.E. Senda III,"Senda ""3""",Uninominal,-16.994297,-65.182588,24,.,.
Bolivia,Cochabamba,Ayopaya,Cocapata,U.E. Seque Rancho,Sequerancho,Uninominal,-16.4755,-66.7842,27,.,.
Bolivia,Cochabamba,Quillacollo,Vinto,U.E. Soledad Rivas,Vinto,Uninominal,-17.406514,-66.307762,27,.,.
Bolivia,Cochabamba,Ayopaya,Cocapata,U.E. Tocorani,Tocorani,Uninominal,-16.73331,-66.544416,27,.,.
Bolivia,Cochabamba,Tapacarí,Tapacarí,U.E. Tunas Vinto,Tunas Vinto,Uninominal,-17.5313,-66.5467,27,.,.
Bolivia,Cochabamba,Arque,Tacopaya,U.E. Tupac Katari,Cochabamba,Uninominal,-17.437137,-66.135852,21,.,.
Bolivia,Cochabamba,Chapare,Sacaba,U.E. Tutimayu,Tutimayu,Uninominal,-17.4168,-65.9518,23,.,.
Bolivia,Cochabamba,Chapare,Villa Tunari,U.E. Villa 14 de Septiembre (Secundaria) (Temporal),Villa 14 de Septiembre,Uninominal,-16.847685,-65.350227,24,.,.
Bolivia,Cochabamba,Chapare,Sacaba,U.E. Villa Animas,Quintanilla,Uninominal,-17.365852,-66.100472,23,.,.
Bolivia,Cochabamba,Chapare,Sacaba,U.E. Villa Clotilde,Sacaba,Uninominal,-17.412014,-65.99239,23,.,.
Bolivia,Cochabamba,Cercado,Cochabamba,Unidad Educ. Eduardo Lopez O E. Don Bosco,Cochabamba,Uninominal,-17.4273,-66.1772,22,.,.
Bolivia,Cochabamba,Quillacollo,Sipesipe,Unidad Educativa  Caviloma,Caviloma,Uninominal,-17.438,-66.3457,26,.,.
Bolivia,Cochabamba,Cercado,Cochabamba,Unidad Educativa 14 de Septiembre,Cochabamba,Uninominal,-17.3675,-66.1802,20,.,.
Bolivia,Cochabamba,Chapare,Villa Tunari,Unidad Educativa 1ro de Mayo,Primero de Mayo,Uninominal,-16.6472,-65.4292,24,.,.
Bolivia,Cochabamba,Carrasco,Puerto Villarroel,Unidad Educativa 2 de Marzo,2 de Marzo,Uninominal,-17.2181,-64.9221,24,.,.
Bolivia,Cochabamba,Cercado,Cochabamba,Unidad Educativa 26 de Octubre,Cochabamba,Uninominal,-17.4209,-66.1212,21,.,.
Bolivia,Cochabamba,Chapare,Sacaba,Unidad Educativa 27 de Agosto,Sacaba,Uninominal,-17.4145,-66.0553,23,.,.
Bolivia,Cochabamba,Chapare,Villa Tunari,Unidad Educativa 27 de Mayo,Paractito,Uninominal,-16.955619,-65.51268,24,.,.
Bolivia,Cochabamba,Quillacollo,Sipesipe,Unidad Educativa 3 de Abril,Mallco Chapi,Uninominal,-17.4215,-66.3355,26,.,.
Bolivia,Cochabamba,Tiraque,Tiraque,Unidad Educativa 3 de Agosto,Miska Mayu,Uninominal,-17.5426,-65.465,25,.,.
Bolivia,Cochabamba,Tiraque,Shinahota,Unidad Educativa 4 de Abril,4 de Abril,Uninominal,-17.0384,-65.2717,24,.,.
Bolivia,Cochabamba,Carrasco,Pocona,Unidad Educativa 6 de Agosto,Lope Mendoza,Uninominal,-17.5297,-65.3796,25,.,.
Bolivia,Cochabamba,Esteban Arze,Arbieto,Unidad Educativa 6 de Junio - Mamanaca,Mamanaca,Uninominal,-17.5838,-66.0526,26,.,.
Bolivia,Cochabamba,Cercado,Cochabamba,Unidad Educativa 9 de Marzo,Cochabamba,Uninominal,-17.4467,-66.1055,21,.,.
Bolivia,Cochabamba,Esteban Arze,Anzaldo,Unidad Educativa Alfamayu,Alfamayu,Uninominal,-17.8642,-65.9385,26,.,.
Bolivia,Cochabamba,Cercado,Cochabamba,Unidad Educativa Alto Cochabamba,Cochabamba,Uninominal,-17.4233,-66.1448,21,.,.
Bolivia,Cochabamba,Cercado,Cochabamba,Unidad Educativa America Del Sur - Mejillones A,Cochabamba,Uninominal,-17.422,-66.1379,21,.,.
Bolivia,Cochabamba,Quillacollo,Sipesipe,Unidad Educativa Andres Uzeda Ocampo,Sipe Sipe,Uninominal,-17.4543,-66.3586,26,.,.
Bolivia,Cochabamba,Quillacollo,Vinto,Unidad Educativa Anocaraire,Anocaraire,Uninominal,-17.3812,-66.3183,27,.,.
Bolivia,Cochabamba,Carrasco,Totora,Unidad Educativa Antaqawa,Antaqawa,Uninominal,-17.8731,-65.138,25,.,.
Bolivia,Cochabamba,Esteban Arze,Arbieto,Unidad Educativa Antonio Arnez -Aranjuez,Aranjuez,Uninominal,-17.593,-65.9816,26,.,.
Bolivia,Cochabamba,Cercado,Cochabamba,Unidad Educativa Antonio Diez,Cochabamba,Uninominal,-17.4718,-66.1793,22,.,.
Bolivia,Cochabamba,Tapacarí,Tapacarí,Unidad Educativa Apharumiri,Tunas Vinto,Uninominal,-17.5305,-66.547,27,.,.
Bolivia,Cochabamba,Esteban Arze,Sacabamba,Unidad Educativa Apillapa,Apillapa,Uninominal,-17.7623,-65.8515,25,.,.
Bolivia,Cochabamba,Esteban Arze,Anzaldo,Unidad Educativa Arturo Sarmiento,Quiriria,Uninominal,-17.8995,-65.945,26,.,.
Bolivia,Cochabamba,Cercado,Cochabamba,Unidad Educativa Atiy,Cochabamba,Uninominal,-17.4636,-66.1521,22,.,.
Bolivia,Cochabamba,Arque,Tacopaya,Unidad Educativa Auquipampa,Auqui Pampa,Uninominal,-17.7828,-66.5374,27,.,.
Bolivia,Cochabamba,Cercado,Cochabamba,Unidad Educativa Barbara Lamas,Cochabamba,Uninominal,-17.4627,-66.1053,21,.,.
Bolivia,Cochabamba,Quillacollo,Quillacollo,Unidad Educativa Bella Vista,Bella Vista,Uninominal,-17.3294,-66.283,28,.,.
Bolivia,Cochabamba,Carrasco,Puerto Villarroel,Unidad Educativa Biarecuaté,Comunidad Ind?¡gena Yuqui Biarecuate,Especial,-16.7852,-64.9432,2,.,.
Bolivia,Cochabamba,Cercado,Cochabamba,Unidad Educativa Bolivia (La Maica),Cochabamba,Uninominal,-17.4146,-66.2188,22,.,.
Bolivia,Cochabamba,Chapare,Sacaba,Unidad Educativa Boliviano Británico,Sacaba,Uninominal,-17.4027,-66.0232,23,.,.
Bolivia,Cochabamba,Tapacarí,Tapacarí,Unidad Educativa Calliri,Calliri,Uninominal,-17.5347,-66.4806,27,.,.
Bolivia,Cochabamba,Capinota,Santivañez,Unidad Educativa Caporaya,Caporaya,Uninominal,-17.5035,-66.2822,26,.,.
Bolivia,Cochabamba,Quillacollo,Sipesipe,Unidad Educativa Caramarca Collpa,Caramarca,Uninominal,-17.4525,-66.305,26,.,.
Bolivia,Cochabamba,Esteban Arze,Arbieto,Unidad Educativa Carlos Canelas,Llave Mayu,Uninominal,-17.489639,-66.095682,26,.,.
Bolivia,Cochabamba,Mizque,Mizque,Unidad Educativa Cauta,Cauta,Uninominal,-18.0904,-65.4382,25,.,.
Bolivia,Cochabamba,Chapare,Sacaba,Unidad Educativa Ceilab,Esmeralda,Uninominal,-17.3894,-66.073,23,.,.
Bolivia,Cochabamba,Tapacarí,Tapacarí,Unidad Educativa Central Villa Pereira,Villa Pereira,Uninominal,-17.4463,-66.7877,27,.,.
Bolivia,Cochabamba,Carrasco,Chimoré,Unidad Educativa Cesar Zama (Chimore),Cesar Zama (Chimore),Uninominal,-16.996276,-65.077919,24,.,.
Bolivia,Cochabamba,Carrasco,Pojo,Unidad Educativa Challhuani,Challhuani,Uninominal,-17.8445,-64.8953,25,.,.
Bolivia,Cochabamba,Bolivar,Bolivar,Unidad Educativa Challoma,Challoma,Uninominal,-17.8999,-66.5458,27,.,.
Bolivia,Cochabamba,Arque,Arque,Unidad Educativa Changolla,Changolla,Uninominal,-17.7748,-66.4685,27,.,.
Bolivia,Cochabamba,Ayopaya,Ayopaya (Villa de Independencia),Unidad Educativa Chapisuyo A,"Chaupisuyo ""A""",Uninominal,-17.3594,-66.6299,27,.,.
Bolivia,Cochabamba,Campero,Aiquile,Unidad Educativa Chaqui Mayu,Ch'aquimayu,Uninominal,-18.2657,-65.2821,25,.,.
Bolivia,Cochabamba,Ayopaya,Ayopaya (Villa de Independencia),Unidad Educativa Charahuaytu,Charahuaytu,Uninominal,-17.2641,-66.7977,27,.,.
Bolivia,Cochabamba,Ayopaya,Cocapata,Unidad Educativa Chiaraje,Chiaraje,Uninominal,-17.0523,-66.3867,27,.,.
Bolivia,Cochabamba,Carrasco,Pocona,Unidad Educativa Chimboata,Chimboata,Uninominal,-17.661,-65.2845,25,.,.
Bolivia,Cochabamba,Tapacarí,Tapacarí,Unidad Educativa Chullpa K'Asa,Chullpa Kasa,Uninominal,-17.6297,-66.4384,27,.,.
Bolivia,Cochabamba,Germán Jordán,Cliza,Unidad Educativa Chullpas,Chullpas,Uninominal,-17.6072,-65.9477,26,.,.
Bolivia,Cochabamba,Tiraque,Shinahota,Unidad Educativa Churo Grande,12 de Agosto,Uninominal,-17.052,-65.3331,24,.,.
Bolivia,Cochabamba,Cercado,Cochabamba,Unidad Educativa Club De Leones,Cochabamba,Uninominal,-17.3646,-66.1653,20,.,.
Bolivia,Cochabamba,Arani,Arani,Unidad Educativa Collpaciaco,Collpaciaco,Uninominal,-17.6012,-65.7607,25,.,.
Bolivia,Cochabamba,Ayopaya,Cocapata,Unidad Educativa Colorado,Colorado,Uninominal,-15.8841,-66.8797,27,.,.
Bolivia,Cochabamba,Chapare,Colomi,Unidad Educativa Corani Pampa,Corani Pampa,Uninominal,-17.1237,-65.9321,23,.,.
Bolivia,Cochabamba,Quillacollo,Tiquipaya,Unidad Educativa Cuatro Esquinas,Cuatro Esquinas (Tiquipaya),Uninominal,-17.3599,-66.2331,27,.,.
Bolivia,Cochabamba,Capinota,Capinota,Unidad Educativa Custodio Ayaviri,Irpa Irpa,Uninominal,-17.7218,-66.2849,26,.,.
Bolivia,Cochabamba,Quillacollo,Colcapirhua,Unidad Educativa Daniel Salamanca,Colcapirhua,Uninominal,-17.3878,-66.2415,28,.,.
Bolivia,Cochabamba,Cercado,Cochabamba,Unidad Educativa Daniel Salamanca (Ex Colegio Nal. Mixto 6 De Agosto),Cochabamba,Uninominal,-17.3957,-66.1635,21,.,.
Bolivia,Cochabamba,Quillacollo,Vinto,Unidad Educativa David Arzabe,Vinto,Uninominal,-17.4001,-66.3144,27,.,.
Bolivia,Cochabamba,Cercado,Cochabamba,Unidad Educativa Demetrio Canelas,Cochabamba,Uninominal,-17.4231,-66.2023,22,.,.
Bolivia,Cochabamba,Carrasco,Pojo,Unidad Educativa Dian Pampa,Dian Pampa,Uninominal,-17.7044,-64.7041,25,.,.
Bolivia,Cochabamba,Cercado,Cochabamba,Unidad Educativa Dionisio Morales Choque,Cochabamba,Uninominal,-17.4652,-66.1243,22,.,.
Bolivia,Cochabamba,Cercado,Cochabamba,Unidad Educativa Domingo Savio (Ex Lorenzo Filho),Cochabamba,Uninominal,-17.3812,-66.144,20,.,.
Bolivia,Cochabamba,Chapare,Sacaba,Unidad Educativa Edmundo Bojanowski,Pacata,Uninominal,-17.3707,-66.1239,23,.,.
Bolivia,Cochabamba,Quillacollo,Sipesipe,Unidad Educativa Eduardo Abaroa,Parotani,Uninominal,-17.5672,-66.3469,26,.,.
Bolivia,Cochabamba,Campero,Aiquile,Unidad Educativa Eje Pampa,Eje Pampa,Uninominal,-18.5394,-65.1709,25,.,.
Bolivia,Cochabamba,Ayopaya,Cocapata,Unidad Educativa El Chorito,El Chorito,Uninominal,-16.9428,-66.6049,27,.,.
Bolivia,Cochabamba,Quillacollo,Quillacollo,Unidad Educativa El Paso,El Paso,Uninominal,-17.3385,-66.2668,28,.,.
Bolivia,Cochabamba,Cercado,Cochabamba,Unidad Educativa El Salvador San Javier,Cochabamba,Uninominal,-17.447,-66.1205,21,.,.
Bolivia,Cochabamba,Quillacollo,Colcapirhua,Unidad Educativa El Sausalito,Santa Rosa (Colcapirhua),Uninominal,-17.3868,-66.2135,28,.,.
Bolivia,Cochabamba,Chapare,Sacaba,Unidad Educativa Entre Rios,Sacaba,Uninominal,-17.4021,-66.06,23,.,.
Bolivia,Cochabamba,Cercado,Cochabamba,Unidad Educativa Estados Unidos,Cochabamba,Uninominal,-17.4191,-66.1626,22,.,.
Bolivia,Cochabamba,Campero,Aiquile,Unidad Educativa Estanzuela,Estanzuela,Uninominal,-18.3307,-64.8749,25,.,.
Bolivia,Cochabamba,Cercado,Cochabamba,Unidad Educativa Esteban Arze,Cochabamba,Uninominal,-17.3983,-66.1843,22,.,.
Bolivia,Cochabamba,Cercado,Cochabamba,Unidad Educativa Facundo Quiroga,Cochabamba,Uninominal,-17.3743,-66.1895,20,.,.
Bolivia,Cochabamba,Cercado,Cochabamba,Unidad Educativa Felix Capriles,Cochabamba,Uninominal,-17.4084,-66.1825,22,.,.
Bolivia,Cochabamba,Quillacollo,Quillacollo,Unidad Educativa Flora Salinas Hinojosa - Amalia Echalar,Quillacollo,Uninominal,-17.3918,-66.2793,28,.,.
Bolivia,Cochabamba,Cercado,Cochabamba,Unidad Educativa Garibaldi,Cochabamba,Uninominal,-17.3546,-66.1906,20,.,.
Bolivia,Cochabamba,Capinota,Capinota,Unidad Educativa Gustavo Garcia (Charamo),Charamoco,Uninominal,-17.6135,-66.2914,26,.,.
Bolivia,Cochabamba,Chapare,Sacaba,Unidad Educativa Hernán Rivero Fiorilo,Esmeralda,Uninominal,-17.404,-66.0792,23,.,.
Bolivia,Cochabamba,Quillacollo,Quillacollo,Unidad Educativa Heroinas,Quillacollo,Uninominal,-17.4006,-66.2793,28,.,.
Bolivia,Cochabamba,Cercado,Cochabamba,Unidad Educativa Hno Pacifico Feletti,Cochabamba,Uninominal,-17.4678,-66.2098,22,.,.
Bolivia,Cochabamba,Campero,Omereque,Unidad Educativa Huanacuni Grande,Huanacuni Chico,Uninominal,-17.9292,-64.9884,25,.,.
Bolivia,Cochabamba,Esteban Arze,Tarata,Unidad Educativa Huasa Rancho,Huasa Rancho,Uninominal,-17.6152,-65.9671,26,.,.
Bolivia,Cochabamba,Germán Jordán,Cliza,Unidad Educativa Huasacalle,Huasacalle,Uninominal,-17.5931,-65.9095,26,.,.
Bolivia,Cochabamba,Carrasco,Pocona,Unidad Educativa Huayapacha,Huayapacha,Uninominal,-17.5526,-65.4077,25,.,.
Bolivia,Cochabamba,Arque,Arque,Unidad Educativa Huaycha,Huaycha,Uninominal,-17.8941,-66.3241,27,.,.
Bolivia,Cochabamba,Esteban Arze,Tarata,Unidad Educativa Huayculi,Huayculi,Uninominal,-17.6419,-65.9796,26,.,.
Bolivia,Cochabamba,Esteban Arze,Tarata,Unidad Educativa Huerta Mayu,Huerta Mayu,Uninominal,-17.638,-66.1138,26,.,.
Bolivia,Cochabamba,Ayopaya,Morochata,Unidad Educativa Humamarca,Humamarca,Uninominal,-17.102,-66.5562,27,.,.
Bolivia,Cochabamba,Tiraque,Shinahota,Unidad Educativa Ibuelo,Ibuelo,Uninominal,-16.9696,-65.3399,24,.,.
Bolivia,Cochabamba,Ayopaya,Cocapata,Unidad Educativa Icari,Icari,Uninominal,-17.0204,-66.3422,27,.,.
Bolivia,Cochabamba,Ayopaya,Morochata,Unidad Educativa Iglesiani,Iglesiani,Uninominal,-17.3101,-66.5036,27,.,.
Bolivia,Cochabamba,Quillacollo,Quillacollo,Unidad Educativa Ironcollo,Quillacollo,Uninominal,-17.3617,-66.287,28,.,.
Bolivia,Cochabamba,Carrasco,Puerto Villarroel,Unidad Educativa Israel,Israel,Uninominal,-17.2219,-64.8396,24,.,.
Bolivia,Cochabamba,Chapare,Sacaba,Unidad Educativa Israelí El Abra,Quintanilla,Uninominal,-17.4037,-66.101,23,.,.
Bolivia,Cochabamba,Tiraque,Shinahota,Unidad Educativa Ivirizu Vandiola,Ivirizu Vandiola,Uninominal,-17.0594,-65.4613,24,.,.
Bolivia,Cochabamba,Carrasco,Pojo,Unidad Educativa Jaime Laredo,Vilaque,Uninominal,-17.8458,-64.9801,25,.,.
Bolivia,Cochabamba,Tapacarí,Tapacarí,Unidad Educativa Japo K'Asa,Japo Kasa,Uninominal,-17.6942,-66.7647,27,.,.
Bolivia,Cochabamba,Chapare,Villa Tunari,Unidad Educativa Jatun Pampa,Jatun Pampa,Uninominal,-17.0037,-65.568,24,.,.
Bolivia,Cochabamba,Carrasco,Pocona,Unidad Educativa Javier Gonzales,Puca Puca,Uninominal,-17.6144,-65.5045,25,.,.
Bolivia,Cochabamba,Quillacollo,Tiquipaya,Unidad Educativa Jesus Maestro,Trojes,Uninominal,-17.3333,-66.1934,27,.,.
Bolivia,Cochabamba,Cercado,Cochabamba,Unidad Educativa José Ignacio Sanjines,Cochabamba,Uninominal,-17.3853,-66.2064,22,.,.
Bolivia,Cochabamba,Capinota,Santivañez,Unidad Educativa José Rivera,Poquera,Uninominal,-17.6153,-66.2628,26,.,.
Bolivia,Cochabamba,Cercado,Cochabamba,Unidad Educativa Juan José Torrez,Cochabamba,Uninominal,-17.4477,-66.1148,21,.,.
Bolivia,Cochabamba,Capinota,Capinota,Unidad Educativa Juana Azurduy De Padilla,Capinota,Uninominal,-17.7137,-66.2648,26,.,.
Bolivia,Cochabamba,Chapare,Sacaba,Unidad Educativa Kanata,Quintanilla,Uninominal,-17.3859,-66.1015,23,.,.
Bolivia,Cochabamba,Carrasco,Pojo,Unidad Educativa Kara Huasi - Pojo,Kara Huasi,Uninominal,-17.7386,-64.7433,25,.,.
Bolivia,Cochabamba,Tapacarí,Tapacarí,Unidad Educativa Katariri,Katariri,Uninominal,-17.6336,-66.5132,27,.,.
Bolivia,Cochabamba,Quillacollo,Vinto,Unidad Educativa Keraya,Keraya,Uninominal,-17.298183,-66.456889,27,.,.
Bolivia,Cochabamba,Campero,Aiquile,Unidad Educativa Kewiñal,Qhewiñal,Uninominal,-18.3735,-65.3171,25,.,.
Bolivia,Cochabamba,Tapacarí,Tapacarí,Unidad Educativa Kjarkas,Kjarkas,Uninominal,-17.6984,-66.5235,27,.,.
Bolivia,Cochabamba,Carrasco,Pojo,Unidad Educativa La Habana,La Habana,Uninominal,-17.7355,-64.9274,25,.,.
Bolivia,Cochabamba,Quillacollo,Colcapirhua,Unidad Educativa La Sagrada Familia,Santa Rosa (Colcapirhua),Uninominal,-17.3827,-66.2224,28,.,.
Bolivia,Cochabamba,Carrasco,Pocona,Unidad Educativa La Tranca,La Tranca,Uninominal,-17.7326,-65.4564,25,.,.
Bolivia,Cochabamba,Campero,Aiquile,Unidad Educativa Lagarpampa,Lagarpampa,Uninominal,-18.4521,-64.9896,25,.,.
Bolivia,Cochabamba,Campero,Aiquile,Unidad Educativa Laime,Laime,Uninominal,-18.4501,-65.096,25,.,.
Bolivia,Cochabamba,Chapare,Sacaba,Unidad Educativa Larati,Larati,Uninominal,-17.3438,-66.0126,23,.,.
Bolivia,Cochabamba,Quillacollo,Quillacollo,Unidad Educativa Liriuni,Liriuni,Uninominal,-17.2848,-66.2998,28,.,.
Bolivia,Cochabamba,Tapacarí,Tapacarí,Unidad Educativa Llavini,Llavini,Uninominal,-17.6659,-66.4101,27,.,.
Bolivia,Cochabamba,Ayopaya,Ayopaya (Villa de Independencia),Unidad Educativa Machaca,Machaca,Uninominal,-17.1232,-66.8674,27,.,.
Bolivia,Cochabamba,Tiraque,Shinahota,Unidad Educativa Majo Pampa A,Majo Pampa,Uninominal,-17.0324,-65.3629,24,.,.
Bolivia,Cochabamba,Ayopaya,Cocapata,Unidad Educativa Maravillas,Maravillas,Uninominal,-16.6008,-66.7146,27,.,.
Bolivia,Cochabamba,Quillacollo,Quillacollo,Unidad Educativa Maria Auxiliadora,El Paso,Uninominal,-17.3294,-66.243,28,.,.
Bolivia,Cochabamba,Cercado,Cochabamba,Unidad Educativa Maria Emilia Riquelme (Ex Maria Cristina),Cochabamba,Uninominal,-17.3983,-66.2045,22,.,.
Bolivia,Cochabamba,Cercado,Cochabamba,Unidad Educativa Maria Joséfa Mujia,Cochabamba,Uninominal,-17.4271,-66.1433,21,.,.
Bolivia,Cochabamba,Quillacollo,Quillacollo,Unidad Educativa Marquina,Quillacollo,Uninominal,-17.3396,-66.289,28,.,.
Bolivia,Cochabamba,Quillacollo,Quillacollo,Unidad Educativa Martin Cardenas,Quillacollo,Uninominal,-17.388,-66.2957,28,.,.
Bolivia,Cochabamba,Punata,Villa Rivero,Unidad Educativa Martín Cárdenas Hermoso,Aramasi,Uninominal,-17.6257,-65.8646,25,.,.
Bolivia,Cochabamba,Punata,Punata,Unidad Educativa Mayor Rocha (Yacanahuyo,Punata,Uninominal,-17.5517,-65.8471,26,.,.
Bolivia,Cochabamba,Arque,Tacopaya,Unidad Educativa Michayani Grande,Michayani Grande,Uninominal,-17.8612,-66.7012,27,.,.
Bolivia,Cochabamba,Chapare,Villa Tunari,Unidad Educativa Mixta Eterazama,Eterazama,Uninominal,-16.8331,-65.5211,24,.,.
Bolivia,Cochabamba,Chapare,Villa Tunari,Unidad Educativa Moleto Icoya (V.Tunari),Moleto-Icoya,Uninominal,-16.4746,-65.8701,24,.,.
Bolivia,Cochabamba,Mizque,AIOC Raqaypampa,Unidad Educativa Molinero,Molinero,Uninominal,-18.2621,-65.3881,25,.,.
Bolivia,Cochabamba,Punata,Punata,Unidad Educativa Molle Huma,La Villa,Uninominal,-17.5216,-65.8113,26,.,.
Bolivia,Cochabamba,Carrasco,Pocona,Unidad Educativa Monte Puncu,Monte Puncu,Uninominal,-17.585,-65.303,25,.,.
Bolivia,Cochabamba,Quillacollo,Tiquipaya,Unidad Educativa Montecillo,Waripucara,Uninominal,-16.9731,-66.3439,27,.,.
Bolivia,Cochabamba,Cercado,Cochabamba,Unidad Educativa Nataniel Aguirre,Cochabamba,Uninominal,-17.3989,-66.1689,22,.,.
Bolivia,Cochabamba,Quillacollo,Quillacollo,Unidad Educativa Nestor Adriazola (Ex Colegio Nacional Calama),Quillacollo,Uninominal,-17.394,-66.2849,28,.,.
Bolivia,Cochabamba,Tapacarí,Tapacarí,Unidad Educativa Norberto Jimenez,Leque,Uninominal,-17.5046,-66.8142,27,.,.
Bolivia,Cochabamba,Campero,Aiquile,Unidad Educativa Novillero,Novillero,Uninominal,-18.3009,-65.2346,25,.,.
Bolivia,Cochabamba,Quillacollo,Tiquipaya,Unidad Educativa Nuestra Sra. De Altagracia,Callaj Chullpa (Tiquipaya),Uninominal,-17.353,-66.2435,27,.,.
Bolivia,Cochabamba,Cercado,Cochabamba,Unidad Educativa Nueva Esperanza,Cochabamba,Uninominal,-17.4874,-66.1787,22,.,.
Bolivia,Cochabamba,Cercado,Cochabamba,Unidad Educativa Nueva Vera Cruz,Cochabamba,Uninominal,-17.4627,-66.1176,21,.,.
Bolivia,Cochabamba,Cercado,Cochabamba,Unidad Educativa Obispo Anaya,Cochabamba,Uninominal,-17.4524,-66.1294,21,.,.
Bolivia,Cochabamba,Campero,Omereque,Unidad Educativa Omereque,Omereque,Uninominal,-18.1062,-64.9078,25,.,.
Bolivia,Cochabamba,Carrasco,Pojo,Unidad Educativa Palca C,"Palca ""C""",Uninominal,-17.7039,-64.9761,25,.,.
Bolivia,Cochabamba,Tiraque,Tiraque,Unidad Educativa Palca T,"Palca ""T""",Uninominal,-17.4107,-65.779,25,.,.
Bolivia,Cochabamba,Capinota,Santivañez,Unidad Educativa Pampa Churihua,Pampa Churihua,Uninominal,-17.6176,-66.1468,26,.,.
Bolivia,Cochabamba,Campero,Pasorapa,Unidad Educativa Pampas,Pampas,Uninominal,-18.4025,-64.5128,25,.,.
Bolivia,Cochabamba,Chapare,Sacaba,Unidad Educativa Pampilla,Palca,Uninominal,-17.1892,-66.0752,23,.,.
Bolivia,Cochabamba,Campero,Aiquile,Unidad Educativa Panama,Panamá,Uninominal,-18.309,-65.1087,25,.,.
Bolivia,Cochabamba,Chapare,Colomi,Unidad Educativa Paracti (Colomi),Paracti (Colomi),Uninominal,-17.207903,-65.825552,23,.,.
Bolivia,Cochabamba,Chapare,Villa Tunari,Unidad Educativa Paracti (Villa Tunari),Paracti (Villa Tunari),Uninominal,-17.207903,-65.825552,24,.,.
Bolivia,Cochabamba,Chapare,Villa Tunari,Unidad Educativa Paractito,Paractito,Uninominal,-17.0317,-65.4659,24,.,.
Bolivia,Cochabamba,Chapare,Villa Tunari,Unidad Educativa Paraiso-Todo Santos,Paraiso-Todo Santos,Uninominal,-16.9063,-65.2959,24,.,.
Bolivia,Cochabamba,Campero,Omereque,Unidad Educativa Perereta,Perereta,Uninominal,-18.132,-64.8208,25,.,.
Bolivia,Cochabamba,Ayopaya,Ayopaya (Villa de Independencia),Unidad Educativa Pocanche,Pocanche,Uninominal,-16.9347,-66.8338,27,.,.
Bolivia,Cochabamba,Carrasco,Pocona,Unidad Educativa Pocona,Pocona,Uninominal,-17.6763,-65.4183,25,.,.
Bolivia,Cochabamba,Mizque,Vila Vila,Unidad Educativa Pocotaica,20 de Mayo,Uninominal,-17.9313,-65.7867,25,.,.
Bolivia,Cochabamba,Carrasco,Totora,Unidad Educativa Potrero,Potrero,Uninominal,-17.8892,-65.0414,25,.,.
Bolivia,Cochabamba,Cercado,Cochabamba,Unidad Educativa Prof. Oscar Rojas Caballero,Cochabamba,Uninominal,-17.435,-66.1514,22,.,.
Bolivia,Cochabamba,Chapare,Colomi,Unidad Educativa Puca Mayu (Colomi),Puca Mayu (Colomi),Uninominal,-17.0187,-65.9027,23,.,.
Bolivia,Cochabamba,Ayopaya,Morochata,Unidad Educativa Pucarani Grande,Pucarani Grande,Uninominal,-17.0858,-66.6624,27,.,.
Bolivia,Cochabamba,Tiraque,Shinahota,Unidad Educativa Puerto Aroma,Nueva Alianza,Uninominal,-17.129,-65.1772,24,.,.
Bolivia,Cochabamba,Carrasco,Chimoré,Unidad Educativa Puerto las Flores,Puerto Las Flores,Especial,-16.4062,-64.682,2,.,.
Bolivia,Cochabamba,Campero,Aiquile,Unidad Educativa Quiroga,Quiroga,Uninominal,-18.4253,-65.2155,25,.,.
Bolivia,Cochabamba,Mizque,Alalay,Unidad Educativa Quturi,Quturi,Uninominal,-17.7631,-65.5357,25,.,.
Bolivia,Cochabamba,Tapacarí,Tapacarí,Unidad Educativa Ramadas,La Ramada,Uninominal,-17.5517,-66.475,27,.,.
Bolivia,Cochabamba,Quillacollo,Vinto,Unidad Educativa Reino Unido,Machac Marca,Uninominal,-17.3836,-66.3387,27,.,.
Bolivia,Cochabamba,Cercado,Cochabamba,Unidad Educativa René Barrientos Ortuño,Pacata,Uninominal,-17.3767,-66.119,23,.,.
Bolivia,Cochabamba,Cercado,Cochabamba,Unidad Educativa René Crespo,Cochabamba,Uninominal,-17.4262,-66.151,21,.,.
Bolivia,Cochabamba,Chapare,Sacaba,Unidad Educativa René Barrientos Ortuño,Pacata,Uninominal,-17.3767,-66.119,23,.,.
Bolivia,Cochabamba,Chapare,Sacaba,Unidad Educativa Republica de Italia,Sacaba,Uninominal,-17.4026,-66.0449,23,.,.
Bolivia,Cochabamba,Carrasco,Entre Ríos,Unidad Educativa Rio Blanco,Rio Blanco,Uninominal,-17.2255,-64.4556,24,.,.
Bolivia,Cochabamba,Capinota,Santivañez,Unidad Educativa Rocha Rancho,Rocha Rancho,Uninominal,-17.5453,-66.1891,26,.,.
Bolivia,Cochabamba,Tiraque,Tiraque,Unidad Educativa Rodeo,Rodeo Bajo,Uninominal,-17.3928,-65.7618,25,.,.
Bolivia,Cochabamba,Carrasco,Pojo,Unidad Educativa Rodeo C,"Rodeo ""C""",Uninominal,-17.836,-64.783,25,.,.
Bolivia,Cochabamba,Carrasco,Totora,Unidad Educativa Rodeo Grande,Rodeo Grande,Uninominal,-17.6611,-65.1313,25,.,.
Bolivia,Cochabamba,Cercado,Cochabamba,Unidad Educativa Rosendo Peña,Cochabamba,Uninominal,-17.3799,-66.1924,20,.,.
Bolivia,Cochabamba,Ayopaya,Ayopaya (Villa de Independencia),Unidad Educativa Sabino Wallku,Tiquirpaya,Uninominal,-17.1167,-66.7306,27,.,.
Bolivia,Cochabamba,Quillacollo,Vinto,Unidad Educativa Sagrada Familia,Vinto,Uninominal,-17.3918,-66.3198,27,.,.
Bolivia,Cochabamba,Chapare,Colomi,Unidad Educativa Samuel Fina Savio,Colomi,Uninominal,-17.3404,-65.8643,23,.,.
Bolivia,Cochabamba,Carrasco,Chimoré,Unidad Educativa San Andrés,San Andres,Uninominal,-17.0901,-65.1036,24,.,.
Bolivia,Cochabamba,Tapacarí,Tapacarí,Unidad Educativa San Antonio,Nueva Florida,Uninominal,-17.5426,-66.831,27,.,.
Bolivia,Cochabamba,Carrasco,Puerto Villarroel,Unidad Educativa San Francisco De Asis,Ivirgarzama,Uninominal,-17.0317,-64.8571,24,.,.
Bolivia,Cochabamba,Chapare,Villa Tunari,Unidad Educativa San Francisco Km 21,San Francisco,Uninominal,-16.7669,-65.3349,24,.,.
Bolivia,Cochabamba,Tiraque,Shinahota,Unidad Educativa San Isidro,San Isidro(Shinahota),Uninominal,-16.9991,-65.3202,24,.,.
Bolivia,Cochabamba,Chapare,Villa Tunari,Unidad Educativa San José de Angosta,San José de Angosta,Especial,-16.4265,-65.9069,2,.,.
Bolivia,Cochabamba,Quillacollo,Colcapirhua,Unidad Educativa San José de Kami,San Jose (Cuatro Esquinas),Uninominal,-17.3674,-66.2354,28,.,.
Bolivia,Cochabamba,Quillacollo,Colcapirhua,Unidad Educativa San Lorenzo,Colcapirhua,Uninominal,-17.3888,-66.2411,28,.,.
Bolivia,Cochabamba,Cercado,Cochabamba,Unidad Educativa San Miguel Alta Tension,Cochabamba,Uninominal,-17.4388,-66.1322,21,.,.
Bolivia,Cochabamba,Carrasco,Chimoré,Unidad Educativa Santa Anita,Santa Anita,Especial,-16.1162,-64.827,2,.,.
Bolivia,Cochabamba,Cercado,Cochabamba,Unidad Educativa Santa Cruz - Eduardo Ocampo Moscoso,Cochabamba,Uninominal,-17.4148,-66.1505,21,.,.
Bolivia,Cochabamba,Carrasco,Chimoré,Unidad Educativa Santa Isabel,Santa Isabel,Especial,-16.5037,-64.7296,2,.,.
Bolivia,Cochabamba,Germán Jordán,Cliza,Unidad Educativa Santa Lucia,Santa Lucia,Uninominal,-17.5862,-65.9582,26,.,.
Bolivia,Cochabamba,Cercado,Cochabamba,Unidad Educativa Santa Maria Micaela,Cochabamba,Uninominal,-17.4072,-66.1766,22,.,.
Bolivia,Cochabamba,Cercado,Cochabamba,Unidad Educativa Santiago,Santiago,Uninominal,-17.34933116,-66.16524739,20,.,.
Bolivia,Cochabamba,Quillacollo,Sipesipe,Unidad Educativa Sauce Rancho,Sauce Rancho,Uninominal,-17.4262,-66.3294,26,.,.
Bolivia,Cochabamba,Campero,Pasorapa,Unidad Educativa Seibas,Seibas,Uninominal,-18.4938,-64.5739,25,.,.
Bolivia,Cochabamba,Germán Jordán,Toco,Unidad Educativa Siches,Siches,Uninominal,-17.668,-65.9456,25,.,.
Bolivia,Cochabamba,Cercado,Cochabamba,Unidad Educativa Siglo XX - Gabriela Mistral,Cochabamba,Uninominal,-17.4333,-66.122,21,.,.
Bolivia,Cochabamba,Quillacollo,Colcapirhua,Unidad Educativa Simon Bolivar (Sumunpaya),Sumunpaya,Uninominal,-17.4028,-66.2351,28,.,.
Bolivia,Cochabamba,Chapare,Villa Tunari,Unidad Educativa Simon Rodriguez (Ex Puca Mayu V. Tunari),Puca Mayu (Villa Tunari),Uninominal,-17.0187,-65.9027,24,.,.
Bolivia,Cochabamba,Ayopaya,Ayopaya (Villa de Independencia),Unidad Educativa Sisi Palermo,Sisi Palermo,Uninominal,-17.2046,-66.837,27,.,.
Bolivia,Cochabamba,Cercado,Cochabamba,Unidad Educativa Stefano Hotellier,Cochabamba,Uninominal,-17.4697,-66.1399,22,.,.
Bolivia,Cochabamba,Tapacarí,Tapacarí,Unidad Educativa Sucre,Tapacari,Uninominal,-17.5135,-66.6253,27,.,.
Bolivia,Cochabamba,Punata,San Benito (Villa José Quintín Mendoza),Unidad Educativa Sunchu Pampa,Sunchu Pampa,Uninominal,-17.5587,-65.9196,26,.,.
Bolivia,Cochabamba,Quillacollo,Sipesipe,Unidad Educativa Suticollo,Suticollo,Uninominal,-17.4668,-66.3357,26,.,.
Bolivia,Cochabamba,Punata,Tacachi,Unidad Educativa Tacachi,Tacachi,Uninominal,-17.6395,-65.8031,25,.,.
Bolivia,Cochabamba,Punata,Punata,Unidad Educativa Tajamar,Punata,Uninominal,-17.5614,-65.8743,26,.,.
Bolivia,Cochabamba,Punata,Punata,Unidad Educativa Tambillo Chico,Punata,Uninominal,-17.5658,-65.8311,26,.,.
Bolivia,Cochabamba,Ayopaya,Ayopaya (Villa de Independencia),Unidad Educativa Tapaza,Tapaza,Uninominal,-17.1788,-66.745,27,.,.
Bolivia,Cochabamba,Esteban Arze,Anzaldo,Unidad Educativa Thago Kasa,Thago Kasa,Uninominal,-17.8914,-65.8291,26,.,.
Bolivia,Cochabamba,Carrasco,Pojo,Unidad Educativa Thago Laguna,Thago Laguna,Uninominal,-17.9531,-64.8614,25,.,.
Bolivia,Cochabamba,Mizque,Mizque,Unidad Educativa Thago Thago,Thago Thago,Uninominal,-17.9808,-65.3672,25,.,.
Bolivia,Cochabamba,Carrasco,Totora,Unidad Educativa Tika Pampa,Tika Pampa,Uninominal,-17.7833,-65.2568,25,.,.
Bolivia,Cochabamba,Mizque,Mizque,Unidad Educativa Tin Tin,Tin Tin,Uninominal,-18.0312,-65.4539,25,.,.
Bolivia,Cochabamba,Carrasco,Totora,Unidad Educativa Tiraque C,"Tiraque ""C""",Uninominal,-17.6704,-65.0955,25,.,.
Bolivia,Cochabamba,Capinota,Capinota,Unidad Educativa Tocohalla,Tocohalla,Uninominal,-17.8619,-66.1306,26,.,.
Bolivia,Cochabamba,Chapare,Villa Tunari,Unidad Educativa Tocopilla,Tocopilla,Uninominal,-16.8106,-65.2642,24,.,.
Bolivia,Cochabamba,Quillacollo,Sipesipe,Unidad Educativa Toribio Claure,Siqui Siquia,Uninominal,-17.4404,-66.3767,26,.,.
Bolivia,Cochabamba,Ayopaya,Cocapata,Unidad Educativa Totorani,Totorani,Uninominal,-17.0137,-66.3917,27,.,.
Bolivia,Cochabamba,Arani,Vacas,Unidad Educativa Totorapampa,Leguajes -Totorapampa,Uninominal,-17.6785,-65.5509,25,.,.
Bolivia,Cochabamba,Carrasco,Chimoré,Unidad Educativa Tres Islas,Tres Islas,Especial,-16.7522,-64.8569,2,.,.
Bolivia,Cochabamba,Carrasco,Chimoré,Unidad Educativa Trinidadcito,Trinidadcito,Especial,-16.45,-64.94,2,.,.
Bolivia,Cochabamba,Ayopaya,Cocapata,Unidad Educativa Tunari (Pucarita),Pucarita -Tunari,Uninominal,-16.9325,-66.7394,27,.,.
Bolivia,Cochabamba,Mizque,Mizque,Unidad Educativa Uchhama Alta,Uchhama Alta,Uninominal,-17.9533,-65.5037,25,.,.
Bolivia,Cochabamba,Quillacollo,Sipesipe,Unidad Educativa Uchu Uchu,Uchu Uchu,Uninominal,-17.3755,-66.4711,26,.,.
Bolivia,Cochabamba,Chapare,Sacaba,Unidad Educativa Ulincate,Sacaba,Uninominal,-17.4085,-66.0056,23,.,.
Bolivia,Cochabamba,Chapare,Villa Tunari,Unidad Educativa Uncia,Uncia,Uninominal,-16.5245,-65.7351,24,.,.
Bolivia,Cochabamba,Carrasco,Puerto Villarroel,Unidad Educativa Valle Tunari,Valle Tunari,Uninominal,-17.2601,-64.6978,24,.,.
Bolivia,Cochabamba,Cercado,Cochabamba,Unidad Educativa Verdad y Vida,Cochabamba,Uninominal,-17.4747,-66.1066,21,.,.
Bolivia,Cochabamba,Bolivar,Bolivar,Unidad Educativa Vilapampa,Vilapampa,Uninominal,-18.0487,-66.6959,27,.,.
Bolivia,Cochabamba,Quillacollo,Quillacollo,Unidad Educativa Villa De Urkupiña,Quillacollo,Uninominal,-17.4193,-66.2897,28,.,.
Bolivia,Cochabamba,Chapare,Sacaba,Unidad Educativa Villa Graciela,Pacata,Uninominal,-17.3724,-66.1309,23,.,.
Bolivia,Cochabamba,Quillacollo,Quillacollo,Unidad Educativa Villa Moderna,Quillacollo,Uninominal,-17.3884,-66.2822,28,.,.
Bolivia,Cochabamba,Chapare,Villa Tunari,Unidad Educativa Villa Nueva,Norte Galilea,Uninominal,-16.6569,-65.3399,24,.,.
Bolivia,Cochabamba,Ayopaya,Ayopaya (Villa de Independencia),Unidad Educativa Villa Pucara,Villa Pucara,Uninominal,-16.9919,-66.9632,27,.,.
Bolivia,Cochabamba,Quillacollo,Sipesipe,Unidad Educativa Viloma,Viloma,Uninominal,-17.4124,-66.3753,26,.,.
Bolivia,Cochabamba,Cercado,Cochabamba,Unidad Educativa Vision Mundial,Cochabamba,Uninominal,-17.4399,-66.1441,21,.,.
Bolivia,Cochabamba,Cercado,Cochabamba,Unidad Educativa Voces Libres,Cochabamba,Uninominal,-17.474,-66.1322,22,.,.
Bolivia,Cochabamba,Tapacarí,Tapacarí,Unidad Educativa Waca Playa,Waca Playa,Uninominal,-17.4582,-66.489,27,.,.
Bolivia,Cochabamba,Punata,San Benito (Villa José Quintín Mendoza),Unidad Educativa Wañakahua,Paracaya,Uninominal,-17.5141,-65.8343,26,.,.
Bolivia,Cochabamba,Mizque,Alalay,Unidad Educativa Yana Khakha,Yana Khakha,Uninominal,-17.8554,-65.6088,25,.,.
Bolivia,Cochabamba,Capinota,Capinota,Unidad Educativa Yatamoco,Yatamoco,Uninominal,-17.7329,-66.2712,26,.,.
Bolivia,Cochabamba,Carrasco,Pojo,Unidad Educativa Yuthupampa,Yuthupampa,Uninominal,-17.746,-64.9935,25,.,.
Bolivia,Cochabamba,Cercado,Cochabamba,Unidad Educativa de La Fuerza Aerea,Cochabamba,Uninominal,-17.4214,-66.1674,22,.,.
Bolivia,Cochabamba,Chapare,Sacaba,Unidad Educativa del Valle,Quintanilla,Uninominal,-17.3827,-66.1094,23,.,.
Bolivia,Cochabamba,Arque,Arque,Unidad Escolar Tupac Katari - Tarujayña,Tarujayña,Uninominal,-17.6746,-66.474,27,.,.
Bolivia,Cochabamba,Cercado,Cochabamba,Universidad Catolica,Cochabamba,Uninominal,-17.372,-66.1439,20,.,.
Bolivia,Cochabamba,Cercado,Cochabamba,Universidad Ucatec (Ex Ceivo),Cochabamba,Uninominal,-17.3711,-66.1368,20,.,.
Bolivia,Cochabamba,Carrasco,Chimoré,Escuela Gerónimo Uzeda Fe y Alegria,Chimoré,Uninominal,-16.9937,-65.1549,24,.,.
Bolivia,Cochabamba,Quillacollo,Tiquipaya,U.E. Monseñor Salomón Romero,Tiquipaya,Uninominal,-17.342158,-66.215778,27,.,.
Bolivia,Cochabamba,Chapare,Sacaba,U.E. Emiliano Villazón,Tacolama Alta,Uninominal,-17.388623,-66.03288,23,.,.
Bolivia,Cochabamba,Esteban Arze,Arbieto,U. E. Casimiro López Terrazas,Angostura,Uninominal,-17.512,-66.088,26,.,.
Bolivia,Cochabamba,Quillacollo,Quillacollo,U.E. Villa Asunción,Quillacollo,Uninominal,-17.407904,-66.295068,28,.,.
Bolivia,Cochabamba,Quillacollo,Quillacollo,U.E. Santiago Apóstol,El Paso,Uninominal,-17.335113,-66.262933,28,.,.
Bolivia,Cochabamba,Quillacollo,Quillacollo,Escuela Arturo Quitón,Quillacollo,Uninominal,-17.364,-66.2757,28,.,.
Bolivia,Cochabamba,Chapare,Colomi,U.E. Sócrates Villazón,Colomi,Uninominal,-17.339893,-65.870138,23,.,.
Bolivia,Cochabamba,Cercado,Cochabamba,Esc. Fiscal Juan XXIII A – Juancito Pinto,Cochabamba,Uninominal,-17.3892,-66.2034,22,.,.
Bolivia,Cochabamba,Cercado,Cochabamba,U.E.Juan Lechin Oquendo,Cochabamba,Uninominal,-17.45174162,-66.1167134,21,.,.
Bolivia,Cochabamba,Cercado,Cochabamba,UE RIVERA GUZMAN,Cochabamba,Uninominal,-17.36307701,-66.14802836,20,.,.
Bolivia,Cochabamba,Cercado,Cochabamba,UE VILLA GRACIELA,Cochabamba,Uninominal,-17.37188322,-66.13089349,20,.,.
Bolivia,Cochabamba,Cercado,Cochabamba,COL. PUERTO MEJILLONES,Cochabamba,Uninominal,-17.37314253,-66.12914928,20,.,.
Bolivia,Cochabamba,Cercado,Cochabamba,UE EDMUNDO BOJANOSQUI,Cochabamba,Uninominal,-17.37060752,-66.12374789,20,.,.
Bolivia,Cochabamba,Cercado,Cochabamba,COLEGIO SEÑOR DE MAYO,Cochabamba,Uninominal,-17.37331931,-66.1176309,20,.,.
Bolivia,Cochabamba,Cercado,Cochabamba,UE MARCELO QUIROGA SANTA CRUZ,Cochabamba,Uninominal,-17.33950747,-66.19662105,20,.,.
Bolivia,Cochabamba,Cercado,Cochabamba,UE RENE BARRIENTOS,Cochabamba,Uninominal,-17.38966028,-66.16078603,20,.,.
Bolivia,Cochabamba,Cercado,Cochabamba,UE LIBERTAD,Cochabamba,Uninominal,-17.42606689,-66.11437256,20,.,.
Bolivia,Cochabamba,Cercado,Cochabamba,UE CONSTANTINO I,Cochabamba,Uninominal,-17.34616145,-66.19397838,20,.,.
Bolivia,Cochabamba,Cercado,Cochabamba,UE. MARISCAL OTTO FELIPE BRAUM,Cochabamba,Uninominal,-17.3501876,-66.18622877,20,.,.
Bolivia,Cochabamba,Cercado,Cochabamba,KINDER ANTOFAGASTA,Cochabamba,Uninominal,.,.,20,.,.
Bolivia,Cochabamba,Cercado,Cochabamba,KINDER BRANCO PETRICEVIC,Cochabamba,Uninominal,-17.37357763,-66.18804995,20,.,.
Bolivia,Cochabamba,Cercado,Cochabamba,ESC. ISSAC ATTIE,Cochabamba,Uninominal,-17.36851779,-66.1943805,20,.,.
Bolivia,Cochabamba,Cercado,Cochabamba,UE TITOS LINDE,Cochabamba,Uninominal,-17.35426855,-66.19972379,20,.,.
Bolivia,Cochabamba,Cercado,Cochabamba,ALDESA SOS,Cochabamba,Uninominal,-17.35069544,-66.19328748,20,.,.
Bolivia,Cochabamba,Cercado,Cochabamba,UE ADRA JUAN XIII,Cochabamba,Uninominal,-17.38519541,-66.20166363,22,.,.
Bolivia,Cochabamba,Cercado,Cochabamba,UE. GUILLERMO URQUIDI,Cochabamba,Uninominal,-17.39532765,-66.16804338,22,.,.
Bolivia,Cochabamba,Cercado,Cochabamba,KINDER SAN JUAQUIN,Cochabamba,Uninominal,-17.41410269,-66.1651044,22,.,.
Bolivia,Cochabamba,Cercado,Cochabamba,UE MARIA NUÑEZ DEL PRADO,Cochabamba,Uninominal,-17.43122362,-66.13693223,21,.,.
Bolivia,Cochabamba,Cercado,Cochabamba,UE MARIANO RICARDO TERRAZAS,Cochabamba,Uninominal,-17.38583818,-66.15947682,21,.,.
Bolivia,Cochabamba,Cercado,Cochabamba,COL. EVANGELICO EMANUEL,Cochabamba,Uninominal,-17.38625445,-66.15883649,21,.,.
Bolivia,Cochabamba,Cercado,Cochabamba,UNIV. LATINO AMERICANA,Cochabamba,Uninominal,-17.39685048,-66.14931844,21,.,.
Bolivia,Cochabamba,Cercado,Cochabamba,COLEGIO DESPERTAD MONTESSORI,Cochabamba,Uninominal,-17.38253907,-66.16623076,20,.,.
Bolivia,Cochabamba,Cercado,Cochabamba,UE REY DE REYES,Cochabamba,Uninominal,-17.38451768,-66.17533256,20,.,.
Bolivia,Cochabamba,Cercado,Cochabamba,CENTRO DE EDUCACION ALTERNATIVA DON BOSCO C,Cochabamba,Uninominal,-17.39117019,-66.17389112,20,.,.
Bolivia,Cochabamba,Cercado,Cochabamba,UE AYNI PACHA,Cochabamba,Uninominal,-17.45423633,-66.11054367,21,.,.
Bolivia,La Paz,Murillo,Nuestra Señora de La Paz,(Cárcel) C.O.F. Miraflores,Nuestra Señora de La Paz,Uninominal,-16.50092,-68.11906,6,.,.
Bolivia,La Paz,Murillo,Nuestra Señora de La Paz,(Cárcel) C.O.F. Obrajes,Nuestra Señora de La Paz,Uninominal,-16.52685,-68.10977,7,.,.
Bolivia,La Paz,Murillo,Nuestra Señora de La Paz,(Cárcel) Panóptico,Nuestra Señora de La Paz,Uninominal,-16.50283,-68.13491,8,.,.
Bolivia,La Paz,Ingavi,Viacha,(Cárcel) San Pedro de Chonchocoro,Viacha,Uninominal,-16.578231,-68.27473,19,.,.
Bolivia,La Paz,Sud Yungas,Yanacachi,Agencia Cantonal,Villa Aspiazu,Uninominal,-16.40772,-67.67539,17,.,.
Bolivia,La Paz,Murillo,Nuestra Señora de La Paz,C. E. Adventista Bello Horizonte,Nuestra Señora de La Paz,Uninominal,-16.50962,-68.14233,8,.,.
Bolivia,La Paz,Bautista Saavedra,Charazani,Callinsani,Sayhuani.,Especial,-15.22253,-68.89539,1,.,.
Bolivia,La Paz,Murillo,Nuestra Señora de La Paz,Cancha Deportiva,Nuestra Señora de La Paz,Uninominal,-16.52828,-68.09735,7,.,.
Bolivia,La Paz,Sud Yungas,Irupana,Cancha de Union Huiri,Uniñn Huiri,Uninominal,-16.30181,-67.35191,17,.,.
Bolivia,La Paz,Murillo,Nuestra Señora de La Paz,Casa Comunal Villa Litoral,Nuestra Señora de La Paz,Uninominal,-16.506315,-68.107941,6,.,.
Bolivia,La Paz,Nor Yungas,Coripata,Casa Cultural San Juan de Coripata,San Juan de Coripata,Uninominal,-16.25786,-67.56571,17,.,.
Bolivia,La Paz,Aroma,Collana,Casa Social,Hichuraya Chico,Uninominal,-16.84444,-68.23739,18,.,.
Bolivia,La Paz,Pacajes,Corocoro,Casa de  Gobierno,Caquingora,Uninominal,-17.2455,-68.49454,19,.,.
Bolivia,La Paz,Inquisivi,Cajuata,Casa de Gobierno,Caquingora,Uninominal,-17.2455,-68.49454,19,.,.
Bolivia,La Paz,Murillo,El Alto,Centro Educativo Catolico Mercedes,El Alto,Uninominal,-16.56526,-68.2159,12,.,.
Bolivia,La Paz,Murillo,Nuestra Señora de La Paz,Centro de Capacitacion Inti Paxsi,Nuestra Señora de La Paz,Uninominal,-16.565214,-68.099657,7,.,.
Bolivia,La Paz,Caranavi,Caranavi,Centro de Salud Santa Ana,Santa Ana de Caranavi,Uninominal,-15.905739,-67.552956,16,.,.
Bolivia,La Paz,Manco Kapac,Copacabana,Centro de Salud Siripaca,Siripaca,Uninominal,-16.09907,-69.06173,14,.,.
Bolivia,La Paz,Murillo,El Alto,Col. 18 de Diciembre,El Alto,Uninominal,-16.58624,-68.17837,12,.,.
Bolivia,La Paz,Murillo,El Alto,Col. 1ro de Mayo,El Alto,Uninominal,-16.53636,-68.19975,11,.,.
Bolivia,La Paz,Murillo,El Alto,Col. 25 de Julio,El Alto,Uninominal,-16.58162,-68.18322,12,.,.
Bolivia,La Paz,Aroma,Sicasica,Col. 6 de Junio,Achaya,Uninominal,-17.23661,-67.46742,18,.,.
Bolivia,La Paz,Murillo,Nuestra Señora de La Paz,Col. American School,Nuestra Señora de La Paz,Uninominal,-16.49319,-68.13224,9,.,.
Bolivia,La Paz,Murillo,Nuestra Señora de La Paz,Col. Amor de Dios,Nuestra Señora de La Paz,Uninominal,-16.51474,-68.119641,8,.,.
Bolivia,La Paz,Pacajes,Calacoto,Col. Antofagasta,Aroma,Uninominal,-19.319523,-67.312972,32,.,.
Bolivia,La Paz,Murillo,El Alto,Col. Atipiris,El Alto,Uninominal,-16.59096,-68.17815,12,.,.
Bolivia,La Paz,Aroma,Ayo Ayo,Col. Ayo Ayo,Ayo Ayo,Uninominal,-17.09241,-68.00532,18,.,.
Bolivia,La Paz,Murillo,El Alto,Col. Basill Miller,El Alto,Uninominal,-16.48812,-68.17461,10,.,.
Bolivia,La Paz,Ingavi,Desaguadero,Col. Batallon Colorados,Desaguadero,Uninominal,-16.56696,-69.03388,19,.,.
Bolivia,La Paz,Murillo,El Alto,Col. Bolivia,El Alto,Uninominal,-16.5416,-68.17217,11,.,.
Bolivia,La Paz,Murillo,El Alto,Col. Calama,El Alto,Uninominal,-16.53144,-68.19262,11,.,.
Bolivia,La Paz,Pacajes,Caquiaviri,Col. Calla Llallagua,Calla Llallagua,Uninominal,-16.92397,-68.68002,19,.,.
Bolivia,La Paz,Pacajes,Calacoto,Col. Camacho,General Camacho,Uninominal,-17.42726,-68.75751,19,.,.
Bolivia,La Paz,Murillo,Nuestra Señora de La Paz,Col. Canada,Nuestra Señora de La Paz,Uninominal,-16.50653,-68.14336,8,.,.
Bolivia,La Paz,Pacajes,Corocoro,Col. Cancasilla,Santa Rosa (Pacajes),Uninominal,-17.10883,-68.60786,19,.,.
Bolivia,La Paz,Murillo,Nuestra Señora de La Paz,Col. Caracas,Nuestra Señora de La Paz,Uninominal,-16.49185,-68.10925,6,.,.
Bolivia,La Paz,Larecaja,Tacacoma,Col. Central San Agustin,Conzata,Uninominal,-15.37926,-68.50902,16,.,.
Bolivia,La Paz,Murillo,Nuestra Señora de La Paz,Col. Cervantes,Nuestra Señora de La Paz,Uninominal,-16.49229,-68.12268,6,.,.
Bolivia,La Paz,Murillo,Nuestra Señora de La Paz,Col. Copacabana,Nuestra Señora de La Paz,Uninominal,-16.49115,-68.116,6,.,.
Bolivia,La Paz,Murillo,Nuestra Señora de La Paz,Col. Cristo Rey,Nuestra Señora de La Paz,Uninominal,-16.49006,-68.11716,6,.,.
Bolivia,La Paz,Murillo,Nuestra Señora de La Paz,Col. Daniel Sanchez Bustamante,Nuestra Señora de La Paz,Uninominal,-16.50356,-68.14701,8,.,.
Bolivia,La Paz,Aroma,Umala,Col. De Ventilla,Santiago de Ventilla,Uninominal,-17.29234,-68.10613,18,.,.
Bolivia,La Paz,Murillo,El Alto,Col. Eduardo Avaroa,El Alto,Uninominal,-16.52774,-68.18268,11,.,.
Bolivia,La Paz,Murillo,El Alto,Col. España,El Alto,Uninominal,-16.58716,-68.19041,12,.,.
Bolivia,La Paz,Murillo,Nuestra Señora de La Paz,Col. Experimental Hugo Davila,Nuestra Señora de La Paz,Uninominal,-16.49929,-68.11927,6,.,.
Bolivia,La Paz,Murillo,Nuestra Señora de La Paz,Col. Felipe 2do. Guzman,Nuestra Señora de La Paz,Uninominal,-16.50593,-68.12112,6,.,.
Bolivia,La Paz,Los Andes,Batallas,Col. Fiscal Boliviano Cubano,Carhuiza,Uninominal,-16.30013,-68.52594,14,.,.
Bolivia,La Paz,Murillo,Nuestra Señora de La Paz,Col. Franz Tamayo,Nuestra Señora de La Paz,Uninominal,-16.49047,-68.15231,9,.,.
Bolivia,La Paz,Murillo,El Alto,Col. Gran Bretaña,El Alto,Uninominal,-16.49338,-68.18764,10,.,.
Bolivia,La Paz,Murillo,Nuestra Señora de La Paz,Col. Gregorio Reynolds,Nuestra Señora de La Paz,Uninominal,-16.51624,-68.13242,8,.,.
Bolivia,La Paz,Murillo,Nuestra Señora de La Paz,Col. Guillen Pinto,Nuestra Señora de La Paz,Uninominal,-16.487,-68.15572,9,.,.
Bolivia,La Paz,Caranavi,Caranavi,Col. Guillermo Molina,Rosario Entre Ríos,Uninominal,-15.77615,-67.44241,16,.,.
Bolivia,La Paz,Ingavi,Viacha,Col. Hacia El Mar,Irpa Chico,Uninominal,-16.75815,-68.24142,19,.,.
Bolivia,La Paz,Murillo,El Alto,Col. Heroes del Pacifico,El Alto,Uninominal,-16.52656,-68.15602,11,.,.
Bolivia,La Paz,Murillo,Nuestra Señora de La Paz,Col. Herschell,Nuestra Señora de La Paz,Uninominal,-16.52725,-68.10605,7,.,.
Bolivia,La Paz,Ingavi,Jesús de Machaka,Col. Holanda,Aguallamaya(Awallamaya),Uninominal,-16.80193,-68.89614,19,.,.
Bolivia,La Paz,Pacajes,Calacoto,Col. Huariscata,Huariscata,Uninominal,-17.83315,-68.80087,19,.,.
Bolivia,La Paz,Pacajes,Calacoto,Col. J. Sarco Kramer,Rosario,Uninominal,-17.42351,-68.81659,19,.,.
Bolivia,La Paz,Pacajes,Corocoro,Col. Jayuma Llallagua,Jayuma Llallagua,Uninominal,-17.29913,-68.48241,19,.,.
Bolivia,La Paz,Caranavi,Caranavi,Col. Jhon F. Keneddy,Caranavi,Uninominal,-15.83448,-67.56451,16,.,.
Bolivia,La Paz,Larecaja,Sorata,Col. Juan XXIII,Sorata,Uninominal,-15.77354,-68.65056,16,.,.
Bolivia,La Paz,Murillo,El Alto,Col. Libertador S. Bolivar,El Alto,Uninominal,-16.52682,-68.17521,11,.,.
Bolivia,La Paz,Murillo,Nuestra Señora de La Paz,Col. Loretto,Nuestra Señora de La Paz,Uninominal,-16.5454,-68.07858,7,.,.
Bolivia,La Paz,Caranavi,Caranavi,Col. Los Andes,Alto Illimani,Uninominal,-15.75793,-67.57357,16,.,.
Bolivia,La Paz,Murillo,Nuestra Señora de La Paz,Col. Luis Espinal Camps,Nuestra Señora de La Paz,Uninominal,-16.52328,-68.14557,8,.,.
Bolivia,La Paz,Murillo,Nuestra Señora de La Paz,Col. Luis Velasco Flores,Nuestra Señora de La Paz,Uninominal,-16.461473,-68.158409,9,.,.
Bolivia,La Paz,Caranavi,Caranavi,Col. Madre Maria Federica,Caranavi,Uninominal,-15.83424,-67.56628,16,.,.
Bolivia,La Paz,Murillo,Nuestra Señora de La Paz,Col. Maria Auxiliadora,Nuestra Señora de La Paz,Uninominal,-16.50292,-68.13763,8,.,.
Bolivia,La Paz,Murillo,Nuestra Señora de La Paz,Col. Marien Garten,Nuestra Señora de La Paz,Uninominal,-16.49042,-68.16064,9,.,.
Bolivia,La Paz,Ingavi,Jesús de Machaka,Col. Mejillones,Mejillones,Uninominal,-16.82421,-68.80325,19,.,.
Bolivia,La Paz,Murillo,El Alto,Col. Mutual La Paz,El Alto,Uninominal,-16.55765,-68.19092,12,.,.
Bolivia,La Paz,Murillo,Nuestra Señora de La Paz,Col. Nacional Ayacucho,Nuestra Señora de La Paz,Uninominal,-16.49409,-68.13404,9,.,.
Bolivia,La Paz,Manco Kapac,Copacabana,Col. Nacional Mixto Copacabana,Copacabana,Uninominal,-16.1632,-69.08396,14,.,.
Bolivia,La Paz,Ingavi,Viacha,Col. Nal. Mixto Calama,Chacoma Irpa Grande,Uninominal,-16.82777,-68.30962,19,.,.
Bolivia,La Paz,Aroma,Umala,Col. Nal. Mixto San José,San José (Aroma),Uninominal,-17.39158,-67.93179,18,.,.
Bolivia,La Paz,Larecaja,Teoponte,Col. Nal. Mixto Teoponte,Teoponte,Uninominal,-15.49505,-67.81804,16,.,.
Bolivia,La Paz,Aroma,Sicasica,Col. Nal. Sica Sica,Sica Sica,Uninominal,-17.33211,-67.7421,18,.,.
Bolivia,La Paz,Los Andes,Pucarani,Col. Nal.Chojña Collo,Chojña Collo,Uninominal,-16.44215,-68.42926,14,.,.
Bolivia,La Paz,Muñecas,Ayata,Col. Nemesio Aliaga Benavente,Ayata,Uninominal,-15.45652,-68.8305,15,.,.
Bolivia,La Paz,Camacho,Puerto Acosta,Col. Nicolas Acosta,Puerto Acosta (Huaycho),Uninominal,-15.53491,-69.25303,14,.,.
Bolivia,La Paz,Ingavi,Taraco,Col. Nucleo Fray José Zampa,Chiripa,Uninominal,-16.43332,-68.82944,19,.,.
Bolivia,La Paz,Sud Yungas,Irupana,Col. Nucleo Rosario,Pariguaya,Uninominal,-16.65357,-67.6368,17,.,.
Bolivia,La Paz,Larecaja,Teoponte,Col. Nucleo Tajlihui,Litoral (Tajlihui),Uninominal,-15.67721,-67.70219,16,.,.
Bolivia,La Paz,Ingavi,Taraco,Col. Ovando Candia,Santa Rosa de Taraco,Uninominal,-16.44834,-68.94234,19,.,.
Bolivia,La Paz,Murillo,Palca,Col. Pedro Domingo Murillo,Palca,Uninominal,-16.561237,-67.952607,18,.,.
Bolivia,La Paz,Murillo,El Alto,Col. Puerto Mejillones,El Alto,Uninominal,-16.52655,-68.15205,11,.,.
Bolivia,La Paz,Murillo,El Alto,Col. Rafael Mendoza,El Alto,Uninominal,-16.49104,-68.19506,10,.,.
Bolivia,La Paz,Ingavi,Jesús de Machaka,Col. Rep. De Noruega,Yauriri de Machaca,Uninominal,-16.77844,-68.74157,19,.,.
Bolivia,La Paz,Murillo,El Alto,Col. Republica De Italia,El Alto,Uninominal,-16.5898,-68.1873,12,.,.
Bolivia,La Paz,Murillo,El Alto,Col. Rotary Chuquiago Marca,El Alto,Uninominal,-16.53573,-68.16711,11,.,.
Bolivia,La Paz,Loayza,Luribay,Col. Rvdo. Victor Aruazo-Plaza Principal,Luribay,Uninominal,-17.06249,-67.6609,18,.,.
Bolivia,La Paz,Murillo,Nuestra Señora de La Paz,Col. San Francisco,Nuestra Señora de La Paz,Uninominal,-16.49661,-68.13798,8,.,.
Bolivia,La Paz,Camacho,Humanata,Col. San Francisco De Padua,Humanata,Uninominal,-15.45604,-69.11379,14,.,.
Bolivia,La Paz,Murillo,Nuestra Señora de La Paz,Col. San Javier,Nuestra Señora de La Paz,Uninominal,-16.48675,-68.15145,9,.,.
Bolivia,La Paz,Camacho,Mocomoco,Col. San José,Pacobamba Cala Cala,Uninominal,-15.39754,-69.06486,14,.,.
Bolivia,La Paz,Caranavi,Caranavi,Col. San Lorenzo,San Lorenzo,Uninominal,-15.79369,-67.50715,16,.,.
Bolivia,La Paz,Camacho,Mocomoco,Col. San Luis Wila Cala,Villa Rosario (Ococoya),Uninominal,-15.35719,-69.04415,14,.,.
Bolivia,La Paz,Murillo,Nuestra Señora de La Paz,Col. San Martin,Nuestra Señora de La Paz,Uninominal,-16.49969,-68.14119,8,.,.
Bolivia,La Paz,Murillo,Mecapaca,Col. San Simon De Ayacucho,Chanca,Uninominal,-16.803398,-67.986635,18,.,.
Bolivia,La Paz,Murillo,El Alto,Col. San Vicente De Paul,El Alto,Uninominal,-16.50516,-68.20663,13,.,.
Bolivia,La Paz,Murillo,Nuestra Señora de La Paz,Col. Santa Ana,Nuestra Señora de La Paz,Uninominal,-16.49671,-68.13152,9,.,.
Bolivia,La Paz,Camacho,Humanata,Col. Santa Ana De Cutucutu,Cutucutu,Uninominal,-15.43143,-69.18256,14,.,.
Bolivia,La Paz,Murillo,El Alto,Col. Santa Maria De Los Angeles,El Alto,Uninominal,-16.49472,-68.17751,10,.,.
Bolivia,La Paz,Murillo,Nuestra Señora de La Paz,Col. Sergio Almaraz,Nuestra Señora de La Paz,Uninominal,-16.49919,-68.11177,6,.,.
Bolivia,La Paz,Manco Kapac,San Pedro de Tiquina,Col. Simon Bolivar,Cruce Culta,Uninominal,-19.070371,-66.206338,31,.,.
Bolivia,La Paz,Camacho,Mocomoco,Col. Tajani,Tajani,Uninominal,-15.61726,-69.0649,14,.,.
Bolivia,La Paz,Nor Yungas,Coroico,Col. Tec. Hum. Cruz Loma,Cruz Loma,Uninominal,-16.200279,-67.697811,17,.,.
Bolivia,La Paz,Murillo,El Alto,Col. Tec. Humanistico José Ballivian,El Alto,Uninominal,-16.48976,-68.1784,10,.,.
Bolivia,La Paz,Pacajes,Charaña,Col. Tec. Humanistico Topater,Piñuta,Uninominal,-17.43627,-69.10415,19,.,.
Bolivia,La Paz,Pacajes,Santiago de Callapa,Col. Tecnico Humanistico Tupac Amaru,Cumaravi,Uninominal,-17.34924,-68.33572,19,.,.
Bolivia,La Paz,Pacajes,Comanche,Col. Tocopilla Cantuyo,Tocopilla Cantuyo,Uninominal,-16.83876,-68.50373,19,.,.
Bolivia,La Paz,Ingavi,Puerto Mayor de Guaqui,Col. Tomas Katari,Florida Km. 7,Uninominal,-16.58405,-68.79683,19,.,.
Bolivia,La Paz,Murillo,El Alto,Col. Topater,El Alto,Uninominal,-16.5635,-68.19929,12,.,.
Bolivia,La Paz,Abel Iturralde,San Buenaventura,Col. Tumupasa B,Tumupasa,Uninominal/Especial,-14.14472,-67.88744,15,.,.
Bolivia,La Paz,Murillo,El Alto,Col. Tunari,El Alto,Uninominal,-16.49841,-68.19628,10,.,.
Bolivia,La Paz,Murillo,El Alto,Col. Vicente Tejada,El Alto,Uninominal,-16.51924,-68.15522,11,.,.
Bolivia,La Paz,Ingavi,La (Marka) San Andrés de Machaca,Col. Villa Pusuma Alto Machaca,Villa Pusuma(Phusuma)Alto Machaca,Uninominal,-16.80326,-69.16449,19,.,.
Bolivia,La Paz,Murillo,Nuestra Señora de La Paz,Colegio  Adolfo  Costa Du Rels,Nuestra Señora de La Paz,Uninominal,-16.482757,-68.129746,6,.,.
Bolivia,La Paz,Muñecas,Aucapata,Colegio 2 de Agosto,Huanco,Uninominal,-15.4182,-68.76146,15,.,.
Bolivia,La Paz,Murillo,El Alto,Colegio 27 de Mayo,El Alto,Uninominal,-16.59973,-68.18954,12,.,.
Bolivia,La Paz,Murillo,Nuestra Señora de La Paz,Colegio 6 de Junio,Santa Cruz de la Sierra,Uninominal,-17.75763,-63.16083,45,.,.
Bolivia,La Paz,Murillo,El Alto,Colegio Adrian Castillo Nava,El Alto,Uninominal,-16.47932,-68.18089,10,.,.
Bolivia,La Paz,Sud Yungas,Chulumani,Colegio Agustin Aspiazu,Chulumani,Uninominal/Especial,-16.40942,-67.52634,17,.,.
Bolivia,La Paz,Inquisivi,Colquiri,Colegio Alto De La Alianza,Pauca,Uninominal,-17.5196,-66.8511,17,.,.
Bolivia,La Paz,Murillo,Nuestra Señora de La Paz,Colegio Amoretti,Nuestra Señora de La Paz,Uninominal,-16.516919,-68.129015,8,.,.
Bolivia,La Paz,Nor Yungas,Coripata,Colegio Andres de Santa Cruz,Arapata,Uninominal/Especial,-16.27026,-67.64132,17,.,.
Bolivia,La Paz,Murillo,El Alto,Colegio Andres de Sta. Cruz,El Alto,Uninominal,-16.48222,-68.21678,10,.,.
Bolivia,La Paz,Omasuyos,Achacachi,Colegio Antofagasta,Chijipina Grande,Uninominal,-15.9962,-68.69424,15,.,.
Bolivia,La Paz,Murillo,Nuestra Señora de La Paz,Colegio Antonio Diaz Villamil,Nuestra Señora de La Paz,Uninominal,-16.49114,-68.13431,9,.,.
Bolivia,La Paz,Murillo,El Alto,Colegio Antonio Paredes Candia,El Alto,Uninominal,-16.47959,-68.21078,10,.,.
Bolivia,La Paz,Murillo,Nuestra Señora de La Paz,Colegio Ave Maria,Nuestra Señora de La Paz,Uninominal,-16.47431,-68.11795,6,.,.
Bolivia,La Paz,Loayza,Luribay,Colegio Azambo,Azambo,Uninominal,-17.00489,-67.63184,18,.,.
Bolivia,La Paz,Ingavi,Viacha,Colegio Ballivian,Viacha,Uninominal,-16.65053,-68.29795,19,.,.
Bolivia,La Paz,General José Manuel Pando,Santiago de Machaca,Colegio Bautista Saavedra,Bautista Saavedra,Uninominal,-17.206,-69.25512,19,.,.
Bolivia,La Paz,Murillo,Nuestra Señora de La Paz,Colegio Bolivar,Nuestra Señora de La Paz,Uninominal,-16.50506,-68.13287,8,.,.
Bolivia,La Paz,Murillo,El Alto,Colegio Bolivia Mar,El Alto,Uninominal,-16.58017,-68.19718,12,.,.
Bolivia,La Paz,Ingavi,La (Marka) San Andrés de Machaca,Colegio Boliviano Japones,Villa Artasihue(Artasiwi),Uninominal,-17.02766,-68.95058,19,.,.
Bolivia,La Paz,Omasuyos,Villa Ancoraimes,Colegio Cajiata,Cajiata,Uninominal,-15.91954,-68.85471,15,.,.
Bolivia,La Paz,Murillo,Nuestra Señora de La Paz,Colegio Canadiense,Nuestra Señora de La Paz,Uninominal,-16.50349,-68.1338,8,.,.
Bolivia,La Paz,Camacho,Mocomoco,Colegio Cariquina Chico,Cariquina Chico,Uninominal,-15.5392,-69.0692,14,.,.
Bolivia,La Paz,Omasuyos,Santiago de Huata,Colegio Central Porejoni,Santa Ana de Ticulasi,Uninominal,-16.10552,-68.83286,15,.,.
Bolivia,La Paz,Manco Kapac,Copacabana,Colegio Challa,Challa(Isla del Sol),Uninominal,-16.012404,-69.173327,14,.,.
Bolivia,La Paz,Ingavi,Jesús de Machaka,Colegio Chama,Chama(Ch'ama),Uninominal,-16.79505,-68.57966,19,.,.
Bolivia,La Paz,Los Andes,Pucarani,Colegio Chiarpata,Villa Pabon de Chiarpata,Uninominal,-16.35778,-68.52587,14,.,.
Bolivia,La Paz,Los Andes,Pucarani,Colegio Cohana,Cohana,Uninominal,-16.37055,-68.65945,14,.,.
Bolivia,La Paz,Pacajes,Comanche,Colegio Comanche,Comanche,Uninominal,-16.95766,-68.42522,19,.,.
Bolivia,La Paz,Camacho,Puerto Mayor de Carabuco,Colegio Cotañani,Cotañani,Uninominal,-15.61601,-68.96169,14,.,.
Bolivia,La Paz,Murillo,Nuestra Señora de La Paz,Colegio Delia Gambarte,Nuestra Señora de La Paz,Uninominal,-16.50602,-68.10197,7,.,.
Bolivia,La Paz,Murillo,Nuestra Señora de La Paz,Colegio Don Bosco (LP),Yaurichambi,Uninominal,-16.31361,-68.46431,14,.,.
Bolivia,La Paz,Murillo,Nuestra Señora de La Paz,Colegio Dora Schmidt,Nuestra Señora de La Paz,Uninominal,-16.503,-68.1224,6,.,.
Bolivia,La Paz,Pacajes,Charaña,Colegio Eduardo Avaroa,Charaña,Uninominal,-17.59194,-69.44685,19,.,.
Bolivia,La Paz,Murillo,El Alto,Colegio Fernando Nogales Castro,El Alto,Uninominal,-16.52565,-68.23376,13,.,.
Bolivia,La Paz,Murillo,Nuestra Señora de La Paz,Colegio Francia,Nuestra Señora de La Paz,Uninominal,-16.48456,-68.1449,9,.,.
Bolivia,La Paz,Murillo,Nuestra Señora de La Paz,Colegio Franco Boliviano,Nuestra Señora de La Paz,Uninominal,-16.53309,-68.07697,7,.,.
Bolivia,La Paz,Nor Yungas,Coripata,Colegio Fraz Tamayo Fe y Alegria,Trinidad Pampa,Uninominal,-16.28096,-67.6668,17,.,.
Bolivia,La Paz,Murillo,Nuestra Señora de La Paz,Colegio German Busch,Cairoma,Uninominal,-16.90495,-67.54138,18,.,.
Bolivia,La Paz,Sud Yungas,Chulumani,Colegio Gral. Armando Escobar Uria,Ocobaya,Uninominal,-16.43177,-67.51199,17,.,.
Bolivia,La Paz,Sud Yungas,Palos Blancos,Colegio Gral. Juan José Torrez,Sillar,Uninominal,-15.43328,-67.15504,16,.,.
Bolivia,La Paz,Gualberto Villarroel,San Pedro de Curahuara,Colegio Hernando Siles,Villa Manquiri,Uninominal,-17.5809,-67.91642,18,.,.
Bolivia,La Paz,Pacajes,Calacoto,Colegio Heroes Del Pacifico,Okururo,Uninominal,-17.86703,-68.76153,19,.,.
Bolivia,La Paz,Murillo,Nuestra Señora de La Paz,Colegio Holanda,Nuestra Señora de La Paz,Uninominal,-16.49805,-68.15083,9,.,.
Bolivia,La Paz,Murillo,El Alto,Colegio Huayna Potosi,El Alto,Uninominal,-16.47742,-68.18628,10,.,.
Bolivia,La Paz,Muñecas,Chuma,Colegio Humanistico Sococoni,Sococoni,Uninominal,-15.7106,-68.87901,15,.,.
Bolivia,La Paz,Murillo,Nuestra Señora de La Paz,Colegio Ignacio Calderon,Nuestra Señora de La Paz,Uninominal,-16.51064,-68.14203,8,.,.
Bolivia,La Paz,Murillo,El Alto,Colegio Illimani,El Alto,Uninominal,-16.54332,-68.20894,12,.,.
Bolivia,La Paz,Sud Yungas,Palos Blancos,Colegio Inicua Alto,Inicua Alto,Uninominal,-15.49705,-67.21655,16,.,.
Bolivia,La Paz,Murillo,Nuestra Señora de La Paz,Colegio Irene Nava,Nuestra Señora de La Paz,Uninominal,-16.46699,-68.11196,6,.,.
Bolivia,La Paz,Murillo,Nuestra Señora de La Paz,Colegio Italia,Nuestra Señora de La Paz,Uninominal,-16.493988,-68.161267,9,.,.
Bolivia,La Paz,Murillo,Nuestra Señora de La Paz,Colegio Jerusalem,Nuestra Señora de La Paz,Uninominal,-16.50195,-68.10326,7,.,.
Bolivia,La Paz,Ingavi,Viacha,Colegio Jhonn F. Kennedi,Villa Remedios (Pocota),Uninominal,-16.77349,-68.17124,19,.,.
Bolivia,La Paz,Ingavi,Tiahuanacu,Colegio José Ballivian,Alto Pomani,Uninominal,-17.17401,-68.08076,18,.,.
Bolivia,La Paz,Pacajes,Corocoro,Colegio José Manuel Pando,José Manuel Pando,Uninominal,-17.2136,-68.49117,19,.,.
Bolivia,La Paz,Aroma,Ayo Ayo,Colegio José Ballivián,Alto Pomani,Uninominal,-17.17401,-68.08076,18,.,.
Bolivia,La Paz,Sud Yungas,Chulumani,Colegio Juan Ramos de Tagma,Tagma,Uninominal/Especial,-16.37452,-67.47916,17,.,.
Bolivia,La Paz,Sud Yungas,La Asunta,Colegio Las Mercedes,Las Mercedes,Uninominal,-16.28541,-67.34164,17,.,.
Bolivia,La Paz,Murillo,Nuestra Señora de La Paz,Colegio Luis Alberto Pabon,Nuestra Señora de La Paz,Uninominal,-16.49122,-68.13418,9,.,.
Bolivia,La Paz,Loayza,Cairoma,Colegio Luis Espinal,Keraya,Uninominal,-16.92918,-67.57736,18,.,.
Bolivia,La Paz,Murillo,El Alto,Colegio Luis Espinal Camps,El Alto,Uninominal,-16.52322,-68.22268,13,.,.
Bolivia,La Paz,Murillo,El Alto,Colegio Luis Espinal Camps (Aeropuerto),El Alto,Uninominal,-16.51796,-68.19802,11,.,.
Bolivia,La Paz,Murillo,El Alto,Colegio M Quiroga Santa Cruz,El Alto,Uninominal,-16.48692,-68.20879,10,.,.
Bolivia,La Paz,Omasuyos,Villa Ancoraimes,Colegio Macamaca,Villa Macamaca,Uninominal,-15.83644,-68.94691,15,.,.
Bolivia,La Paz,Los Andes,Pucarani,Colegio Mario Gutierrez,Villa Iquiaca,Uninominal,-16.40942,-68.5423,14,.,.
Bolivia,La Paz,Murillo,El Alto,Colegio Mariscal Andres De Santa Cruz,El Alto,Uninominal,-16.53367,-68.14963,11,.,.
Bolivia,La Paz,Omasuyos,Achacachi,Colegio Mariscal Santa Cruz,Achacachi,Uninominal,-16.04263,-68.68538,15,.,.
Bolivia,La Paz,Murillo,El Alto,Colegio Martin Cardenas,Puerto Chaguaya,Uninominal,-15.78911,-69.03745,14,.,.
Bolivia,La Paz,Murillo,Nuestra Señora de La Paz,Colegio Max Toledo,Nuestra Señora de La Paz,Uninominal,-16.49414,-68.15351,9,.,.
Bolivia,La Paz,Ingavi,Tiahuanacu,Colegio Nacional Arturo Posnanski,Tiahuanacu,Uninominal,-16.55647,-68.67873,19,.,.
Bolivia,La Paz,Camacho,Puerto Acosta,Colegio Nacional Mixto Chiñaya,Chiñaya Seis de Agosto,Uninominal,-15.52736,-69.11092,14,.,.
Bolivia,La Paz,Camacho,Puerto Mayor de Carabuco,Colegio Nacional Mixto Chuani,Chuani,Uninominal,-15.64204,-68.98556,14,.,.
Bolivia,La Paz,Omasuyos,Huatajata,Colegio Nacional Mixto Huatajata,Huatajata,Uninominal,-16.2081,-68.70113,15,.,.
Bolivia,La Paz,Manco Kapac,Tito Yupanqui,Colegio Nacional Mixto Tito Yupanqui,Tito Yupanqui (Parquipujiu),Uninominal,-16.19247,-68.95449,14,.,.
Bolivia,La Paz,Camacho,Puerto Acosta,Colegio Nacional Sallacucho,Sallacucho Kellahuyo,Uninominal,-15.49551,-69.20315,14,.,.
Bolivia,La Paz,Murillo,El Alto,Colegio Nestor Paz,El Alto,Uninominal,-16.54344,-68.23247,12,.,.
Bolivia,La Paz,Murillo,Nuestra Señora de La Paz,Colegio Nuestra Señora de Fatima,Nuestra Señora de La Paz,Uninominal,-16.47554,-68.12103,6,.,.
Bolivia,La Paz,Omasuyos,Achacachi,Colegio Omasuyos,Achacachi,Uninominal,-16.04657,-68.68598,15,.,.
Bolivia,La Paz,Murillo,El Alto,Colegio Particular San Miguel,El Alto,Uninominal,-16.49355,-68.21574,13,.,.
Bolivia,La Paz,Camacho,Puerto Mayor de Carabuco,Colegio Pasarani,Pasarani (Cruz Pata),Uninominal,-15.57729,-68.9835,14,.,.
Bolivia,La Paz,Sud Yungas,La Asunta,Colegio Pedro Domingo Murillo,Cota Pata,Uninominal,-15.99563,-67.17278,17,.,.
Bolivia,La Paz,General José Manuel Pando,Santiago de Machaca,Colegio Pedro Kramer,Berenguela,Uninominal,-17.28709,-69.21403,19,.,.
Bolivia,La Paz,Pacajes,Calacoto,Colegio Playa Vinto,Playa Vinto,Uninominal,-17.76429,-68.91974,19,.,.
Bolivia,La Paz,Muñecas,Chuma,Colegio Pocoaya,Pocoaya,Uninominal,-15.4475,-68.91715,15,.,.
Bolivia,La Paz,Murillo,El Alto,Colegio Puerto Del Rosario,El Alto,Uninominal,-16.54459,-68.19044,11,.,.
Bolivia,La Paz,Murillo,Nuestra Señora de La Paz,Colegio René Barrientos,Nuestra Señora de La Paz,Uninominal,-16.53858,-68.07787,7,.,.
Bolivia,La Paz,Loayza,Yaco,Colegio Republica Venezuela,Villa Puchuni (Loayza),Uninominal,-17.27501,-67.33579,18,.,.
Bolivia,La Paz,Murillo,Nuestra Señora de La Paz,Colegio Saint Peters,Nuestra Señora de La Paz,Uninominal,-16.50428,-68.13634,8,.,.
Bolivia,La Paz,Murillo,Nuestra Señora de La Paz,Colegio San Antonio de Padua (Temporal),Nuestra Señora de La Paz,Uninominal,-16.492584,-68.140251,9,.,.
Bolivia,La Paz,Murillo,Nuestra Señora de La Paz,Colegio San Ignacio,Nuestra Señora de La Paz,Uninominal,-16.53659,-68.09715,7,.,.
Bolivia,La Paz,Murillo,El Alto,Colegio San José,El Alto,Uninominal,-16.48123,-68.17645,10,.,.
Bolivia,La Paz,Murillo,Nuestra Señora de La Paz,Colegio San Luis,Nuestra Señora de La Paz,Uninominal,-16.513676,-68.134956,8,.,.
Bolivia,La Paz,Los Andes,Pucarani,Colegio San Salvador,Patamanta,Uninominal,-16.37475,-68.37844,14,.,.
Bolivia,La Paz,Omasuyos,Santiago de Huata,Colegio Santiago De Huata,Santiago de Huata,Uninominal,-16.05531,-68.81879,15,.,.
Bolivia,La Paz,Nor Yungas,Coripata,Colegio Santiago Tocoroni,Santiago Tocoroni,Uninominal,-16.26809,-67.55057,17,.,.
Bolivia,La Paz,Franz Tamayo,Apolo,Colegio Santísima Trinidad,Aten,Uninominal,-14.93176,-68.33105,15,.,.
Bolivia,La Paz,Murillo,Nuestra Señora de La Paz,Colegio Sergio Villegas,Nuestra Señora de La Paz,Uninominal,-16.51187,-68.09919,7,.,.
Bolivia,La Paz,Omasuyos,Achacachi,Colegio Simon Bolivar,Santa Cruz de la Sierra,Uninominal,-17.82358,-63.1228,48,.,.
Bolivia,La Paz,Murillo,Nuestra Señora de La Paz,Colegio Simon Rodriguez,Sucre,Uninominal,-19.05121,-65.25462,1,.,.
Bolivia,La Paz,Omasuyos,Achacachi,Colegio Suñasivi,Suñasivi,Uninominal,-15.98684,-68.64019,15,.,.
Bolivia,La Paz,Aroma,Sicasica,Colegio Tawantinsuyo,Esteban Arce,Uninominal,-17.38684,-67.63738,18,.,.
Bolivia,La Paz,Camacho,Mocomoco,Colegio Tecnico Yocarguaya,Yocarhuaya,Uninominal,-15.58194,-69.0155,14,.,.
Bolivia,La Paz,Murillo,Nuestra Señora de La Paz,Colegio Topater,Nuestra Señora de La Paz,Uninominal,-16.49198,-68.10408,7,.,.
Bolivia,La Paz,Sud Yungas,Irupana,Colegio Tte.Cnl. Rafael Pabon,Tres R?¡os,Uninominal,-16.57078,-67.79365,17,.,.
Bolivia,La Paz,Ingavi,La (Marka) San Andrés de Machaca,Colegio Tupak Katari De Conchacollo,Conchacollo(Kuncha qullu),Uninominal,-16.7345,-68.99821,19,.,.
Bolivia,La Paz,Los Andes,Batallas,Colegio Técnico Humanístico Chirapaca,Chirapaca,Uninominal,-16.29834,-68.49313,14,.,.
Bolivia,La Paz,Manco Kapac,San Pedro de Tiquina,Colegio Villa Amacari,Villa Amacari,Uninominal,-16.25432,-68.86105,14,.,.
Bolivia,La Paz,Loayza,Luribay,Colegio Villa Litoral,Villa Litoral (Cutty),Uninominal,-17.08772,-67.6229,18,.,.
Bolivia,La Paz,Murillo,Nuestra Señora de La Paz,Colegio Villarroel,Nuestra Señora de La Paz,Uninominal,-16.4961,-68.14117,8,.,.
Bolivia,La Paz,Murillo,El Alto,Colegio Walter Alpire 1er Patio,El Alto,Uninominal,-16.49505,-68.21351,13,.,.
Bolivia,La Paz,Murillo,El Alto,Colegio Walter Alpire 2do Patio,El Alto,Uninominal,-16.49505,-68.21351,13,.,.
Bolivia,La Paz,Gualberto Villarroel,San Pedro de Curahuara,Colegio Wisco Kari,R?¡o Mulato Kari,Uninominal,-17.72286,-67.96583,18,.,.
Bolivia,La Paz,Murillo,Nuestra Señora de La Paz,Complejo Deportivo Camiri,Nuestra Señora de La Paz,Uninominal,-16.47857,-68.11738,6,.,.
Bolivia,La Paz,Murillo,Nuestra Señora de La Paz,Complejo Deportivo San Luis,Nuestra Señora de La Paz,Uninominal,-16.511687,-68.135919,8,.,.
Bolivia,La Paz,Murillo,Nuestra Señora de La Paz,Coop. Educacional San Marcos Ltda.,Nuestra Señora de La Paz,Uninominal,-16.49973,-68.13071,9,.,.
Bolivia,La Paz,Murillo,Nuestra Señora de La Paz,Dir. Distrital de Educación,Nuestra Señora de La Paz,Uninominal,-16.49939,-68.12583,9,.,.
Bolivia,La Paz,Murillo,Nuestra Señora de La Paz,E.N.S.A.F.,Nuestra Señora de La Paz,Uninominal,-16.50412,-68.11926,6,.,.
Bolivia,La Paz,Larecaja,Tipuani,Esc. 16 de Julio,Chima,Uninominal,-15.5816,-68.04258,16,.,.
Bolivia,La Paz,Ingavi,Viacha,Esc. 18 de Noviembre,Viacha,Uninominal,-16.64955,-68.2989,19,.,.
Bolivia,La Paz,Murillo,Nuestra Señora de La Paz,Esc. Abraham Lincoln,Nuestra Señora de La Paz,Uninominal,-16.47846,-68.14679,9,.,.
Bolivia,La Paz,Ingavi,Viacha,Esc. Achica Arriba,Achica Arriba,Uninominal,-16.71439,-68.18732,19,.,.
Bolivia,La Paz,Pacajes,Caquiaviri,Esc. Achiri,Achiri,Uninominal,-17.21467,-69.00089,19,.,.
Bolivia,La Paz,Murillo,Nuestra Señora de La Paz,Esc. Alcides Arguedas,Nuestra Señora de La Paz,Uninominal,-16.50126,-68.141,8,.,.
Bolivia,La Paz,Murillo,Nuestra Señora de La Paz,Esc. Alfredo Vargas,Nuestra Señora de La Paz,Uninominal,-16.48322,-68.12498,6,.,.
Bolivia,La Paz,Murillo,Nuestra Señora de La Paz,Esc. Alonzo De Mendoza,Nuestra Señora de La Paz,Uninominal,-16.50274,-68.12307,6,.,.
Bolivia,La Paz,Murillo,Nuestra Señora de La Paz,Esc. Alto Tembladerani,Nuestra Señora de La Paz,Uninominal,-16.51458,-68.14673,8,.,.
Bolivia,La Paz,Larecaja,Tacacoma,Esc. Ananea,Ananea,Uninominal,-15.5341,-68.6505,16,.,.
Bolivia,La Paz,Pacajes,Caquiaviri,Esc. Antaquira Villa Belen,Antaquira Villa Belén,Uninominal,-17.08638,-68.66805,19,.,.
Bolivia,La Paz,Ingavi,Desaguadero,Esc. Azafranal,Azafranal,Uninominal,-16.58226,-68.99149,19,.,.
Bolivia,La Paz,Murillo,El Alto,Esc. Ballivian,El Alto,Uninominal,-16.49026,-68.17644,10,.,.
Bolivia,La Paz,Sud Yungas,La Asunta,Esc. Batallon Colorados,Chamaca,Uninominal,-16.24007,-67.23377,17,.,.
Bolivia,La Paz,Murillo,El Alto,Esc. Bolivar Municipal,El Alto,Uninominal,-16.53657,-68.18821,11,.,.
Bolivia,La Paz,Larecaja,Guanay,Esc. C. Crespo,Guanay,Uninominal/Especial,-15.50123,-67.8819,16,.,.
Bolivia,La Paz,Caranavi,Caranavi,Esc. C. de Chojna,Chojña,Uninominal,-15.95466,-67.56999,16,.,.
Bolivia,La Paz,Aroma,Ayo Ayo,Esc. Calacachi,Villa Carmen Calacachi,Uninominal,-17.06024,-68.14827,18,.,.
Bolivia,La Paz,Pacajes,Caquiaviri,Esc. Calama Quintavi,Calama Quintavi,Uninominal,-17.26844,-68.86324,19,.,.
Bolivia,La Paz,Pacajes,Caquiaviri,Esc. Caquiaviri,Caquiaviri,Uninominal,-17.02134,-68.60491,19,.,.
Bolivia,La Paz,Caranavi,Caranavi,Esc. Carrasco La Reserva,Carrasco la Reserva,Uninominal,-15.73402,-67.51271,16,.,.
Bolivia,La Paz,Pacajes,Caquiaviri,Esc. Central,Laura Llocolloco,Uninominal,-16.90038,-68.57354,19,.,.
Bolivia,La Paz,Larecaja,Sorata,Esc. Central Carazani,Carazani,Uninominal,-15.73627,-68.76967,16,.,.
Bolivia,La Paz,Inquisivi,Inquisivi,Esc. Central Cavari,Cavari,Uninominal,-17.07948,-66.99092,17,.,.
Bolivia,La Paz,Larecaja,Sorata,Esc. Central Cheje,Cheje,Uninominal,-15.79368,-68.6847,16,.,.
Bolivia,La Paz,Los Andes,Pucarani,Esc. Central Chipamaya,Ascenciñn Chipamaya,Uninominal,-16.38573,-68.42702,14,.,.
Bolivia,La Paz,Larecaja,Sorata,Esc. Central Chojlla,Chacapa,Uninominal,-15.8526,-68.35152,16,.,.
Bolivia,La Paz,Aroma,Calamarca,Esc. Central Choritotora,Choritotora,Uninominal,-16.84568,-68.08884,18,.,.
Bolivia,La Paz,Larecaja,Tacacoma,Esc. Central Chumisa,Chumisa,Uninominal,-15.58669,-68.65643,16,.,.
Bolivia,La Paz,Sud Yungas,Irupana,Esc. Central La Plazuela,La Plazuela,Uninominal,-16.52655,-67.40361,17,.,.
Bolivia,La Paz,Inquisivi,Ichoca,Esc. Central Luruta,Luruta,Uninominal,-17.23102,-67.12575,17,.,.
Bolivia,La Paz,Ingavi,Tiahuanacu,Esc. Central Pillapi,Pillapi San Agustin,Uninominal,-16.5035,-68.7683,19,.,.
Bolivia,La Paz,Sud Yungas,Palos Blancos,Esc. Central Sapecho,Sapecho,Uninominal,-15.55851,-67.33434,16,.,.
Bolivia,La Paz,Larecaja,Combaya,Esc. Central Sorejaya,San Pedro de Sorejaya,Uninominal,-15.8242,-68.76491,16,.,.
Bolivia,La Paz,Larecaja,Sorata,Esc. Central de Yani,Yani,Uninominal,-15.63402,-68.53834,16,.,.
Bolivia,La Paz,Ingavi,Viacha,Esc. Centro Tilata,Tilata,Uninominal,-16.58882,-68.23033,19,.,.
Bolivia,La Paz,Abel Iturralde,San Buenaventura,Esc. Chaupy Yachay Huasi,San José de Chupiamonas,Especial,-14.21644,-68.05549,1,.,.
Bolivia,La Paz,Gualberto Villarroel,San Pedro de Curahuara,Esc. Chilaguala,Chilaguala,Uninominal,-17.47809,-68.01054,18,.,.
Bolivia,La Paz,Pacajes,Charaña,Esc. Chinocavi,Chinocavi,Uninominal,-17.72286,-69.33294,19,.,.
Bolivia,La Paz,Pacajes,Caquiaviri,Esc. Chojna Pampa De Vichaya,Chojña Pampa de Vichaya,Uninominal,-17.12527,-68.71049,19,.,.
Bolivia,La Paz,Murillo,Nuestra Señora de La Paz,Esc. Chucura,Chucura,Uninominal,-16.27567,-68.10157,6,.,.
Bolivia,La Paz,Murillo,Nuestra Señora de La Paz,Esc. Club De Leones,Nuestra Señora de La Paz,Uninominal,-16.49451,-68.15932,9,.,.
Bolivia,La Paz,Manco Kapac,Copacabana,Esc. Col. Tec. Humanistico Huacuyo,Huacuyo,Uninominal,-16.17805,-69.03305,14,.,.
Bolivia,La Paz,Sud Yungas,Chulumani,Esc. Colopampa,Colopampa,Uninominal,-16.28799,-67.53527,17,.,.
Bolivia,La Paz,Camacho,Puerto Acosta,Esc. Cota Pata,Cota Pata (Camacho),Uninominal,-15.61913,-69.21085,14,.,.
Bolivia,La Paz,Murillo,Nuestra Señora de La Paz,Esc. Ecuador,Nuestra Señora de La Paz,Uninominal,-16.50871,-68.12662,8,.,.
Bolivia,La Paz,Murillo,Nuestra Señora de La Paz,Esc. Eduardo Avaroa,Caripuyo,Uninominal,-18.231887,-66.474879,38,.,.
Bolivia,La Paz,Murillo,Nuestra Señora de La Paz,Esc. Educacional Luis  Ernest,Nuestra Señora de La Paz,Uninominal,-16.46655,-68.15179,9,.,.
Bolivia,La Paz,Murillo,El Alto,Esc. Elizardo Perez,Huancarani,Uninominal,-18.789702,-66.64683,31,.,.
Bolivia,La Paz,Abel Iturralde,Ixiamas,Esc. Esperanza Del Madidi,Esperanza del Madidi,Uninominal,-12.61393,-67.17106,15,.,.
Bolivia,La Paz,Ingavi,Viacha,Esc. Evaristo Valle,Viacha,Uninominal,-16.65074,-68.29871,19,.,.
Bolivia,La Paz,Caranavi,Caranavi,Esc. F. Incahuara,Incahuara de Kullu Cuchu,Uninominal,-15.97782,-67.59956,16,.,.
Bolivia,La Paz,Nor Yungas,Coroico,Esc. Felix Reyes Ortiz,Coroico,Uninominal/Especial,-16.188039,-67.726538,17,.,.
Bolivia,La Paz,Larecaja,Sorata,Esc. Fernando Eloy Guachalla,Ilabaya Guachalla,Uninominal,-15.80826,-68.65588,16,.,.
Bolivia,La Paz,Murillo,Nuestra Señora de La Paz,Esc. Francisco De Miranda,Nuestra Señora de La Paz,Uninominal,-16.53112,-68.09369,7,.,.
Bolivia,La Paz,Ingavi,La (Marka) San Andrés de Machaca,Esc. Franz Tamayo,Santa Ana de Machaka,Uninominal,-16.78762,-68.61249,19,.,.
Bolivia,La Paz,Murillo,Nuestra Señora de La Paz,Esc. Genoveva Rios,Nuestra Señora de La Paz,Uninominal,-16.50161,-68.10799,6,.,.
Bolivia,La Paz,Abel Iturralde,Ixiamas,Esc. German Busch,Bella Vista Marka,Uninominal,-18.054506,-67.637986,32,.,.
Bolivia,La Paz,Murillo,Nuestra Señora de La Paz,Esc. Gil Tapia Rada,Nuestra Señora de La Paz,Uninominal,-16.45705,-68.15082,9,.,.
Bolivia,La Paz,Murillo,Nuestra Señora de La Paz,Esc. Gral. José Manuel Pando,Nuestra Señora de La Paz,Uninominal,-16.499701,-68.1498,8,.,.
Bolivia,La Paz,Pacajes,Charaña,Esc. Gualberto Villarroel,Sacabaya,Uninominal,-18.573018,-68.788524,32,.,.
Bolivia,La Paz,Pacajes,Santiago de Callapa,Esc. Huayllapanta,Huayllapanta,Uninominal,-17.27865,-68.26348,19,.,.
Bolivia,La Paz,Pacajes,Santiago de Callapa,Esc. Huichuraya,Guana Grande,Uninominal,-17.33394,-68.43911,19,.,.
Bolivia,La Paz,Murillo,Nuestra Señora de La Paz,Esc. Ind. Pedro Domingo Murillo,Nuestra Señora de La Paz,Uninominal,-16.47472,-68.15194,9,.,.
Bolivia,La Paz,Ingavi,Puerto Mayor de Guaqui,Esc. Ismael Montes,Puerto Guaqui,Uninominal,-16.59324,-68.85074,19,.,.
Bolivia,La Paz,Pacajes,Caquiaviri,Esc. Jihuacuta,Jihuacuta,Uninominal,-17.1179,-68.78035,19,.,.
Bolivia,La Paz,Aroma,Sicasica,Esc. José M. Pando,Panduro,Uninominal,-17.49286,-67.44505,18,.,.
Bolivia,La Paz,Los Andes,Pucarani,Esc. José Salmon Ballivian,Pucarani,Uninominal,-16.39758,-68.47432,14,.,.
Bolivia,La Paz,Murillo,Nuestra Señora de La Paz,Esc. José Santos,Nuestra Señora de La Paz,Uninominal,-16.53238,-68.14185,8,.,.
Bolivia,La Paz,Gualberto Villarroel,San Pedro de Curahuara,Esc. Juan Cancio Colque,Conchari,Uninominal,-17.65724,-68.10113,18,.,.
Bolivia,La Paz,Camacho,Puerto Acosta,Esc. Jupani,Jupani,Uninominal,-15.49459,-69.25771,14,.,.
Bolivia,La Paz,Murillo,El Alto,Esc. Juvenal Mariaca,El Alto,Uninominal,-16.49689,-68.17067,10,.,.
Bolivia,La Paz,Pacajes,Comanche,Esc. Kella Kella,Kella Kella,Uninominal,-16.9197,-68.41179,19,.,.
Bolivia,La Paz,Murillo,Nuestra Señora de La Paz,Esc. La Merced,Nuestra Señora de La Paz,Uninominal,-16.46617,-68.11915,6,.,.
Bolivia,La Paz,Murillo,Nuestra Señora de La Paz,Esc. Ladislao Cabrera,Nuestra Señora de La Paz,Uninominal,-16.500702,-68.149588,8,.,.
Bolivia,La Paz,Pacajes,Calacoto,Esc. Laguna Blanca,Laguna Blanca,Uninominal,-17.6079,-68.61784,19,.,.
Bolivia,La Paz,Murillo,El Alto,Esc. Libertad en las Americas,El Alto,Uninominal,-16.53351,-68.15623,11,.,.
Bolivia,La Paz,Murillo,Nuestra Señora de La Paz,Esc. Limanipata 10 De Junio,Nuestra Señora de La Paz,Uninominal,-16.4425,-68.14423,9,.,.
Bolivia,La Paz,Ingavi,La (Marka) San Andrés de Machaca,Esc. Litoral Chuncarcota,Chunkara Quta,Uninominal,-16.79199,-69.02103,19,.,.
Bolivia,La Paz,Murillo,El Alto,Esc. Los Andes,El Alto,Uninominal,-16.49493,-68.18398,10,.,.
Bolivia,La Paz,Murillo,El Alto,Esc. Luis Espinal Camps,El Alto,Uninominal,-16.4796,-68.16608,10,.,.
Bolivia,La Paz,Sud Yungas,Palos Blancos,Esc. Mapurichuqui,Mapurichuqui,Uninominal,-15.53334,-67.38571,16,.,.
Bolivia,La Paz,Larecaja,Guanay,Esc. Mariapu,Mariapu,Especial,-15.40095,-68.05544,1,.,.
Bolivia,La Paz,Murillo,Nuestra Señora de La Paz,Esc. Mcal Santa Cruz,Nuestra Señora de La Paz,Uninominal,-16.49557,-68.13808,8,.,.
Bolivia,La Paz,Ingavi,Desaguadero,Esc. Mcal. Andres De Santa Cruz,San Juan de Huancollo,Uninominal,-16.58847,-68.95457,19,.,.
Bolivia,La Paz,Camacho,Puerto Mayor de Carabuco,Esc. Mcal. Sucre,Ambaná,Uninominal,-15.6083,-68.96303,14,.,.
Bolivia,La Paz,Larecaja,Tipuani,Esc. Mixta German Busch,Cangalli,Uninominal,-15.558952,-68.003045,16,.,.
Bolivia,La Paz,Larecaja,Quiabaya,Esc. Mixta Julio Cordero,Quiabaya,Uninominal,-15.63772,-68.70292,16,.,.
Bolivia,La Paz,Manco Kapac,San Pedro de Tiquina,Esc. Mixta San Pablo De Tiquina,San Pablo de Tiquina,Uninominal,-16.21544,-68.84653,14,.,.
Bolivia,La Paz,Larecaja,Teoponte,Esc. Mixta Tomachi,Tomachi,Uninominal/Especial,-15.47837,-67.73718,16,.,.
Bolivia,La Paz,Los Andes,Puerto Pérez,Esc. Mixto 16 De Julio,Isla Suriqui,Uninominal,-16.30686,-68.76075,14,.,.
Bolivia,La Paz,Franz Tamayo,Apolo,Esc. Mojos,Mojos,Uninominal,-14.56084,-68.89278,15,.,.
Bolivia,La Paz,Murillo,Nuestra Señora de La Paz,Esc. Mscal Andres De Santa Cruz,Choro,Uninominal,-15.762663,-67.676034,6,.,.
Bolivia,La Paz,Murillo,Nuestra Señora de La Paz,Esc. Mscal. Antonio José De Sucre,Nuestra Señora de La Paz,Uninominal,-16.48678,-68.07882,7,.,.
Bolivia,La Paz,Caranavi,Caranavi,Esc. Mscal. Santa Cruz,Carrasco,Uninominal,-15.74751,-67.4963,16,.,.
Bolivia,La Paz,Pacajes,Santiago de Callapa,Esc. N. Canuhuta,Canuhuta,Uninominal,-17.42123,-68.47823,19,.,.
Bolivia,La Paz,Caranavi,Caranavi,Esc. N. Choro,Choro,Uninominal,-16.03343,-67.63139,16,.,.
Bolivia,La Paz,Pacajes,Calacoto,Esc. N. Lerco,Lerco,Uninominal,-17.5797,-68.47871,19,.,.
Bolivia,La Paz,Murillo,Nuestra Señora de La Paz,Esc. Natalia Palacios,Nuestra Señora de La Paz,Uninominal,-16.49431,-68.13138,9,.,.
Bolivia,La Paz,Larecaja,Sorata,Esc. Nemecio Ayala,Chuchulaya,Uninominal,-15.713,-68.7309,16,.,.
Bolivia,La Paz,Larecaja,Tipuani,Esc. Nestor Paz Zamora,Cotapampa,Uninominal/Especial,-15.51995,-68.0163,16,.,.
Bolivia,La Paz,Murillo,Nuestra Señora de La Paz,Esc. Nicolas  Fernandez Naranjo,Nuestra Señora de La Paz,Uninominal,-16.48321,-68.1405,9,.,.
Bolivia,La Paz,Larecaja,Sorata,Esc. Nucleo Abispaya,Tintilaya (O. Bosque),Uninominal,-15.7081,-68.69788,16,.,.
Bolivia,La Paz,Larecaja,Sorata,Esc. Nucleo Cocoy,Cocoy,Uninominal,-15.78752,-68.44633,16,.,.
Bolivia,La Paz,Ingavi,Jesús de Machaka,Esc. Nucleo Cuipa Espana de Machaca,Cuipa España de Machaca,Uninominal,-16.79134,-68.63845,19,.,.
Bolivia,La Paz,Ingavi,La (Marka) San Andrés de Machaca,Esc. Nucleo Laquinamaya,Laquinamaya(Lakinamaya),Uninominal,-16.94843,-69.19246,19,.,.
Bolivia,La Paz,Larecaja,Sorata,Esc. Nucleo Laripata,Laripata,Uninominal,-15.75021,-68.66778,16,.,.
Bolivia,La Paz,Larecaja,Sorata,Esc. Nucleo San Antonio de Millipa,San Antonio de Millipaya,Uninominal,-15.87464,-68.61856,16,.,.
Bolivia,La Paz,Larecaja,Combaya,Esc. Nucleo Ticamblaya,Ticamblaya,Uninominal,-15.83537,-68.73175,16,.,.
Bolivia,La Paz,Larecaja,Teoponte,Esc. Nucleo Villa Aroma,Villa Aroma,Uninominal,-15.59438,-67.7086,16,.,.
Bolivia,La Paz,Caranavi,Caranavi,Esc. P. Domingo Murillo,Taypiplaya,Uninominal,-15.93649,-67.47856,16,.,.
Bolivia,La Paz,Murillo,Nuestra Señora de La Paz,Esc. Pablo Iturri,Nuestra Señora de La Paz,Uninominal,-16.45948,-68.10268,6,.,.
Bolivia,La Paz,Pacajes,Calacoto,Esc. Pablo Lavadens,Calacoto,Uninominal,-17.28291,-68.63289,19,.,.
Bolivia,La Paz,Murillo,Nuestra Señora de La Paz,Esc. Panama,Nuestra Señora de La Paz,Uninominal,-16.49475,-68.12434,6,.,.
Bolivia,La Paz,Pacajes,Corocoro,Esc. Pedro Domingo Murillo,Tomata,Uninominal,-17.1975,-68.2065,19,.,.
Bolivia,La Paz,Inquisivi,Quime,Esc. Pongo B2,Molinos,Uninominal,-16.98723,-67.27655,17,.,.
Bolivia,La Paz,Pacajes,Santiago de Callapa,Esc. Poquevillque,Poquevillque,Uninominal,-17.32858,-68.27715,19,.,.
Bolivia,La Paz,Murillo,El Alto,Esc. Primavera,El Alto,Uninominal,-16.53725,-68.1945,11,.,.
Bolivia,La Paz,Gualberto Villarroel,Chacarilla,Esc. Puerto Aroma,Puerto Aroma,Uninominal,-17.46223,-68.16104,18,.,.
Bolivia,La Paz,Camacho,Puerto Acosta,Esc. Puerto Belen,Belen de Pasuja,Uninominal,-15.59171,-69.28316,14,.,.
Bolivia,La Paz,Camacho,Mocomoco,Esc. Quillima,Quillima,Uninominal,-15.62034,-69.02345,14,.,.
Bolivia,La Paz,Murillo,Nuestra Señora de La Paz,Esc. Remberto Tapia,Nuestra Señora de La Paz,Uninominal,-16.50409,-68.14641,8,.,.
Bolivia,La Paz,Sud Yungas,Palos Blancos,Esc. Remolinos,Remolino,Uninominal,-15.70205,-67.10275,16,.,.
Bolivia,La Paz,Sud Yungas,La Asunta,Esc. René Barrientos Ortuno,Mairana,Uninominal,-18.11939,-63.95997,56,.,.
Bolivia,La Paz,Murillo,Nuestra Señora de La Paz,Esc. Republica Del Peru,Nuestra Señora de La Paz,Uninominal,-16.50675,-68.12861,8,.,.
Bolivia,La Paz,Pacajes,Charaña,Esc. Rio Blanco,R?¡o Blanco,Uninominal,-17.8919,-69.07213,19,.,.
Bolivia,La Paz,Aroma,Patacamaya,Esc. Roberto Pabon,Patacamaya,Uninominal,-17.24177,-67.91753,18,.,.
Bolivia,La Paz,Murillo,Nuestra Señora de La Paz,Esc. Rural Canaviri,Cañaviri,Uninominal,-16.17418,-68.13701,6,.,.
Bolivia,La Paz,Camacho,Puerto Mayor de Carabuco,Esc. S. M. De Yaricoa,San Miguel de Yaricoa,Uninominal,-15.67951,-69.08703,14,.,.
Bolivia,La Paz,Camacho,Humanata,Esc. S.J. De Pacollo,Pacollo (Camacho),Uninominal,-15.42445,-69.19728,14,.,.
Bolivia,La Paz,Murillo,Nuestra Señora de La Paz,Esc. Sagrado Corazon De Jesus,Nuestra Señora de La Paz,Uninominal,-16.507,-68.153354,8,.,.
Bolivia,La Paz,Ingavi,Jesús de Machaka,Esc. San Felipe De Corpa,Corpa,Uninominal,-16.67783,-68.8671,19,.,.
Bolivia,La Paz,Murillo,Nuestra Señora de La Paz,Esc. San José,San Jose-Maropa,Especial,-14.30772,-67.37435,6,.,.
Bolivia,La Paz,Larecaja,Guanay,Esc. San Juan de Challana,San Juan de Challana,Uninominal,-15.504062,-67.867222,16,.,.
Bolivia,La Paz,Muñecas,Ayata,Esc. San Juanito,Cuibaja Grande,Uninominal,-15.3747,-68.75811,15,.,.
Bolivia,La Paz,Ingavi,Viacha,Esc. San Luis,Viacha,Uninominal,-16.65029,-68.29977,19,.,.
Bolivia,La Paz,Murillo,Nuestra Señora de La Paz,Esc. San Martin,Nuestra Señora de La Paz,Uninominal,-16.49783,-68.11597,6,.,.
Bolivia,La Paz,Murillo,Nuestra Señora de La Paz,Esc. San Miguel,Nuestra Señora de La Paz,Uninominal,-16.54603,-68.14462,8,.,.
Bolivia,La Paz,Sud Yungas,Palos Blancos,Esc. San Miguel de Huachi,San Miguel de Huachi,Uninominal,-15.67505,-67.13039,16,.,.
Bolivia,La Paz,Caranavi,Caranavi,Esc. San Pedro,San Pedro,Uninominal,-16.00981,-67.61211,16,.,.
Bolivia,La Paz,Sud Yungas,Palos Blancos,Esc. Santa Ana De Mosetenes,Santa Ana de Mosetenes,Uninominal/Especial,-15.51087,-67.42593,16,.,.
Bolivia,La Paz,Murillo,Nuestra Señora de La Paz,Esc. Santa Rosa De Lima,Nuestra Señora de La Paz,Uninominal,-16.536837,-68.038099,7,.,.
Bolivia,La Paz,Ingavi,Jesús de Machaka,Esc. Secc. Khonkho,Qhunqhu,Uninominal,-16.7936,-68.67211,19,.,.
Bolivia,La Paz,Larecaja,Guanay,Esc. Secc. Mixta La Fabulosa,Mina Fabulosa,Uninominal,-16.07889,-68.24464,16,.,.
Bolivia,La Paz,Sud Yungas,Palos Blancos,Esc. Secc. Puerto Carmen,Puerto Carmen,Uninominal,-15.72647,-67.10754,16,.,.
Bolivia,La Paz,Larecaja,Guanay,Esc. Secc. Trapicheponte,Trapicheponte,Uninominal/Especial,-15.64004,-67.74178,16,.,.
Bolivia,La Paz,Larecaja,Sorata,Esc. Secc. de Ankoma Sur,Ankoma,Uninominal,-15.74682,-68.5121,16,.,.
Bolivia,La Paz,Larecaja,Guanay,Esc. Secc. de Poroma,Poroma,Uninominal,-15.66636,-67.876,16,.,.
Bolivia,La Paz,Pacajes,Corocoro,Esc. Seccional Anco Aque,Anco Aque,Uninominal,-17.17361,-68.19199,19,.,.
Bolivia,La Paz,Camacho,Puerto Acosta,Esc. Seccional Cancanani,San Juan de Cancanani,Uninominal,-15.479,-69.10598,14,.,.
Bolivia,La Paz,Larecaja,Sorata,Esc. Seccional Chussi,Chussi,Uninominal,-15.6224,-68.2317,16,.,.
Bolivia,La Paz,Aroma,Patacamaya,Esc. Seccional Jatuquira,Pusuta,Uninominal,-17.26879,-67.85796,18,.,.
Bolivia,La Paz,Camacho,Mocomoco,Esc. Seccional V. Jachatira,Villa Jachatira,Uninominal,-15.53999,-69.03743,14,.,.
Bolivia,La Paz,Murillo,Nuestra Señora de La Paz,Esc. Sergio Suarez,Nuestra Señora de La Paz,Uninominal,-16.48701,-68.13206,9,.,.
Bolivia,La Paz,Pacajes,Charaña,Esc. Sicuani Condoroca,Ladislao Cabrera,Uninominal,-17.4963,-69.46599,19,.,.
Bolivia,La Paz,Inquisivi,Colquiri,Esc. Simon Bolivar,Calama,Uninominal,-15.62007,-67.59677,16,.,.
Bolivia,La Paz,Omasuyos,Achacachi,Esc. Simon Boliviar,Achacachi,Uninominal,-16.04526,-68.69108,15,.,.
Bolivia,La Paz,Aroma,Ayo Ayo,Esc. Sta. Rosa de Lima,Santa Rosa de Lima Pomani,Uninominal,-17.13371,-68.06953,18,.,.
Bolivia,La Paz,Sud Yungas,Irupana,Esc. T.C. Rafael Pabon,Tableria,Uninominal,-16.49079,-67.34905,17,.,.
Bolivia,La Paz,Ingavi,Taraco,Esc. Taraco,Taraco,Uninominal,-16.45572,-68.8576,19,.,.
Bolivia,La Paz,Murillo,El Alto,Esc. Tarapaca,El Alto,Uninominal,-16.60872,-68.18806,12,.,.
Bolivia,La Paz,Aroma,Patacamaya,Esc. Taypillanga,Ex Hacienda Taypillanga,Uninominal,-17.30549,-67.90216,18,.,.
Bolivia,La Paz,Inquisivi,Quime,Esc. Teodomiro Urquiola,Quime,Uninominal,-16.97982,-67.21542,17,.,.
Bolivia,La Paz,General José Manuel Pando,Catacora,Esc. Thola Collo,Thola Collo,Uninominal,-17.23441,-69.55451,19,.,.
Bolivia,La Paz,Muñecas,Chuma,Esc. Timusi,Timusi,Uninominal,-15.66374,-68.86244,15,.,.
Bolivia,La Paz,Gualberto Villarroel,Papel Pampa,Esc. Tituza,Tituza,Uninominal,-17.60931,-67.57115,18,.,.
Bolivia,La Paz,Pacajes,Corocoro,Esc. Topohoco,Topohoco,Uninominal,-17.16903,-68.24099,19,.,.
Bolivia,La Paz,Camacho,Mocomoco,Esc. Tuntunani,Tuntunani,Uninominal,-15.50293,-68.9683,14,.,.
Bolivia,La Paz,Caranavi,Caranavi,Esc. Tupac Katari,Chijchipani,Uninominal,-15.8093,-67.4232,16,.,.
Bolivia,La Paz,Pacajes,Calacoto,Esc. Ulloma,Ulloma,Uninominal,-17.4915,-68.49041,19,.,.
Bolivia,La Paz,Sud Yungas,Palos Blancos,Esc. Unid Edu. Palos Blancos,Palos Blancos,Uninominal,-15.58425,-67.24989,16,.,.
Bolivia,La Paz,Loayza,Luribay,Esc. Unidad Educativa Bravo,Bravo,Uninominal,-16.95887,-67.68433,18,.,.
Bolivia,La Paz,Larecaja,Tacacoma,Esc. Unidad Educativa Camillaya,Acha Pampa,Uninominal,-15.43699,-68.57066,16,.,.
Bolivia,La Paz,Abel Iturralde,Ixiamas,Esc. Unidad Educativa De Tahua,Tahua,Uninominal,-13.86159,-67.90891,15,.,.
Bolivia,La Paz,Larecaja,Sorata,Esc. Unidad Educativa Okara,Ocara,Uninominal,-15.67581,-68.3903,16,.,.
Bolivia,La Paz,Camacho,Mocomoco,Esc. Unidad Educativa Pacaures,Pacaures,Uninominal,-15.5844,-69.0611,14,.,.
Bolivia,La Paz,Caranavi,Caranavi,Esc. Uyunense,Uyunense,Uninominal,-15.86842,-67.58036,16,.,.
Bolivia,La Paz,Pacajes,Corocoro,Esc. Vicenta Juariste Eguino,Coro Coro,Uninominal,-17.1773,-68.45507,19,.,.
Bolivia,La Paz,Sud Yungas,Irupana,Esc. Victor Centellas,Laza,Uninominal/Especial,-16.42614,-67.4448,17,.,.
Bolivia,La Paz,Sud Yungas,Irupana,Esc. Victorio Lanza,Victorio  Lanza,Uninominal,-16.40116,-67.43213,17,.,.
Bolivia,La Paz,Ingavi,Viacha,Esc. Viliroco,Viacha,Uninominal,-16.606627,-68.259068,19,.,.
Bolivia,La Paz,Pacajes,Caquiaviri,Esc. Villa Chocorosi,Villa Chocorosi,Uninominal,-17.14096,-68.84946,19,.,.
Bolivia,La Paz,Murillo,Nuestra Señora de La Paz,Esc. Walter Straub,Nuestra Señora de La Paz,Uninominal,-16.54204,-68.06351,7,.,.
Bolivia,La Paz,Sud Yungas,La Asunta,Esc. Yanamayu,Yanamayu,Uninominal,-16.25433,-67.24638,17,.,.
Bolivia,La Paz,Murillo,Nuestra Señora de La Paz,Escuela 13 de Junio Chinchaya,Nuestra Señora de La Paz,Uninominal,-16.48442,-68.08366,7,.,.
Bolivia,La Paz,Murillo,El Alto,Escuela 16 de Febrero,El Alto,Uninominal,-16.50302,-68.22742,13,.,.
Bolivia,La Paz,Murillo,Nuestra Señora de La Paz,Escuela 6 de Agosto,Cochabamba,Uninominal,-17.4853,-66.1732,22,.,.
Bolivia,La Paz,Pacajes,Calacoto,Escuela Achavico,Achavico,Uninominal,-17.41066,-68.92034,19,.,.
Bolivia,La Paz,Murillo,Nuestra Señora de La Paz,Escuela Agustin Aspiazu,Nuestra Señora de La Paz,Uninominal,-16.50753,-68.12946,8,.,.
Bolivia,La Paz,Omasuyos,Achacachi,Escuela Ajllata Grande,Ajllata Grande,Uninominal,-16.02371,-68.7886,15,.,.
Bolivia,La Paz,Murillo,Nuestra Señora de La Paz,Escuela Alto Achumani,Nuestra Señora de La Paz,Uninominal,-16.51433,-68.05845,7,.,.
Bolivia,La Paz,Inquisivi,Colquiri,Escuela Aniceto Arce,Chicote Grande,Uninominal,-17.35054,-66.87982,17,.,.
Bolivia,La Paz,Loayza,Luribay,Escuela Anquimoa,Anquioma,Uninominal,-16.99854,-67.66051,18,.,.
Bolivia,La Paz,Los Andes,Pucarani,Escuela Antofagasta,Cochabamba,Uninominal,-17.3867,-66.1855,20,.,.
Bolivia,La Paz,Omasuyos,Achacachi,Escuela Aplicacion Huarizata,Huarizata,Uninominal,-15.97352,-68.66218,15,.,.
Bolivia,La Paz,Omasuyos,Achacachi,Escuela Apuraya,Apuraya,Uninominal,-16.0668,-68.74739,15,.,.
Bolivia,La Paz,Omasuyos,Huarina,Escuela Apuvillque Morocollo,Apuvillque Morocollo,Uninominal,-16.13322,-68.64399,15,.,.
Bolivia,La Paz,General José Manuel Pando,Santiago de Machaca,Escuela Atacuni,General José Ballivián (Atacuni),Uninominal,-17.17518,-69.15105,19,.,.
Bolivia,La Paz,Bautista Saavedra,Charazani,Escuela Atique,Atique,Uninominal,-15.19225,-68.93712,15,.,.
Bolivia,La Paz,Omasuyos,Achacachi,Escuela Belen,Belén (Omasuyos),Uninominal,-16.01776,-68.70184,15,.,.
Bolivia,La Paz,Omasuyos,Huarina,Escuela Bernabe Ledezma,Coromata Alta,Uninominal,-16.12266,-68.54478,15,.,.
Bolivia,La Paz,Murillo,El Alto,Escuela Brasil,El Alto,Uninominal,-16.49082,-68.20975,13,.,.
Bolivia,La Paz,Aroma,Patacamaya,Escuela Calama,Iquiaca de Umala,Uninominal,-17.24388,-67.93645,18,.,.
Bolivia,La Paz,Murillo,Nuestra Señora de La Paz,Escuela Callapa (Plaza De Callapa),Nuestra Señora de La Paz,Uninominal,-16.49957,-68.09043,7,.,.
Bolivia,La Paz,Nor Yungas,Coripata,Escuela Capitan Luis Revero Sanchez,Coripata,Uninominal/Especial,-16.31971,-67.60426,17,.,.
Bolivia,La Paz,Inquisivi,Colquiri,Escuela Caquena Entre Rios,Caquena,Uninominal,-17.32234,-67.00492,17,.,.
Bolivia,La Paz,Los Andes,Pucarani,Escuela Catavi,Catavi,Uninominal,-16.48189,-68.58923,14,.,.
Bolivia,La Paz,Murillo,Palca,Escuela Cayimbaya,Cayimbaya,Uninominal,-16.713843,-67.75253,18,.,.
Bolivia,La Paz,Omasuyos,Achacachi,Escuela Central Casamaya,Casamaya,Uninominal,-16.04042,-68.59995,15,.,.
Bolivia,La Paz,Los Andes,Puerto Pérez,Escuela Central Cascachi,Cascachi,Uninominal,-16.3437,-68.67452,14,.,.
Bolivia,La Paz,General José Manuel Pando,Santiago de Machaca,Escuela Central Huari Phujo,Santiago de Huari Phujo,Uninominal,-17.13798,-69.04736,19,.,.
Bolivia,La Paz,Bautista Saavedra,Charazani,Escuela Central Moyapampa,Moyapampa,Uninominal,-15.26653,-69.00706,15,.,.
Bolivia,La Paz,Muñecas,Chuma,Escuela Central Titicachi,Titicachi,Uninominal,-15.50673,-68.81434,15,.,.
Bolivia,La Paz,Inquisivi,Colquiri,Escuela Central Uyuni,Uyuni,Uninominal,-17.44477,-66.91545,17,.,.
Bolivia,La Paz,Caranavi,Caranavi,Escuela Central Villamontes,Villamontes,Uninominal,-15.8295,-67.31539,16,.,.
Bolivia,La Paz,Camacho,Puerto Acosta,Escuela Centro Belen,Chiluni,Uninominal,-15.60047,-69.11071,14,.,.
Bolivia,La Paz,Camacho,Puerto Acosta,Escuela Chacahuara,Wirupaya,Uninominal,-15.49251,-69.31122,14,.,.
Bolivia,La Paz,Muñecas,Chuma,Escuela Chajlaya,Chajlaya,Uninominal,-15.68445,-68.90194,15,.,.
Bolivia,La Paz,Loayza,Yaco,Escuela Challoma,Challoma,Uninominal,-17.17411,-67.48557,18,.,.
Bolivia,La Paz,Bautista Saavedra,Charazani,Escuela Charazani,Charazani,Uninominal/Especial,-15.17054,-68.98535,15,.,.
Bolivia,La Paz,Murillo,Nuestra Señora de La Paz,Escuela Chasquipampa,Nuestra Señora de La Paz,Uninominal,-16.537806,-68.045343,7,.,.
Bolivia,La Paz,Los Andes,Pucarani,Escuela Chojasivi,Chojasivi,Uninominal,-16.44042,-68.69275,14,.,.
Bolivia,La Paz,Omasuyos,Chua Cocani,Escuela Chua Cocani,Chua Cocani,Uninominal,-16.18941,-68.74966,15,.,.
Bolivia,La Paz,Larecaja,Tipuani,Escuela Chuquini,Chuquini,Uninominal,-15.61108,-68.08243,16,.,.
Bolivia,La Paz,Gualberto Villarroel,Papel Pampa,Escuela Circa Cruzani,Circa Cruzani,Uninominal,-17.71481,-67.62467,18,.,.
Bolivia,La Paz,Murillo,Nuestra Señora de La Paz,Escuela Ciudad Del Niño,Nuestra Señora de La Paz,Uninominal,-16.49375,-68.09786,7,.,.
Bolivia,La Paz,Sud Yungas,Palos Blancos,Escuela Cocochi,Cocochi,Uninominal,-15.76373,-67.03598,16,.,.
Bolivia,La Paz,Murillo,Palca,Escuela Cohoni,Cohoni,Uninominal,-16.711202,-67.838726,18,.,.
Bolivia,La Paz,Aroma,Patacamaya,Escuela Colchani,Colchani,Uninominal,-17.23891,-67.85081,18,.,.
Bolivia,La Paz,Gualberto Villarroel,Papel Pampa,Escuela Colque Amaya Alta,Colque Amaya Alta,Uninominal,-17.57081,-67.78625,18,.,.
Bolivia,La Paz,Larecaja,Sorata,Escuela Combilili,Combilili,Uninominal,-15.75265,-68.7889,16,.,.
Bolivia,La Paz,Omasuyos,Chua Cocani,Escuela Corpachilaya,Soncachi,Uninominal,-16.19794,-68.71874,15,.,.
Bolivia,La Paz,Murillo,Palca,Escuela Cotaña,Cotaña.,Uninominal,-16.72519,-67.717594,18,.,.
Bolivia,La Paz,Muñecas,Aucapata,Escuela Dr. Angel Gemio Ergueta,Aucapata,Uninominal,-15.48481,-68.72099,15,.,.
Bolivia,La Paz,Aroma,Sicasica,Escuela Eden,Pujravi (Lahuachaca),Uninominal,-17.37538,-67.67335,18,.,.
Bolivia,La Paz,Murillo,Mecapaca,Escuela El Palomar,Palomar,Uninominal,-16.700895,-68.004706,18,.,.
Bolivia,La Paz,Loayza,Luribay,Escuela El Porvenir,Porvenir,Uninominal,-17.03213,-67.55268,18,.,.
Bolivia,La Paz,Inquisivi,Inquisivi,Escuela Eliodoro Camacho,Licomapampa (Villa Libertad),Uninominal,-16.80501,-67.20383,17,.,.
Bolivia,La Paz,Murillo,Nuestra Señora de La Paz,Escuela Eloy Alvarez Plata,Nuestra Señora de La Paz,Uninominal,-16.48382,-68.14813,9,.,.
Bolivia,La Paz,Omasuyos,Villa Ancoraimes,Escuela Franz Tamayo,Ancoraimes,Uninominal,-15.89587,-68.90729,15,.,.
Bolivia,La Paz,Bautista Saavedra,Charazani,Escuela General Ramon Gonzales,Gral. Ramñn Gonzales,Uninominal/Especial,-15.19276,-69.0027,15,.,.
Bolivia,La Paz,Los Andes,Batallas,Escuela Genoveva Rios,Batallas,Uninominal,-16.30003,-68.53124,14,.,.
Bolivia,La Paz,Ingavi,Jesús de Machaka,Escuela German Busch,La Enconada,Uninominal,-17.73404,-62.93764,47,.,.
Bolivia,La Paz,Murillo,El Alto,Escuela Guaqui,El Alto,Uninominal,-16.47567,-68.17409,10,.,.
Bolivia,La Paz,Murillo,Mecapaca,Escuela Huaricana Alto,Huaricana,Uninominal,-16.730586,-67.938942,18,.,.
Bolivia,La Paz,Manco Kapac,Tito Yupanqui,Escuela Huatapampa,Huatapampa,Uninominal,-16.17676,-68.95433,14,.,.
Bolivia,La Paz,Inquisivi,Quime,Escuela Huaynacota,Huayñacota,Uninominal,-17.03332,-67.28345,17,.,.
Bolivia,La Paz,Camacho,Puerto Mayor de Carabuco,Escuela Huilacunca,Huilacunca,Uninominal,-15.56903,-68.94692,14,.,.
Bolivia,La Paz,Murillo,Mecapaca,Escuela Jankosuni,Jankosuni,Uninominal,-16.795408,-67.870686,18,.,.
Bolivia,La Paz,Nor Yungas,Coroico,Escuela Jhon F. Kennedy,Challajahuira,Uninominal,-16.092288,-67.696914,17,.,.
Bolivia,La Paz,Murillo,Nuestra Señora de La Paz,Escuela John F. Kennedy,Nuestra Señora de La Paz,Uninominal,-16.47704,-68.1515,9,.,.
Bolivia,La Paz,Inquisivi,Ichoca,Escuela José Antonio De Sucre,German Busch,Uninominal,-17.25527,-67.30527,17,.,.
Bolivia,La Paz,Abel Iturralde,San Buenaventura,Escuela José Manuel Pando,San Buenaventura,Uninominal,-14.438452,-67.535419,15,.,.
Bolivia,La Paz,Inquisivi,Colquiri,Escuela José Miguel Lanza,Lanza (Mohoza),Uninominal,-17.36096,-66.94537,17,.,.
Bolivia,La Paz,Murillo,El Alto,Escuela Juan Carlos Flores Bedregal,El Alto,Uninominal,-16.50096,-68.22012,13,.,.
Bolivia,La Paz,Murillo,El Alto,Escuela Juan José Torrez,El Alto,Uninominal,-16.47051,-68.17109,10,.,.
Bolivia,La Paz,Murillo,Nuestra Señora de La Paz,Escuela Juan Pablo II,Nuestra Señora de La Paz,Uninominal,-16.53394,-68.1031,7,.,.
Bolivia,La Paz,Bautista Saavedra,Curva,Escuela Kapna,Kapna,Especial,-14.95543,-68.90353,1,.,.
Bolivia,La Paz,Omasuyos,Achacachi,Escuela Killosa,Cota Muyta,Uninominal,-15.93228,-68.70744,15,.,.
Bolivia,La Paz,Pacajes,Santiago de Callapa,Escuela Libertador Simon Boliviar,Tierra Grande,Uninominal,-17.43119,-68.2121,19,.,.
Bolivia,La Paz,Aroma,Colquencha,Escuela Litoral,Micaya,Uninominal,-16.95084,-68.22531,18,.,.
Bolivia,La Paz,Larecaja,Sorata,Escuela Machacamarca,Machacamarca.,Uninominal,-15.72192,-68.78627,16,.,.
Bolivia,La Paz,Omasuyos,Huarina,Escuela Mariscal De Santa Cruz,Huarina,Uninominal,-16.19093,-68.60149,15,.,.
Bolivia,La Paz,Muñecas,Chuma,Escuela Maximiliano Ortiz,Chuma,Uninominal,-15.4816,-68.89848,15,.,.
Bolivia,La Paz,Nor Yungas,Coripata,Escuela Milluhuaya Alto,Milluhuaya,Uninominal,-16.37393,-67.61317,17,.,.
Bolivia,La Paz,Inquisivi,Villa Libertad Licoma,Escuela Mixta Charapaxi,Charapaxi,Uninominal,-16.84146,-67.1801,17,.,.
Bolivia,La Paz,Loayza,Luribay,Escuela Murmuntani,Murmuntani,Uninominal,-17.08703,-67.5434,18,.,.
Bolivia,La Paz,Muñecas,Ayata,Escuela Nucleo Elizardo Perez De M.,Mollo Tarisquia,Uninominal,-15.50827,-68.80567,15,.,.
Bolivia,La Paz,Abel Iturralde,Ixiamas,Escuela Nueva Idiamas,Nueva Idiama,Uninominal,-13.64052,-68.44615,15,.,.
Bolivia,La Paz,Larecaja,Guanay,Escuela Pablo Amaya,Pablo Amaya,Uninominal,-15.97806,-68.21191,16,.,.
Bolivia,La Paz,Larecaja,Sorata,Escuela Pacollo,Pacollo.,Uninominal,-15.85605,-68.64767,16,.,.
Bolivia,La Paz,Larecaja,Guanay,Escuela Pajonal Vilaque,Pajonal Vilaque,Especial,-15.41886,-68.05408,1,.,.
Bolivia,La Paz,Larecaja,Tacacoma,Escuela Pallayunga,Pallayunga,Uninominal,-15.46068,-68.60498,16,.,.
Bolivia,La Paz,Muñecas,Chuma,Escuela Palohuaya,Palohuaya,Uninominal,-15.63676,-68.8721,15,.,.
Bolivia,La Paz,Murillo,Nuestra Señora de La Paz,Escuela Pedro Poveda,Nuestra Señora de La Paz,Uninominal,-16.5103,-68.11266,6,.,.
Bolivia,La Paz,Murillo,Nuestra Señora de La Paz,Escuela Piloto Naciones Unidas,Nuestra Señora de La Paz,Uninominal,-16.49925,-68.1187,6,.,.
Bolivia,La Paz,Inquisivi,Colquiri,Escuela Pipini,Pipini,Uninominal,-17.48633,-66.92647,17,.,.
Bolivia,La Paz,Pacajes,Calacoto,Escuela Playa Verde,Playa Verde,Uninominal,-17.37746,-68.56482,19,.,.
Bolivia,La Paz,Sud Yungas,Yanacachi,Escuela Puente Villa,Puente Villa,Uninominal,-16.40512,-67.64563,17,.,.
Bolivia,La Paz,Abel Iturralde,Ixiamas,Escuela Puerto Araona,Puerto Araona,Especial,-12.52156,-67.77129,1,.,.
Bolivia,La Paz,Los Andes,Puerto Pérez,Escuela Puerto Perez,Puerto Pérez,Uninominal,-16.28587,-68.60112,14,.,.
Bolivia,La Paz,Sud Yungas,La Asunta,Escuela Puerto Rico,Puerto Rico (Ibañez),Uninominal,-18.00683,-63.39142,56,.,.
Bolivia,La Paz,Murillo,Palca,Escuela Quillihuaya,Quillihuaya,Uninominal,-16.666063,-67.90135,18,.,.
Bolivia,La Paz,Murillo,El Alto,Escuela Raul Salmon De La Barra,El Alto,Uninominal,-16.49883,-68.21005,13,.,.
Bolivia,La Paz,Murillo,El Alto,Escuela Republica de China Popular,El Alto,Uninominal,-16.50772,-68.23643,13,.,.
Bolivia,La Paz,Murillo,Nuestra Señora de La Paz,Escuela Republica de Japon,Nuestra Señora de La Paz,Uninominal,-16.51144,-68.14366,8,.,.
Bolivia,La Paz,Inquisivi,Ichoca,Escuela Republica de Venezuela,Villa San Antonio Sirarani,Uninominal,-17.15735,-67.08401,17,.,.
Bolivia,La Paz,Murillo,Nuestra Señora de La Paz,Escuela Republica del Brasil,Nuestra Señora de La Paz,Uninominal,-16.49013,-68.14114,9,.,.
Bolivia,La Paz,Pacajes,Santiago de Callapa,Escuela Romero Pampa,Romero Pampa,Uninominal,-17.35947,-68.23565,19,.,.
Bolivia,La Paz,Murillo,Nuestra Señora de La Paz,Escuela Rosemari de Barrientos,Nuestra Señora de La Paz,Uninominal,-16.52519,-68.08743,7,.,.
Bolivia,La Paz,Muñecas,Ayata,Escuela Saihuani,Saihuani,Uninominal,-15.44397,-68.77344,15,.,.
Bolivia,La Paz,Aroma,Umala,Escuela San Miguel de Copani,San Miguel Copani,Uninominal,-17.33392,-68.06709,18,.,.
Bolivia,La Paz,Omasuyos,Huatajata,Escuela Sanca Jahuira,Sancajahuira,Uninominal,-16.21417,-68.66814,15,.,.
Bolivia,La Paz,Larecaja,Sorata,Escuela Santa Maria,Santa Maria,Uninominal,-15.58872,-68.21433,16,.,.
Bolivia,La Paz,Murillo,Nuestra Señora de La Paz,Escuela Santa Rosa La Florida,Nuestra Señora de La Paz,Uninominal,-16.54617,-68.09236,7,.,.
Bolivia,La Paz,Nor Yungas,Coroico,Escuela Santa Rosa de Quilo Quilo,Sta. Rosa de Quilo Quilo,Uninominal,-16.03682,-67.81871,17,.,.
Bolivia,La Paz,Murillo,Mecapaca,Escuela Santiago de Collana,Santiago de Collana.,Uninominal,-16.668473,-67.969827,18,.,.
Bolivia,La Paz,General José Manuel Pando,Santiago de Machaca,Escuela Santiago de Machaca,Santiago de Machaca,Uninominal,-17.06675,-69.19207,19,.,.
Bolivia,La Paz,Bautista Saavedra,Charazani,Escuela Seccional Chari,Chari,Especial,-15.17468,-69.041,1,.,.
Bolivia,La Paz,Omasuyos,Villa Ancoraimes,Escuela Seccional Chiñaja,Chiñaja,Uninominal,-15.76956,-68.83353,15,.,.
Bolivia,La Paz,Inquisivi,Colquiri,Escuela Seccional Chualla,Chualla,Uninominal,-17.45984,-66.86385,17,.,.
Bolivia,La Paz,Inquisivi,Colquiri,Escuela Seccional Coriri,Coriri,Uninominal,-17.39233,-66.86787,17,.,.
Bolivia,La Paz,Muñecas,Ayata,Escuela Seccional Multigrado Upani,Upani,Uninominal,-15.49444,-68.80933,15,.,.
Bolivia,La Paz,Manco Kapac,Copacabana,Escuela Seccional Sampaya,Sampaya,Uninominal,-16.08231,-69.1012,14,.,.
Bolivia,La Paz,Inquisivi,Inquisivi,Escuela Simon Bolivar,Quillacollo,Uninominal,-17.3952,-66.2792,28,.,.
Bolivia,La Paz,Caranavi,Caranavi,Escuela Simon Bolivar de Santa Fe,Santa Fé,Uninominal,-15.80753,-67.62475,16,.,.
Bolivia,La Paz,Murillo,Mecapaca,Escuela Simona Manzaneda,Mecapaca,Uninominal,-16.669839,-68.01966,18,.,.
Bolivia,La Paz,Loayza,Sapahaqui,Escuela Sixilla Baja,Sixilla Baja,Uninominal,-17.05937,-67.79269,18,.,.
Bolivia,La Paz,Omasuyos,Villa Ancoraimes,Escuela Sotalaya,Sotalaya,Uninominal,-15.92723,-68.83341,15,.,.
Bolivia,La Paz,Murillo,Palca,Escuela Tahuapalca,Tahuapalca,Uninominal,-16.720884,-67.874651,18,.,.
Bolivia,La Paz,Murillo,El Alto,Escuela Tejada Triangular,El Alto,Uninominal,-16.52431,-68.15996,11,.,.
Bolivia,La Paz,Loayza,Cairoma,Escuela Tienda Pata,Tienda Pata,Uninominal,-16.886,-67.50883,18,.,.
Bolivia,La Paz,Murillo,Palca,Escuela Tirata,Tirata,Uninominal,-16.762382,-67.789609,18,.,.
Bolivia,La Paz,Abel Iturralde,Ixiamas,Escuela Tomas Catari,El Tigre,Uninominal,-13.60102,-68.5165,15,.,.
Bolivia,La Paz,Murillo,El Alto,Escuela Tupac Katari,El Alto,Uninominal,-16.48532,-68.19848,10,.,.
Bolivia,La Paz,Omasuyos,Villa Ancoraimes,Escuela Turrini,Turrini,Uninominal,-15.87126,-68.89091,15,.,.
Bolivia,La Paz,Inquisivi,Quime,Escuela U.E. Titiamaya,Figueroa,Uninominal,-16.92141,-67.1907,17,.,.
Bolivia,La Paz,Nor Yungas,Coroico,Escuela Unduavi,Unduavi,Uninominal,-16.31096,-67.90942,17,.,.
Bolivia,La Paz,Omasuyos,Huarina,Escuela Unidad Educativa Coromata Baja,Coromata Baja,Uninominal,-16.15195,-68.56112,15,.,.
Bolivia,La Paz,Sud Yungas,Palos Blancos,Escuela Unidad Educativa Popoy,Popoy,Uninominal,-15.64156,-67.16382,16,.,.
Bolivia,La Paz,Murillo,Nuestra Señora de La Paz,Escuela Victor Paz Estensoro,Nuestra Señora de La Paz,Uninominal,-16.51657,-68.08412,7,.,.
Bolivia,La Paz,Abel Iturralde,Ixiamas,Escuela Villa Fatima,Villa Fátima,Especial,-13.81614,-67.51065,1,.,.
Bolivia,La Paz,Omasuyos,Achacachi,Escuela Villa Lipe,Villa Lipe,Uninominal,-16.05257,-68.75453,15,.,.
Bolivia,La Paz,Manco Kapac,Copacabana,Escuela Villa Rosario,Chisi,Uninominal,-16.14534,-68.98846,14,.,.
Bolivia,La Paz,Omasuyos,Achacachi,Escuela Walata Chico,Walata Chico,Uninominal,-15.93059,-68.65627,15,.,.
Bolivia,La Paz,Omasuyos,Santiago de Huata,Escuela Watari,Watari,Uninominal,-16.07956,-68.86102,15,.,.
Bolivia,La Paz,Larecaja,Tacacoma,Escuela XVI De Julio,Tacacoma,Uninominal,-15.59322,-68.64725,16,.,.
Bolivia,La Paz,Muñecas,Chuma,Escuela de Luquisani,Luquisani,Uninominal,-15.51897,-68.81457,15,.,.
Bolivia,La Paz,Ingavi,La (Marka) San Andrés de Machaca,Escuela de San Andres De Machaca,San Andres de Machaca,Uninominal,-16.95646,-68.96825,19,.,.
Bolivia,La Paz,Loayza,Cairoma,Escuela de Saya,Saya,Uninominal,-16.71021,-67.54543,18,.,.
Bolivia,La Paz,Muñecas,Chuma,Escuela de Tuiluni,Tuiluni,Uninominal,-15.48239,-68.92104,15,.,.
Bolivia,La Paz,Los Andes,Puerto Pérez,Escuelas Populares Don Bosco,Karapata Alta,Uninominal,-16.34699,-68.58698,14,.,.
Bolivia,La Paz,Murillo,Nuestra Señora de La Paz,Facultad de Tecnologia (U.M.S.A),Nuestra Señora de La Paz,Uninominal,-16.50758,-68.12685,8,.,.
Bolivia,La Paz,Larecaja,Sorata,H.A.M. de Sorata,Sorata,Uninominal,-15.77538,-68.64867,16,.,.
Bolivia,La Paz,Muñecas,Aucapata,Iglesia Santo Domingo,Pusillani,Uninominal,-15.4539,-68.72872,15,.,.
Bolivia,La Paz,Murillo,Nuestra Señora de La Paz,Instituto Americano,Cochabamba,Uninominal,-17.3689,-66.1543,20,.,.
Bolivia,La Paz,Murillo,Nuestra Señora de La Paz,Instituto Americano Obrajes,Nuestra Señora de La Paz,Uninominal,-16.52666,-68.10566,7,.,.
Bolivia,La Paz,Murillo,Nuestra Señora de La Paz,Instituto Domingo Savio,Nuestra Señora de La Paz,Uninominal,-16.53951,-68.08488,7,.,.
Bolivia,La Paz,Murillo,El Alto,Instituto Educativo Jesus de Nazareth,El Alto,Uninominal,-16.52458,-68.21307,13,.,.
Bolivia,La Paz,Murillo,Nuestra Señora de La Paz,Instituto Mendez Arcos,Nuestra Señora de La Paz,Uninominal,-16.5042,-68.13995,8,.,.
Bolivia,La Paz,Murillo,Nuestra Señora de La Paz,Kinder Bolivia,Nuestra Señora de La Paz,Uninominal,-16.45182,-68.14942,9,.,.
Bolivia,La Paz,Murillo,Nuestra Señora de La Paz,Kinder Flora Perez De Saavedra,Nuestra Señora de La Paz,Uninominal,-16.48339,-68.14472,9,.,.
Bolivia,La Paz,Murillo,Nuestra Señora de La Paz,Kinder Nazario Pardo,Nuestra Señora de La Paz,Uninominal,-16.51584,-68.12474,8,.,.
Bolivia,La Paz,Larecaja,Guanay,La Aguada,La Aguada,Especial,-15.49115,-67.92878,1,.,.
Bolivia,La Paz,Inquisivi,Colquiri,Ladislao Cabrera,Colquiri,Uninominal,-17.38916,-67.123528,17,.,.
Bolivia,La Paz,Murillo,Nuestra Señora de La Paz,Liceo Bolivia,Nuestra Señora de La Paz,Uninominal,-16.511154,-68.130653,8,.,.
Bolivia,La Paz,Murillo,Nuestra Señora de La Paz,Liceo La Paz,Nuestra Señora de La Paz,Uninominal,-16.50126,-68.13188,8,.,.
Bolivia,La Paz,Murillo,Nuestra Señora de La Paz,Liceo Tec. H. Nuestra Sra. De La Paz,Nuestra Señora de La Paz,Uninominal,-16.49124,-68.13543,9,.,.
Bolivia,La Paz,Los Andes,Laja,Mercado San Juan,Villa S. Juan de Satatotora,Uninominal,-16.69142,-68.46218,14,.,.
Bolivia,La Paz,Loayza,Sapahaqui,Muruhuta,Muruhuta,Uninominal,-17.10299,-67.83468,18,.,.
Bolivia,La Paz,Omasuyos,Achacachi,Nucleo Ecolar Murumamani,Murumamani,Uninominal,-15.90919,-68.69246,15,.,.
Bolivia,La Paz,Aroma,Patacamaya,Nucleo Educativo Belen Iquiaca,Villa Concepciñn de Belén,Uninominal,-17.1978,-67.94446,18,.,.
Bolivia,La Paz,Omasuyos,Achacachi,Nucleo Educativo Tahari,Tahari,Uninominal,-15.95393,-68.6852,15,.,.
Bolivia,La Paz,Pacajes,Corocoro,Nucleo Esc. Central Enequella,Villa Exaltación de Enequella,Uninominal,-17.14132,-68.15412,19,.,.
Bolivia,La Paz,General José Manuel Pando,Catacora,Nucleo Escolar Catacora,Catacora,Uninominal,-17.16064,-69.48728,19,.,.
Bolivia,La Paz,General José Manuel Pando,Catacora,Nucleo Escolar Pairumani Grande,Pairumani Grande,Uninominal,-17.32692,-69.4282,19,.,.
Bolivia,La Paz,Camacho,Mocomoco,Nucleo Escolar Pumana,San Pedro Pumana,Uninominal,-15.51972,-69.02091,14,.,.
Bolivia,La Paz,Bautista Saavedra,Curva,Nucleo Escolar Upinuaya,Upinuaya,Especial,-15.125103,-69.028505,1,.,.
Bolivia,La Paz,Pacajes,Caquiaviri,Nucleo Escolar Vichaya,Vichaya,Uninominal,-16.85874,-68.66454,19,.,.
Bolivia,La Paz,Muñecas,Aucapata,Nucleo Escolar Yanahuaya,Yanahuaya,Uninominal,-15.45401,-68.6969,15,.,.
Bolivia,La Paz,Larecaja,Guanay,Nucleo Escolar de Amaguaya,Amaguaya,Uninominal,-15.95273,-68.25602,16,.,.
Bolivia,La Paz,Omasuyos,Villa Ancoraimes,Nucleo Escolar de Patapatani,Villa Tembladerani,Uninominal,-15.78231,-68.82576,15,.,.
Bolivia,La Paz,Larecaja,Teoponte,Nucleo Red Uno,"Bella Vista ""A""",Uninominal,-15.5712,-67.6581,16,.,.
Bolivia,La Paz,Omasuyos,Achacachi,Nucleo Tacamara,Tacamara,Uninominal,-16.02135,-68.61773,15,.,.
Bolivia,La Paz,Pacajes,Santiago de Callapa,P. S. Francisco Yaribay,San Francisco de Yaribay,Uninominal,-17.24828,-68.41264,19,.,.
Bolivia,La Paz,Sud Yungas,Irupana,Plaza 25 de Julio,Lambate,Uninominal,-16.60368,-67.70308,17,.,.
Bolivia,La Paz,Camacho,Escoma,Plaza 26 de Octubre,Pen?¡nsula de Challapata,Uninominal,-15.6867,-69.15398,14,.,.
Bolivia,La Paz,Sud Yungas,La Asunta,Plaza 5 de Agosto,La Calzada,Uninominal,-16.29534,-67.32188,17,.,.
Bolivia,La Paz,Larecaja,Tacacoma,Plaza Collabamba,Collabamba,Uninominal,-15.51472,-68.64456,16,.,.
Bolivia,La Paz,Murillo,Nuestra Señora de La Paz,Plaza Daniel Rodriguez,Nuestra Señora de La Paz,Uninominal,-16.53118,-68.09914,7,.,.
Bolivia,La Paz,Inquisivi,Inquisivi,Plaza Principal,Patohoco,Uninominal,-16.603517,-66.869048,17,.,.
Bolivia,La Paz,Inquisivi,Inquisivi,Plaza Principal 16 de Julio,Arcopongo,Uninominal,-16.51898,-66.94501,17,.,.
Bolivia,La Paz,Sud Yungas,La Asunta,Plaza Principal Pichari,Pichari,Uninominal,-16.03647,-67.1724,17,.,.
Bolivia,La Paz,Inquisivi,Inquisivi,Plaza de La Feria De Villa Victoria,Villa Victoria,Uninominal,-17.23652,-67.01423,17,.,.
Bolivia,La Paz,Murillo,Nuestra Señora de La Paz,Polifuncional San Isidro (Iglesia San Isidro),Nuestra Señora de La Paz,Uninominal,-16.51307,-68.107,7,.,.
Bolivia,La Paz,Bautista Saavedra,Curva,Recinto Taipi Canuma,Taipi Cañuma,Especial,-15.03614,-69.13345,1,.,.
Bolivia,La Paz,Bautista Saavedra,Curva,Sede Comunal,Caña Cruz,Uninominal,-21.23611,-64.96433,40,.,.
Bolivia,La Paz,Abel Iturralde,Ixiamas,Sede Del Carmen del Emero,Carmen del Emero,Especial,-13.38387,-67.37585,1,.,.
Bolivia,La Paz,Murillo,Nuestra Señora de La Paz,Sede Junta Vecinal,Nuestra Señora de La Paz,Uninominal,-16.50176,-68.11436,6,.,.
Bolivia,La Paz,Gualberto Villarroel,Papel Pampa,Sede Sindical,San Felipe de Challa,Uninominal,-17.74787,-67.6296,18,.,.
Bolivia,La Paz,Pacajes,Caquiaviri,Sede Social,Sullcatiti Arriba,Uninominal,-16.81992,-68.5472,19,.,.
Bolivia,La Paz,Ingavi,La (Marka) San Andrés de Machaca,Sede Social (Comunidad Mauri),Mauri(Mawri),Uninominal,-16.83909,-69.13435,19,.,.
Bolivia,La Paz,Sud Yungas,La Asunta,Sede Social - Esc. Fiscal Calizaya,Calizaya,Uninominal,-16.20132,-67.17819,17,.,.
Bolivia,La Paz,Sud Yungas,La Asunta,Sede Social 16 de Julio,16 de Julio,Uninominal,-15.98921,-67.21876,17,.,.
Bolivia,La Paz,Murillo,Nuestra Señora de La Paz,Sede Social Caja Ferroviaria,Nuestra Señora de La Paz,Uninominal,-16.44667,-68.15063,9,.,.
Bolivia,La Paz,Murillo,Nuestra Señora de La Paz,Sede Social Carpani,Hampaturi,Uninominal,-16.450505,-68.045795,6,.,.
Bolivia,La Paz,Gualberto Villarroel,Papel Pampa,Sede Social Caylla Churo,Caylla Churo,Uninominal,-17.6794,-67.56867,18,.,.
Bolivia,La Paz,Sud Yungas,La Asunta,Sede Social Charia,Charia,Uninominal,-16.06197,-67.17044,17,.,.
Bolivia,La Paz,Murillo,El Alto,Sede Social Junta Vecinal,El Alto,Uninominal,-16.54614,-68.19644,12,.,.
Bolivia,La Paz,Pacajes,Calacoto,Sede Social Max Toledo,Max Toledo,Uninominal,-17.2371,-68.68167,19,.,.
Bolivia,La Paz,Murillo,Nuestra Señora de La Paz,Sede Social Plan Autopista,Nuestra Señora de La Paz,Uninominal,-16.45818,-68.14625,9,.,.
Bolivia,La Paz,Murillo,Nuestra Señora de La Paz,Sede Social Pura Pura,Nuestra Señora de La Paz,Uninominal,-16.47277,-68.15314,9,.,.
Bolivia,La Paz,Murillo,Nuestra Señora de La Paz,Sede Social de Cusicancha,Nuestra Señora de La Paz,Uninominal,-16.48517,-68.16608,9,.,.
Bolivia,La Paz,Murillo,El Alto,Sede Vecinal,El Alto,Uninominal,-16.51802,-68.1711,11,.,.
Bolivia,La Paz,Murillo,Nuestra Señora de La Paz,Seminario Nazareno,Nuestra Señora de La Paz,Uninominal,-16.55968,-68.09364,7,.,.
Bolivia,La Paz,Larecaja,Guanay,Sindicato,Umapalca,Uninominal,-16.06047,-68.22674,16,.,.
Bolivia,La Paz,Omasuyos,Villa Ancoraimes,Tec. Humanista Pocoata Grande,Pocoata Grande,Uninominal,-15.94282,-68.79222,15,.,.
Bolivia,La Paz,Murillo,Nuestra Señora de La Paz,Tecnico Ayacucho,Nuestra Señora de La Paz,Uninominal,-16.48541,-68.12161,6,.,.
Bolivia,La Paz,Murillo,Achocalla,U. E. 16 de Agosto,Cututu,Uninominal,-16.553368,-68.170451,18,.,.
Bolivia,La Paz,Larecaja,Mapiri,U. E. 16 de Julio de Mapiri,Mapiri,Uninominal,-15.31103,-68.21772,16,.,.
Bolivia,La Paz,Larecaja,Mapiri,U. E. 1ro de Mayo  de Charopampa,Charopampa,Especial,-15.28964,-68.20412,1,.,.
Bolivia,La Paz,Sud Yungas,Irupana,U. E. Agustin Aspiazu,Irupana,Uninominal/Especial,-16.47174,-67.45403,17,.,.
Bolivia,La Paz,Murillo,Nuestra Señora de La Paz,U. E. Andina,Nuestra Señora de La Paz,Uninominal,-16.46878,-68.11532,6,.,.
Bolivia,La Paz,Murillo,Achocalla,U. E. Antonio Diaz Villamil,Pacajes,Uninominal,-16.577984,-68.168365,18,.,.
Bolivia,La Paz,Caranavi,Alto Beni,U. E. Bella Vista II,Santa Ana de Alto Beni,Uninominal,-15.62154,-67.42459,16,.,.
Bolivia,La Paz,Inquisivi,Cajuata,U. E. Cajuata,Cajuata,Uninominal,-16.69801,-67.17103,17,.,.
Bolivia,La Paz,Los Andes,Laja,U. E. Cantapa,Cantapa,Uninominal,-16.654839,-68.554894,14,.,.
Bolivia,La Paz,Muñecas,Chuma,U. E. Capayque,Capayque,Uninominal,-15.697501,-68.811948,15,.,.
Bolivia,La Paz,Bautista Saavedra,Charazani,U. E. Carijana,Carijana,Especial,-15.222077,-68.769805,1,.,.
Bolivia,La Paz,Caranavi,Alto Beni,U. E. Caserio Nueve,Villa Unificada,Uninominal,-15.59869,-67.39796,16,.,.
Bolivia,La Paz,Bautista Saavedra,Curva,U. E. Cañizaya,Cañizaya,Especial,-15.086053,-69.01836,1,.,.
Bolivia,La Paz,Franz Tamayo,Pelechuco,U. E. Central Hichocollo,Hichocollo,Uninominal,-14.95523,-69.29661,15,.,.
Bolivia,La Paz,Murillo,Achocalla,U. E. Chañocahua,Chañocahua,Uninominal,-16.642198,-68.187874,18,.,.
Bolivia,La Paz,Larecaja,Mapiri,U. E. Chimate,Chimate,Uninominal,-15.3971,-68.1562,16,.,.
Bolivia,La Paz,Omasuyos,Villa Ancoraimes,U. E. Chojñapata,Chojñapata,Uninominal,-15.790644,-68.871338,15,.,.
Bolivia,La Paz,Bautista Saavedra,Charazani,U. E. Chullina,Chulina (San Miguel),Especial,-15.169034,-68.935833,1,.,.
Bolivia,La Paz,Inquisivi,Cajuata,U. E. Circuata I,Circuata,Uninominal,-16.64647,-67.23114,17,.,.
Bolivia,La Paz,Los Andes,Laja,U. E. Copajira,Copajira,Uninominal,-16.59749,-68.44736,14,.,.
Bolivia,La Paz,Camacho,Puerto Mayor de Carabuco,"U. E. Copusquia ""A""",Copusquia,Uninominal,-15.639418,-68.893336,14,.,.
Bolivia,La Paz,Franz Tamayo,Apolo,U. E. Correo,Correo,Especial,-14.95642,-68.44034,1,.,.
Bolivia,La Paz,Los Andes,Laja,U. E. Curva Pucara,Curva Pucara,Uninominal,-16.595899,-68.57103,14,.,.
Bolivia,La Paz,Muñecas,Chuma,U. E. Cusahuaya,Cusahuaya,Uninominal,-15.658299,-68.833016,15,.,.
Bolivia,La Paz,Inquisivi,Cajuata,U. E. Huaritolo,Huaritolo,Uninominal,-16.72687,-67.20372,17,.,.
Bolivia,La Paz,Loayza,Sapahaqui,U. E. Huayca,Huayca,Uninominal,-16.860001,-67.875119,18,.,.
Bolivia,La Paz,Murillo,Nuestra Señora de La Paz,U. E. Huaylipaya,Huaylipaya,Uninominal,-16.046696,-68.003396,6,.,.
Bolivia,La Paz,Franz Tamayo,Apolo,U. E. Inca,Inca,Uninominal/Especial,-14.81314,-68.43272,15,.,.
Bolivia,La Paz,Omasuyos,Villa Ancoraimes,U. E. Inca Huayna Capac,Inca Caturapi,Uninominal,-15.757769,-68.826895,15,.,.
Bolivia,La Paz,Larecaja,Tacacoma,U. E. Incachaca,Incachaca,Uninominal,-15.32096,-68.47215,16,.,.
Bolivia,La Paz,Bautista Saavedra,Charazani,U. E. Isqani 2,Amarete,Especial,-15.234418,-68.984086,1,.,.
Bolivia,La Paz,Loayza,Malla,U. E. Jachapampa,Jacha Pampa,Uninominal,-16.9908,-67.49815,18,.,.
Bolivia,La Paz,Omasuyos,Achacachi,U. E. Jaime Escalante,Villa Asunciñn de Corpaputo,Uninominal,-16.072493,-68.55636,15,.,.
Bolivia,La Paz,Omasuyos,Achacachi,"U. E. Jancko Amaya ""A""",Jancko Amaya,Uninominal,-16.170774,-68.82044,15,.,.
Bolivia,La Paz,Muñecas,Chuma,U. E. Jichuhuaya,Jichuhuaya,Uninominal,-15.685784,-68.834738,15,.,.
Bolivia,La Paz,Omasuyos,Santiago de Huata,U. E. Kalaque,Kalaque,Uninominal,-16.096587,-68.880195,15,.,.
Bolivia,La Paz,Los Andes,Laja,U. E. Kentupata,Quintupata,Uninominal,-16.62749,-68.50268,14,.,.
Bolivia,La Paz,Franz Tamayo,Pelechuco,U. E. Litoral de Agua Blanca,Agua Blanca,Uninominal,-14.8218,-69.10895,15,.,.
Bolivia,La Paz,Bautista Saavedra,Charazani,U. E. Llachuani,Amarka,Especial,-15.267396,-69.042758,1,.,.
Bolivia,La Paz,Franz Tamayo,Apolo,U. E. Machua,Machua,Uninominal,-14.66684,-68.41223,15,.,.
Bolivia,La Paz,Murillo,Achocalla,U. E. Marquirivi,Marquirivi (Murillo),Uninominal,-16.588102,-68.154831,18,.,.
Bolivia,La Paz,Murillo,Achocalla,U. E. Mcal. Sucre,Asunta Quillviri,Uninominal,-16.726163,-68.118979,18,.,.
Bolivia,La Paz,Inquisivi,Cajuata,U. E. Miguillas,Miguillas,Uninominal/Especial,-16.55579,-67.33664,17,.,.
Bolivia,La Paz,Omasuyos,Villa Ancoraimes,U. E. Morocollo,Morocollo,Uninominal,-15.911831,-68.88591,15,.,.
Bolivia,La Paz,Franz Tamayo,Apolo,U. E. Munaypata,Munaypata,Especial,-15.0214,-68.30943,1,.,.
Bolivia,La Paz,Franz Tamayo,Apolo,U. E. Nazario Pardo Valle,Apolo,Uninominal/Especial,-14.71928,-68.41825,15,.,.
Bolivia,La Paz,Murillo,Nuestra Señora de La Paz,U. E. Pantaleon Dalence,Nuestra Señora de La Paz,Uninominal,-16.51047,-68.14204,8,.,.
Bolivia,La Paz,Franz Tamayo,Apolo,U. E. Pata,Pata San Antonio,Uninominal,-14.56562,-68.65208,15,.,.
Bolivia,La Paz,Bautista Saavedra,Charazani,U. E. Pauje Yuyo,Pauje Yuyo,Uninominal/Especial,-15.05983,-68.45623,15,.,.
Bolivia,La Paz,Omasuyos,Chua Cocani,U. E. Pedro Domingo Murillo,Chua Visalaya,Uninominal,-16.180916,-68.771383,15,.,.
Bolivia,La Paz,Franz Tamayo,Apolo,U. E. Puchahui,Puchahui,Uninominal/Especial,-14.86157,-68.44442,15,.,.
Bolivia,La Paz,Caranavi,Alto Beni,U. E. Puente Alto Beni,Puente Alto Beni,Uninominal,-15.563143,-67.376402,16,.,.
Bolivia,La Paz,Franz Tamayo,Pelechuco,U. E. Puina,Puina,Uninominal,-14.61019,-69.13412,15,.,.
Bolivia,La Paz,Franz Tamayo,Pelechuco,U. E. Puyo Puyo,Puyo Puyo,Uninominal,-14.99942,-69.17246,15,.,.
Bolivia,La Paz,Murillo,Achocalla,U. E. René Barrientos Ortuño,San Juan Rosario,Uninominal,-16.53031,-68.551786,14,.,.
Bolivia,La Paz,Caranavi,Caranavi,U. E. René Zenon Portillo Chavarria,San Pablo,Uninominal,-15.77183,-67.54003,16,.,.
Bolivia,La Paz,Los Andes,Laja,U. E. René Barrientos Ortuño,San Juan Rosario,Uninominal,-16.53031,-68.551786,14,.,.
Bolivia,La Paz,Los Andes,Laja,U. E. Republica de Iran,Kallutaca,Uninominal,-16.526206,-68.306425,14,.,.
Bolivia,La Paz,Caranavi,Alto Beni,U. E. San Antonio,Mapiri,Uninominal,-10.575023,-66.812929,63,.,.
Bolivia,La Paz,Franz Tamayo,Apolo,U. E. San Fermín,San Ferm?¡n,Uninominal,-14.002073,-68.955079,15,.,.
Bolivia,La Paz,Bautista Saavedra,Curva,U. E. San Juan Caalaya,Caalaya,Uninominal/Especial,-15.096403,-69.036395,15,.,.
Bolivia,La Paz,Franz Tamayo,Pelechuco,U. E. San Miguel de Thapi,San Miguel de Thapi,Uninominal,-14.77682,-68.93021,15,.,.
Bolivia,La Paz,Bautista Saavedra,Curva,U. E. San Pedro De Curva,Curva,Especial,-15.126179,-69.003369,1,.,.
Bolivia,La Paz,Franz Tamayo,Apolo,U. E. Santa Catalina,Santa Catalina,Uninominal/Especial,-14.74016,-68.49142,15,.,.
Bolivia,La Paz,Larecaja,Mapiri,U. E. Santa Rosa,Santa Rosa de Mapiri,Uninominal,-15.31801,-68.32465,16,.,.
Bolivia,La Paz,Larecaja,Guanay,U. E. Santa Rosa De Challana,Santa Rosa de Challana,Uninominal/Especial,-15.60981,-67.859442,16,.,.
Bolivia,La Paz,Larecaja,Mapiri,U. E. Sarampiuni,Sarampiuni,Uninominal,-15.3938,-68.22166,16,.,.
Bolivia,La Paz,Caranavi,Alto Beni,U. E. Sararia,Sararia,Uninominal,-15.39834,-67.51301,16,.,.
Bolivia,La Paz,Bautista Saavedra,Charazani,U. E. Siatha,Siatha,Uninominal,-15.20615,-68.68688,15,.,.
Bolivia,La Paz,Loayza,Malla,U. E. Simon Bolivar,Calluchani,Uninominal,-17.06216,-67.42189,18,.,.
Bolivia,La Paz,Franz Tamayo,Pelechuco,U. E. Sorapata,Sorapata,Uninominal,-14.79948,-68.97952,15,.,.
Bolivia,La Paz,Franz Tamayo,Pelechuco,U. E. Suches,Suches,Uninominal,-14.81951,-69.33424,15,.,.
Bolivia,La Paz,Murillo,Achocalla,U. E. Tuni,Tuni,Uninominal,-16.673415,-68.135652,18,.,.
Bolivia,La Paz,Los Andes,Laja,U. E. Técnico Humanístico Tambillo,Tambillo,Uninominal,-16.57151,-68.50755,14,.,.
Bolivia,La Paz,Franz Tamayo,Pelechuco,U. E. Ulla Ulla,Ulla Ulla,Uninominal,-15.06253,-69.27006,15,.,.
Bolivia,La Paz,Murillo,Achocalla,U. E. Uypaca,Villa Concepciñn (Uypaca),Uninominal,-16.604685,-68.13997,18,.,.
Bolivia,La Paz,Larecaja,Mapiri,U. E. Vilaque Grande,Vilaque Grande,Uninominal,-15.3626,-68.1724,16,.,.
Bolivia,La Paz,Murillo,El Alto,U. E. Villa Adela Yunguyo,El Alto,Uninominal,-16.51679,-68.21643,11,.,.
Bolivia,La Paz,Caranavi,Alto Beni,U. E. Villa Camacho,Piquendo,Uninominal,-15.59628,-67.38728,16,.,.
Bolivia,La Paz,Caranavi,Alto Beni,U. E. Villa El Porvenir,Villa El Porvenir,Uninominal,-15.609614,-67.247881,16,.,.
Bolivia,La Paz,Caranavi,Caranavi,U. E. Villa Flor de Mayo,Villa Flor de Mayo,Uninominal,-15.68291,-67.6039,16,.,.
Bolivia,La Paz,Caranavi,Alto Beni,U. E. Villa Litoral,Villa Litoral,Uninominal,-15.588799,-67.306659,16,.,.
Bolivia,La Paz,Bautista Saavedra,Charazani,U. E. Yawar Mallku,Santa Rosa de Caata,Especial,-15.15483,-69.010221,1,.,.
Bolivia,La Paz,Aroma,Sicasica,U.E Integral Ayamaya,Ayamaya,Uninominal,-17.384031,-67.728698,18,.,.
Bolivia,La Paz,Pacajes,Corocoro,U.E Janko Marca Sirpa,Jancko Marca Sirpa,Uninominal,-17.140762,-68.647418,19,.,.
Bolivia,La Paz,Murillo,El Alto,U.E Virgen De Copacabana (Temporal),El Alto,Uninominal,-16.581027,-68.179274,12,.,.
Bolivia,La Paz,Ingavi,Viacha,U.E. 14 de Noviembre Paz y Unidad,Tilata,Uninominal,-16.570551,-68.249015,19,.,.
Bolivia,La Paz,Murillo,Nuestra Señora de La Paz,U.E. 16 de Julio (Temporal),Nuestra Señora de La Paz,Uninominal,-16.494317,-68.143991,8,.,.
Bolivia,La Paz,Murillo,El Alto,U.E. 21 De Septiembre Señor de las Lagunas (Temporal),El Alto,Uninominal,-16.487492,-68.257431,13,.,.
Bolivia,La Paz,Murillo,Nuestra Señora de La Paz,U.E. Abraham Reyes (Fe y Alegria),Nuestra Señora de La Paz,Uninominal,-16.48865,-68.164216,9,.,.
Bolivia,La Paz,Murillo,El Alto,U.E. Akapana Fuerza Andina,El Alto,Uninominal,-16.570876,-68.207389,12,.,.
Bolivia,La Paz,Murillo,Nuestra Señora de La Paz,U.E. Alto Pasankeri Sur,Nuestra Señora de La Paz,Uninominal,-16.525959,-68.145258,8,.,.
Bolivia,La Paz,Ingavi,La (Marka) San Andrés de Machaca,U.E. Alto de la Alianza,Guayaramerín,Uninominal,-10.82369,-65.36181,61,.,.
Bolivia,La Paz,Murillo,El Alto,U.E. Amigos Del Chaco,El Alto,Uninominal,-16.52415,-68.20364,11,.,.
Bolivia,La Paz,Loayza,Luribay,U.E. Anchallani República Venezuela,Anchallani,Uninominal,-17.133832,-67.686705,18,.,.
Bolivia,La Paz,Franz Tamayo,Pelechuco,U.E. Antaquilla,Copacabana de Antaquillas,Uninominal,-14.879055,-69.288245,15,.,.
Bolivia,La Paz,Gualberto Villarroel,San Pedro de Curahuara,U.E. Antofagasta de Puerto Castrillo,Puerto Castrillo,Uninominal,-17.56286,-67.831093,18,.,.
Bolivia,La Paz,Loayza,Cairoma,U.E. Araca Torre Pampa,Torre Pampa,Uninominal,-16.831879,-67.577058,18,.,.
Bolivia,La Paz,Murillo,Nuestra Señora de La Paz,U.E. Artemio Camargo (Temporal),Nuestra Señora de La Paz,Uninominal,-16.513737,-68.149387,8,.,.
Bolivia,La Paz,Ingavi,Viacha,U.E. Bartolina Sisa,Sica Ullami,Uninominal,-18.43586,-67.46616,32,.,.
Bolivia,La Paz,Caranavi,Alto Beni,U.E. Belén,Belén,Uninominal,-15.555006,-67.444355,16,.,.
Bolivia,La Paz,Murillo,Nuestra Señora de La Paz,U.E. Betesta,Nuestra Señora de La Paz,Uninominal,-16.54382,-68.04996,7,.,.
Bolivia,La Paz,Murillo,Nuestra Señora de La Paz,U.E. Bicentenario,Nuestra Señora de La Paz,Uninominal,-16.488319,-68.127576,6,.,.
Bolivia,La Paz,Gualberto Villarroel,San Pedro de Curahuara,U.E. Bolivia,Tarija,Uninominal,-21.540741,-64.749484,41,.,.
Bolivia,La Paz,Murillo,Nuestra Señora de La Paz,U.E. Bolivian High School,Nuestra Señora de La Paz,Uninominal,-16.540498,-68.05405,7,.,.
Bolivia,La Paz,Los Andes,Pucarani,U.E. Boliviano Japones,Huayna Potosi,Uninominal,-16.334456,-68.412686,14,.,.
Bolivia,La Paz,Murillo,El Alto,U.E. Boliviano Japones (Temporal),El Alto,Uninominal,-16.602365,-68.198615,12,.,.
Bolivia,La Paz,Los Andes,Batallas,U.E. Calasaya,Villa Remedios de Calazaya,Uninominal,-16.342017,-68.513242,14,.,.
Bolivia,La Paz,Los Andes,Laja,U.E. Callamarca,Callamarca,Uninominal,-16.63638,-68.576619,14,.,.
Bolivia,La Paz,Murillo,El Alto,U.E. Carlos Palenque Aviles(Temporal),El Alto,Uninominal,-16.502075,-68.201748,10,.,.
Bolivia,La Paz,Murillo,Nuestra Señora de La Paz,U.E. Carlos Salinas,Nuestra Señora de La Paz,Uninominal,-16.4982,-68.13042,9,.,.
Bolivia,La Paz,Larecaja,Guanay,U.E. Carura B,Carura,Especial,-15.426199,-67.965475,1,.,.
Bolivia,La Paz,Aroma,Umala,U.E. Cayriri,Cairiri,Uninominal,-17.425513,-68.110557,18,.,.
Bolivia,La Paz,Murillo,Nuestra Señora de La Paz,U.E. Cesar Patiño,Nuestra Señora de La Paz,Uninominal,-16.538391,-68.078172,7,.,.
Bolivia,La Paz,Gualberto Villarroel,Chacarilla,U.E. Chacarilla,Chacarilla,Uninominal,-17.5833,-68.212468,18,.,.
Bolivia,La Paz,Manco Kapac,Copacabana,U.E. Challapampa,Challapampa Isla del Sol,Uninominal,-15.995268,-69.187982,14,.,.
Bolivia,La Paz,Pacajes,Calacoto,U.E. Challuyo,Challuyo,Uninominal,-17.358002,-69.030507,19,.,.
Bolivia,La Paz,Aroma,Patacamaya,U.E. Chiarumani,Chiarumani,Uninominal,-17.178419,-67.877756,18,.,.
Bolivia,La Paz,Sud Yungas,Irupana,U.E. Chicaloma,Chicaloma,Uninominal/Especial,-16.4439,-67.4781,17,.,.
Bolivia,La Paz,Gualberto Villarroel,San Pedro de Curahuara,U.E. Chojña,Pedro Domingo Murillo (Chojña),Uninominal,-17.63448,-67.880662,18,.,.
Bolivia,La Paz,Los Andes,Laja,U.E. Collo Collo,Collo Collo,Uninominal,-16.587843,-68.584406,14,.,.
Bolivia,La Paz,Loayza,Yaco,U.E. Conchamarca,Conchamarca,Uninominal,-17.110112,-67.489282,18,.,.
Bolivia,La Paz,Murillo,Nuestra Señora de La Paz,U.E. Copacabana (Fe y Alegria),Nuestra Señora de La Paz,Uninominal,-16.488984,-68.164045,9,.,.
Bolivia,La Paz,Omasuyos,Huarina,U.E. Copancara,Copancara,Uninominal,-16.244962,-68.571182,15,.,.
Bolivia,La Paz,Los Andes,Pucarani,U.E. Corapata,Villa Rosario Corapata,Uninominal,-16.437661,-68.372006,14,.,.
Bolivia,La Paz,Murillo,El Alto,U.E. Cristal,El Alto,Uninominal,-16.594567,-68.202474,12,.,.
Bolivia,La Paz,Sud Yungas,Irupana,U.E. Curihuati,Curihuati,Uninominal,-16.62459,-67.53439,17,.,.
Bolivia,La Paz,Murillo,Nuestra Señora de La Paz,U.E. El Pedregal (Urb. Pedregal),Nuestra Señora de La Paz,Uninominal,-16.54382,-68.05286,7,.,.
Bolivia,La Paz,Camacho,Mocomoco,U.E. Eliodoro Camacho de Mocomoco,Mocomoco,Uninominal,-15.456708,-68.995647,14,.,.
Bolivia,La Paz,Pacajes,Corocoro,U.E. Elizardo Pérez,Uluchi,Uninominal,-18.956008,-66.15076,39,.,.
Bolivia,La Paz,Murillo,El Alto,U.E. Ernesto Che Guevara,Chimoré,Uninominal,-16.996686,-65.157556,24,.,.
Bolivia,La Paz,Murillo,Nuestra Señora de La Paz,U.E. Filadelfia,Nuestra Señora de La Paz,Uninominal,-16.50017,-68.16099,9,.,.
Bolivia,La Paz,Los Andes,Batallas,U.E. Franz Tamayo de Chachacomani,V. S. Juan de Chachacomani,Uninominal,-16.103505,-68.545678,14,.,.
Bolivia,La Paz,Los Andes,Batallas,U.E. Fray José Antonio  Zampa,Villa Ascenciñn Tuquia,Uninominal,-16.212498,-68.466893,14,.,.
Bolivia,La Paz,Murillo,El Alto,U.E. Fuerza Aerea Argentina,El Alto,Uninominal,-16.49715,-68.25346,13,.,.
Bolivia,La Paz,Franz Tamayo,Apolo,U.E. Fátima,Apolo,Uninominal/Especial,-14.714853,-68.416927,15,.,.
Bolivia,La Paz,Aroma,Patacamaya,U.E. German Busch,Sauce Rancho,Uninominal,-17.432191,-66.326937,26,.,.
Bolivia,La Paz,Aroma,Calamarca,U.E. German Busch de Sivicani,Sivicani,Uninominal,-16.990566,-68.146929,18,.,.
Bolivia,La Paz,Caranavi,Caranavi,U.E. Germán Busch,Sauce Rancho,Uninominal,-17.432191,-66.326937,26,.,.
Bolivia,La Paz,Aroma,Calamarca,U.E. Germán Busch de Caluyo,V. Carmen de Caluyo,Uninominal,-16.787645,-68.136064,18,.,.
Bolivia,La Paz,Loayza,Yaco,U.E. Germán Busch de Tablachaca,Tablachaca,Uninominal,-17.180733,-67.337171,18,.,.
Bolivia,La Paz,Murillo,El Alto,U.E. Gral. Armando Escobar Uria,El Alto,Uninominal,-16.52961,-68.15063,11,.,.
Bolivia,La Paz,Aroma,Umala,U.E. Gral. Demetrio Ramos,Umala,Uninominal,-17.37345,-68.019207,18,.,.
Bolivia,La Paz,Murillo,Nuestra Señora de La Paz,U.E. Gran Bretaña,Nuestra Señora de La Paz,Uninominal,-16.519704,-68.108851,7,.,.
Bolivia,La Paz,Omasuyos,Villa Ancoraimes,U.E. Gualberto Villarroel,Pichata,Uninominal,-18.235085,-66.327074,39,.,.
Bolivia,La Paz,Los Andes,Laja,U.E. Gualberto Villarroel de Sacacani,Sacacani,Uninominal,-16.68419,-68.50606,14,.,.
Bolivia,La Paz,Murillo,El Alto,U.E. Heroes de Octubre,El Alto,Uninominal,-16.462247,-68.245555,13,.,.
Bolivia,La Paz,Ingavi,Viacha,U.E. Hichuraya Baja,Hichuraya Grande,Uninominal,-16.808258,-68.252535,19,.,.
Bolivia,La Paz,Franz Tamayo,Pelechuco,U.E. Hilo Hilo,Hilo Hilo,Uninominal,-14.924829,-69.029616,15,.,.
Bolivia,La Paz,Loayza,Sapahaqui,U.E. Huancane,Huancane (Los Andes),Uninominal,-16.254524,-68.556964,14,.,.
Bolivia,La Paz,Murillo,Nuestra Señora de La Paz,U.E. Hugo Chávez Frías (Temporal),Potosí,Uninominal,-19.561264,-65.75398,34,.,.
Bolivia,La Paz,Ingavi,Viacha,U.E. Humberto Arandia,Viacha,Uninominal,-16.654924,-68.293003,19,.,.
Bolivia,La Paz,Aroma,Sicasica,U.E. Hurinzaya,Machacamarca (Aroma),Uninominal,-17.450385,-67.595831,18,.,.
Bolivia,La Paz,Murillo,El Alto,U.E. Iberdrola,El Alto,Uninominal,-16.592333,-68.188225,12,.,.
Bolivia,La Paz,Camacho,Mocomoco,U.E. Ilave,Ilave,Uninominal,-15.365585,-69.016958,14,.,.
Bolivia,La Paz,Camacho,Puerto Acosta,U.E. Iquipuni,Puerto Parajachi,Uninominal,-15.653961,-69.187975,14,.,.
Bolivia,La Paz,Murillo,Nuestra Señora de La Paz,U.E. Jacha Uru,Nuestra Señora de La Paz,Uninominal,-16.53307,-68.036722,7,.,.
Bolivia,La Paz,Aroma,Umala,U.E. Jaime Mendoza,Bombori,Uninominal,-18.904436,-66.204183,39,.,.
Bolivia,La Paz,Gualberto Villarroel,San Pedro de Curahuara,U.E. Jalsuri,Jalsuri,Uninominal,-17.736149,-67.894556,18,.,.
Bolivia,La Paz,Gualberto Villarroel,San Pedro de Curahuara,U.E. Janko Marca,Janko Marca,Uninominal,-17.668642,-67.871259,18,.,.
Bolivia,La Paz,Murillo,El Alto,U.E. Jardines del Sur (Temporal),El Alto,Uninominal,-16.616016,-68.195316,12,.,.
Bolivia,La Paz,Murillo,Nuestra Señora de La Paz,U.E. Jorge Cabrera (Temporal),Nuestra Señora de La Paz,Uninominal,-16.511294,-68.153296,8,.,.
Bolivia,La Paz,Pacajes,Comanche,U.E. José Ballivian,Gral. Ballivian,Uninominal,-17.078895,-68.464464,19,.,.
Bolivia,La Paz,Ingavi,Viacha,U.E. José Ballivian de Hichuraya,Gral.José Ballivian,Uninominal,-16.803913,-68.231362,19,.,.
Bolivia,La Paz,Ingavi,Jesús de Machaka,U.E. José Carrasco,Calla(Qalla Tupa Katari),Uninominal,-16.774491,-68.766266,19,.,.
Bolivia,La Paz,Larecaja,Mapiri,U.E. Juan José Torrez,Chocorosi,Uninominal,-16.75592,-68.08725,18,.,.
Bolivia,La Paz,Murillo,El Alto,U.E. Juan Pablo II,El Alto,Uninominal,-16.532141,-68.231172,13,.,.
Bolivia,La Paz,Murillo,El Alto,U.E. Juan Pablo II Don Bosco (Temporal),El Alto,Uninominal,-16.544871,-68.163683,11,.,.
Bolivia,La Paz,Los Andes,Batallas,U.E. Julián Túpac Katari,Peñas,Uninominal,-16.235946,-68.499636,14,.,.
Bolivia,La Paz,Pacajes,Caquiaviri,U.E. Kasillunca,Kasillunca,Uninominal,-17.0378,-68.754919,19,.,.
Bolivia,La Paz,Aroma,Umala,U.E. Kellhuiri,Kellhuiri,Uninominal,-17.32532,-68.15555,18,.,.
Bolivia,La Paz,Murillo,Nuestra Señora de La Paz,U.E. LYNNS (Temporal),Nuestra Señora de La Paz,Uninominal,-16.535393,-68.050457,7,.,.
Bolivia,La Paz,Loayza,Cairoma,U.E. La Lloja,Lloja,Uninominal,-16.747806,-67.573398,18,.,.
Bolivia,La Paz,Sud Yungas,Irupana,U.E. Lejna,Lejna,Uninominal,-16.417004,-67.424229,17,.,.
Bolivia,La Paz,Los Andes,Batallas,U.E. Libertador Simón Bolívar,Los Rosarios de Suriquiña,Uninominal,-16.259288,-68.46293,14,.,.
Bolivia,La Paz,Inquisivi,Colquiri,U.E. Llanquera,Llanquera,Uninominal,-17.3383,-66.8915,17,.,.
Bolivia,La Paz,Loayza,Yaco,U.E. Llipi Llipi,Llipi Llipi,Uninominal,-17.180913,-67.373681,18,.,.
Bolivia,La Paz,Franz Tamayo,Apolo,U.E. Luis Oblitas del Carpio,Santa Cruz del Valle Ameno,Uninominal,-14.638947,-68.526174,15,.,.
Bolivia,La Paz,Sud Yungas,La Asunta,U.E. Luis Ramos,Las Americas,Uninominal,-16.162151,-67.136959,17,.,.
Bolivia,La Paz,Loayza,Malla,U.E. Malla,Malla,Uninominal,-17.039621,-67.451344,18,.,.
Bolivia,La Paz,Ingavi,Jesús de Machaka,U.E. Manuel Isidoro Belzu,Jesñs de Machaka,Uninominal,-16.744439,-68.806627,19,.,.
Bolivia,La Paz,Abel Iturralde,Ixiamas,U.E. Manurimi,Santa Rosa,Uninominal,-12.045553,-67.697687,15,.,.
Bolivia,La Paz,Inquisivi,Colquiri,U.E. Mariscal De Zepita,Colquiri,Uninominal,-17.396121,-67.129597,17,.,.
Bolivia,La Paz,Los Andes,Pucarani,U.E. Mariscal de Ayacucho,Carlos Machicao,Uninominal,-19.698625,-66.57069,36,.,.
Bolivia,La Paz,Murillo,El Alto,U.E. Mariscal de Zepita,Colquiri,Uninominal,-17.396121,-67.129597,17,.,.
Bolivia,La Paz,Muñecas,Ayata,U.E. Mcal. Andrés de Santa Cruz,Oruro,Uninominal,-17.958169,-67.114286,30,.,.
Bolivia,La Paz,Pacajes,Caquiaviri,U.E. Mcal. Sucre,Asunta Quillviri,Uninominal,-16.726163,-68.118979,18,.,.
Bolivia,La Paz,Caranavi,Alto Beni,U.E. Mercedes,Mercedes,Uninominal,-15.642917,-67.273001,16,.,.
Bolivia,La Paz,Murillo,El Alto,U.E. Modesto Omiste(Temporal),El Alto,Uninominal,-16.528937,-68.157407,11,.,.
Bolivia,La Paz,Camacho,Puerto Mayor de Carabuco,U.E. Mollipongo,Mollipongo,Uninominal,-15.68075,-69.000922,14,.,.
Bolivia,La Paz,Pacajes,Santiago de Callapa,U.E. Nacional De Calteca,Calteca,Uninominal,-17.369062,-68.182977,19,.,.
Bolivia,La Paz,Aroma,Colquencha,U.E. Nacional Litoral,Colquencha,Uninominal,-16.930873,-68.245253,18,.,.
Bolivia,La Paz,Pacajes,Santiago de Callapa,U.E. Nacional Santiago de Callapa,Santiago de Callapa,Uninominal,-17.478974,-68.353873,19,.,.
Bolivia,La Paz,Aroma,Patacamaya,U.E. Nacional de Ayacucho,Culta Arejllanga,Uninominal,-17.287711,-67.923467,18,.,.
Bolivia,La Paz,Pacajes,Calacoto,U.E. Narciso Campero,General Campero,Uninominal,-17.471941,-68.910053,19,.,.
Bolivia,La Paz,Pacajes,Nazacara de Pacajes,U.E. Nazacara,Nazacara,Uninominal,-16.937616,-68.763239,19,.,.
Bolivia,La Paz,Ingavi,Jesús de Machaka,U.E. Neptal Viris,Asunciñn de Machaka,Uninominal,-16.699641,-68.853487,19,.,.
Bolivia,La Paz,Sud Yungas,Irupana,U.E. Nucleo Alejandro Perez,Isquircani,Uninominal,-16.48061,-67.39616,17,.,.
Bolivia,La Paz,Murillo,El Alto,U.E. Oscar Alfaro,Cochabamba,Uninominal,-17.360479,-66.158582,20,.,.
Bolivia,La Paz,Larecaja,Tipuani,U.E. Oscar Unzaga De La Vega,Oruro,Uninominal,-17.942457,-67.114255,29,.,.
Bolivia,La Paz,Caranavi,Alto Beni,U.E. Palmar Suapi,Suapi Alto Beni,Uninominal,-15.512021,-67.450717,16,.,.
Bolivia,La Paz,Murillo,Nuestra Señora de La Paz,U.E. Pantini,Nuestra Señora de La Paz,Uninominal,-16.492391,-68.037814,7,.,.
Bolivia,La Paz,General José Manuel Pando,Catacora,U.E. Parachi,Pojo (Parachi),Uninominal,-17.295775,-69.468027,19,.,.
Bolivia,La Paz,Camacho,Puerto Acosta,U.E. Parajachi II,Parajachi II,Uninominal,-15.64598,-69.21049,14,.,.
Bolivia,La Paz,Murillo,El Alto,U.E. Particular Interandino Boliviano,El Alto,Uninominal,-16.49701,-68.18138,10,.,.
Bolivia,La Paz,Camacho,Puerto Acosta,U.E. Pococata,Pococata,Uninominal,-15.5755,-69.2388,14,.,.
Bolivia,La Paz,Aroma,Calamarca,U.E. Porvenir de Cañuma,Cañuma,Uninominal,-17.000784,-68.114135,18,.,.
Bolivia,La Paz,Los Andes,Laja,U.E. República Bolivariana de Venezuela,Puchucollo Bajo,Uninominal,-16.542281,-68.242883,14,.,.
Bolivia,La Paz,Ingavi,Viacha,U.E. República Islámica de Irán,Tilata,Uninominal,-16.582055,-68.216257,19,.,.
Bolivia,La Paz,Murillo,El Alto,U.E. República de Canadá,El Alto,Uninominal,-16.554488,-68.222107,12,.,.
Bolivia,La Paz,Murillo,Nuestra Señora de La Paz,U.E. Ricardo José Bustamante,Nuestra Señora de La Paz,Uninominal,-16.483505,-68.119653,6,.,.
Bolivia,La Paz,Gualberto Villarroel,Papel Pampa,U.E. Rivera Alta,Rivera Alta,Uninominal,-17.591739,-67.663528,18,.,.
Bolivia,La Paz,Aroma,Calamarca,U.E. Rosa Kroeber Vda. de Carpio,Calamarca,Uninominal,-16.906284,-68.115977,18,.,.
Bolivia,La Paz,Pacajes,Corocoro,U.E. Rosapata,Rosapata,Uninominal,-17.498402,-68.10151,18,.,.
Bolivia,La Paz,Murillo,Mecapaca,U.E. Sagrada Familia,Huajchilla,Uninominal,-16.633853,-68.048531,18,.,.
Bolivia,La Paz,Murillo,Nuestra Señora de La Paz,U.E. Saint Germain,Nuestra Señora de La Paz,Uninominal,-16.505459,-68.081579,7,.,.
Bolivia,La Paz,Murillo,El Alto,U.E. San Andres,La Selva,Especial,-10.057803,-65.533367,7,.,.
Bolivia,La Paz,Murillo,Nuestra Señora de La Paz,U.E. San Andrés,La Selva,Especial,-10.057803,-65.533367,7,.,.
Bolivia,La Paz,Aroma,Calamarca,U.E. San Antonio,Mapiri,Uninominal,-10.575023,-66.812929,63,.,.
Bolivia,La Paz,Murillo,El Alto,U.E. San Antonio B (Temporal),El Alto,Uninominal,-16.58263,-68.187085,12,.,.
Bolivia,La Paz,Murillo,Nuestra Señora de La Paz,U.E. San José II (Temporal),Nuestra Señora de La Paz,Uninominal,-16.527638,-68.129656,8,.,.
Bolivia,La Paz,Murillo,El Alto,U.E. San José de Yunguyo (Temporal),El Alto,Uninominal,-16.498858,-68.226,13,.,.
Bolivia,La Paz,Murillo,El Alto,U.E. San Marcos Fé y Alegría (Temporal),El Alto,Uninominal,-16.475612,-68.16785,10,.,.
Bolivia,La Paz,Murillo,Nuestra Señora de La Paz,U.E. Santa Maria Mazzarello(Temporal),Nuestra Señora de La Paz,Uninominal,-16.490525,-68.149442,9,.,.
Bolivia,La Paz,Sud Yungas,La Asunta,U.E. Santa Rosa,Santa Rosa de Mapiri,Uninominal,-15.31801,-68.32465,16,.,.
Bolivia,La Paz,Murillo,Nuestra Señora de La Paz,U.E. Santa Rosa Grande,Nuestra Señora de La Paz,Uninominal,-16.481865,-68.127342,6,.,.
Bolivia,La Paz,Caranavi,Alto Beni,U.E. Santa Rosa I,Santa Rosa,Uninominal,-15.545953,-67.451256,16,.,.
Bolivia,La Paz,Pacajes,Corocoro,U.E. Santiago De Quilloma,El Porvenir de Quilloma,Uninominal,-17.226731,-68.124663,19,.,.
Bolivia,La Paz,Aroma,Sicasica,U.E. Santiago de Laurani,Santiago de Laurani,Uninominal,-17.383663,-67.793128,18,.,.
Bolivia,La Paz,Manco Kapac,San Pedro de Tiquina,U.E. Santiago de Ojje,Santiago de Ojje,Uninominal,-16.258216,-68.877739,14,.,.
Bolivia,La Paz,Gualberto Villarroel,Papel Pampa,U.E. Santos Marca Thola,Mollebamba,Uninominal,-17.739609,-67.827301,18,.,.
Bolivia,La Paz,Aroma,Patacamaya,U.E. Sasari,Sasari,Uninominal,-17.226753,-67.825411,18,.,.
Bolivia,La Paz,Loayza,Luribay,U.E. Simón Bolívar,Calluchani,Uninominal,-17.06216,-67.42189,18,.,.
Bolivia,La Paz,Pacajes,Calacoto,U.E. Simón Bolívar de Audiencia,Audiencia,Uninominal,-17.480149,-68.629534,19,.,.
Bolivia,La Paz,Sud Yungas,Irupana,U.E. Siquiljara,Siquiljara,Uninominal,-16.4995,-67.43041,17,.,.
Bolivia,La Paz,Bautista Saavedra,Charazani,U.E. Soto Pata,Soto Pata,Especial,-15.151416,-68.474778,1,.,.
Bolivia,La Paz,Caranavi,Caranavi,U.E. Suazo,Caranavi,Uninominal,-15.830721,-67.566418,16,.,.
Bolivia,La Paz,Murillo,El Alto,U.E. Taiwan (Temporal),El Alto,Uninominal,-16.475011,-68.213663,10,.,.
Bolivia,La Paz,Ingavi,Jesús de Machaka,U.E. Titicani Tucari,Eduardo Abaroa Machaca,Uninominal,-16.717382,-68.836034,19,.,.
Bolivia,La Paz,Gualberto Villarroel,San Pedro de Curahuara,U.E. Tocopilla,German Busch (G. Villarroel),Uninominal,-17.533185,-68.055762,18,.,.
Bolivia,La Paz,Murillo,El Alto,U.E. Tokio,El Alto,Uninominal,-16.47219,-68.17825,10,.,.
Bolivia,La Paz,Franz Tamayo,Apolo,U.E. Torewa,Torewa,Uninominal,-14.5968,-67.5419,15,.,.
Bolivia,La Paz,Sud Yungas,Irupana,U.E. Totoral,Totoral,Uninominal,-16.593571,-67.741334,17,.,.
Bolivia,La Paz,Aroma,Colquencha,U.E. Tte. Cnel. Max Toledo,Marquirivi,Uninominal,-16.917509,-68.263974,18,.,.
Bolivia,La Paz,Sud Yungas,Palos Blancos,U.E. Tucupi,Tucupi,Uninominal,-15.735714,-67.052493,16,.,.
Bolivia,La Paz,Pacajes,Comanche,U.E. Tuli Grande,Rosas Pata Tuli,Uninominal,-16.926392,-68.545882,19,.,.
Bolivia,La Paz,Sud Yungas,Chulumani,U.E. Técnico Humanístico Pasto Pata,Pasto Pata,Uninominal,-16.367447,-67.470441,17,.,.
Bolivia,La Paz,Aroma,Collana,U.E. Túpac Katari,Cochabamba,Uninominal,-17.437137,-66.135852,21,.,.
Bolivia,La Paz,Loayza,Yaco,U.E. Ulamacu,Ulamaco,Uninominal,-17.08424,-67.44422,18,.,.
Bolivia,La Paz,Camacho,Escoma,U.E. Ullachapi,Collasuyo,Uninominal,-15.685296,-69.138964,14,.,.
Bolivia,La Paz,Caranavi,Caranavi,U.E. Venezuela,Huanuni,Uninominal,-18.285898,-66.84446,31,.,.
Bolivia,La Paz,Aroma,Calamarca,U.E. Venezuela de Totorani,Totorani (Aroma),Uninominal,-16.957593,-68.175413,18,.,.
Bolivia,La Paz,Murillo,El Alto,U.E. Ventilla I (Temporal),El Alto,Uninominal,-16.614462,-68.16792,12,.,.
Bolivia,La Paz,Murillo,Nuestra Señora de La Paz,U.E. Vicenta Juariste Eguino (Temporal),Nuestra Señora de La Paz,Uninominal,-16.4925,-68.135117,9,.,.
Bolivia,La Paz,Loayza,Luribay,U.E. Vilacora,Vilacora,Uninominal,-16.978626,-67.673948,18,.,.
Bolivia,La Paz,Aroma,Patacamaya,U.E. Villa Patarani,Villa Patarani,Uninominal,-17.248021,-67.997787,18,.,.
Bolivia,La Paz,Pacajes,Santiago de Callapa,U.E. Villa Puchuni,Villa Puchuni,Uninominal,-17.283968,-68.319764,19,.,.
Bolivia,La Paz,Camacho,Escoma,U.E. Villa Puni,Villa Puni,Uninominal,-15.668469,-69.168346,14,.,.
Bolivia,La Paz,Murillo,El Alto,"U.E. Villa Victoria ""B""",El Alto,Uninominal,-16.54484,-68.180871,11,.,.
Bolivia,La Paz,Murillo,El Alto,U.E. Villa el Carmen,Villa El Carmen,Uninominal,-17.597,-65.952,26,.,.
Bolivia,La Paz,Murillo,Nuestra Señora de La Paz,U.E. Waldo Ballivian,Nuestra Señora de La Paz,Uninominal,-16.5086,-68.11192,6,.,.
Bolivia,La Paz,Camacho,Mocomoco,U.E. Wilasi,Sullka Wilasi,Uninominal,-15.612601,-69.084295,14,.,.
Bolivia,La Paz,Nor Yungas,Coroico,U.E. Yolosa,Yolosa,Uninominal/Especial,-16.233557,-67.740145,17,.,.
Bolivia,La Paz,Murillo,El Alto,Unid. Educ.  M. Quiroga Santa Cruz,El Alto,Uninominal,-16.5187,-68.17841,11,.,.
Bolivia,La Paz,Murillo,Mecapaca,Unid. Educ. Condor De Los Andes,Kera,Uninominal,-16.736268,-68.060978,18,.,.
Bolivia,La Paz,Murillo,Nuestra Señora de La Paz,Unid. Educ. Hugo Banzer Suarez,Nuestra Señora de La Paz,Uninominal,-16.51199,-68.14326,8,.,.
Bolivia,La Paz,Murillo,Nuestra Señora de La Paz,Unid. Educ. Jaime Escalante,Nuestra Señora de La Paz,Uninominal,-16.51145,-68.14835,8,.,.
Bolivia,La Paz,Murillo,Nuestra Señora de La Paz,Unid. Educ. Joaquin Hernann,Nuestra Señora de La Paz,Uninominal,-16.54834,-68.02591,7,.,.
Bolivia,La Paz,Murillo,Nuestra Señora de La Paz,Unid. Educ. Jorge Vargas,Nuestra Señora de La Paz,Uninominal,-16.53269,-68.13081,8,.,.
Bolivia,La Paz,Murillo,Nuestra Señora de La Paz,Unid. Educ. Raul Salmon De La Barra,Nuestra Señora de La Paz,Uninominal,-16.52271,-68.1396,8,.,.
Bolivia,La Paz,Camacho,Puerto Mayor de Carabuco,Unid. Educ. Ursula Goyzueta,Carabuco,Uninominal,-15.75902,-69.0638,14,.,.
Bolivia,La Paz,Sud Yungas,Yanacachi,Unidad Educ. Felix Ernesto Moscoso,Yanacachi,Uninominal,-16.39802,-67.73924,17,.,.
Bolivia,La Paz,Nor Yungas,Coroico,Unidad Educ. San Pedro,Coroico,Uninominal/Especial,-16.190674,-67.727045,17,.,.
Bolivia,La Paz,Inquisivi,Ichoca,Unidad Educativa,Ichoca,Uninominal,-17.14062,-67.18003,17,.,.
Bolivia,La Paz,Murillo,El Alto,Unidad Educativa  Alto De La Alianza,El Alto,Uninominal,-16.52214,-68.18938,11,.,.
Bolivia,La Paz,Abel Iturralde,Ixiamas,Unidad Educativa 10 de Abril,Macahua,Especial,-13.78335,-68.06606,1,.,.
Bolivia,La Paz,Murillo,El Alto,Unidad Educativa 12 de Octubre,El Alto,Uninominal,-16.51261,-68.1631,11,.,.
Bolivia,La Paz,Murillo,Nuestra Señora de La Paz,Unidad Educativa 24 de Junio,Nuestra Señora de La Paz,Uninominal,-16.49494,-68.10389,7,.,.
Bolivia,La Paz,Murillo,El Alto,Unidad Educativa 25 de Julio,El Alto,Uninominal,-16.50818,-68.21799,13,.,.
Bolivia,La Paz,Murillo,El Alto,Unidad Educativa 3 de Mayo,El Alto,Uninominal,-16.54766,-68.21262,12,.,.
Bolivia,La Paz,Murillo,El Alto,Unidad Educativa Adela Zamudio,El Alto,Uninominal,-16.52711,-68.19314,11,.,.
Bolivia,La Paz,Larecaja,Guanay,Unidad Educativa Alto Chijini,Alto Chijini,Uninominal/Especial,-15.41975,-67.88482,16,.,.
Bolivia,La Paz,Murillo,El Alto,Unidad Educativa Andres Bello,Cochabamba,Uninominal,-17.4158,-66.1512,21,.,.
Bolivia,La Paz,Murillo,El Alto,Unidad Educativa Andres Bello (U. E. 16 de Julio),El Alto,Uninominal,-16.511565,-68.167121,11,.,.
Bolivia,La Paz,Murillo,El Alto,Unidad Educativa Aniceto Arce,San Miguel de Aquerani,Uninominal,-17.7686,-66.597,27,.,.
Bolivia,La Paz,Ingavi,La (Marka) San Andrés de Machaca,Unidad Educativa Antaquirani,Antaquirani,Uninominal,-16.8683,-69.07945,19,.,.
Bolivia,La Paz,Bautista Saavedra,Charazani,Unidad Educativa Apacheta,Apacheta,Especial,-15.14201,-69.12223,1,.,.
Bolivia,La Paz,Murillo,Nuestra Señora de La Paz,Unidad Educativa Arabe De Egipto,Nuestra Señora de La Paz,Uninominal,-16.4971,-68.1409,8,.,.
Bolivia,La Paz,Loayza,Cairoma,Unidad Educativa Bartolina Sisa,Huara,Uninominal,-16.65928,-67.4908,18,.,.
Bolivia,La Paz,Aroma,Sicasica,Unidad Educativa Bartolina Sisa A,Sora Sora,Uninominal,-17.38552,-67.82572,18,.,.
Bolivia,La Paz,Ingavi,Viacha,Unidad Educativa Batalla De Ingavi,Ingavi,Uninominal,-16.63196,-68.24085,19,.,.
Bolivia,La Paz,Murillo,El Alto,Unidad Educativa Bautista Saavedra,El Alto,Uninominal,-16.48594,-68.23381,13,.,.
Bolivia,La Paz,Loayza,Cairoma,Unidad Educativa Bolivar,Collpani,Uninominal,-16.87182,-67.54518,18,.,.
Bolivia,La Paz,Loayza,Cairoma,Unidad Educativa Bolivia-Viloco,Viloco,Uninominal,-16.87398,-67.49796,18,.,.
Bolivia,La Paz,Murillo,El Alto,Unidad Educativa Brasilia,El Alto,Uninominal,-16.51867,-68.15981,11,.,.
Bolivia,La Paz,Larecaja,Guanay,Unidad Educativa Buenos Aires,Buenos Aires,Uninominal,-15.70198,-67.68906,16,.,.
Bolivia,La Paz,Camacho,Mocomoco,Unidad Educativa Cajcachi,Cajcachi,Uninominal,-15.59127,-69.0796,14,.,.
Bolivia,La Paz,Larecaja,Guanay,Unidad Educativa Candelaria,Candelaria,Especial,-15.4421,-67.94775,1,.,.
Bolivia,La Paz,Murillo,Nuestra Señora de La Paz,Unidad Educativa Carlos Medinacelli,Nuestra Señora de La Paz,Uninominal,-16.51231,-68.14066,8,.,.
Bolivia,La Paz,Murillo,El Alto,Unidad Educativa Carlos Palenque,El Alto,Uninominal,-16.52626,-68.18768,11,.,.
Bolivia,La Paz,Aroma,Patacamaya,Unidad Educativa Cauchi - Titiri,Cauchi-Titiri,Uninominal,-17.31285,-67.86247,18,.,.
Bolivia,La Paz,Abel Iturralde,San Buenaventura,Unidad Educativa Central Buena Vista,Buena Vista,Especial,-14.379681,-67.583834,1,.,.
Bolivia,La Paz,Sud Yungas,La Asunta,Unidad Educativa Central Quinuni,Central Quinuni,Uninominal,-16.24596,-67.12872,17,.,.
Bolivia,La Paz,Camacho,Puerto Acosta,Unidad Educativa Centro Calangachi,Centro Calangachi,Uninominal,-15.63603,-69.25439,14,.,.
Bolivia,La Paz,Loayza,Sapahaqui,Unidad Educativa Chivisivi,Chivisivi,Uninominal,-16.95139,-67.87543,18,.,.
Bolivia,La Paz,Inquisivi,Quime,Unidad Educativa Choquetanga,Choquetanga,Uninominal,-16.8389,-67.31809,17,.,.
Bolivia,La Paz,Aroma,Sicasica,Unidad Educativa Chuacollo Grande,Villa Chuacollo Grande,Uninominal,-17.2105,-67.6738,18,.,.
Bolivia,La Paz,Loayza,Yaco,Unidad Educativa Chucamarca,Chucamarca,Uninominal,-17.09326,-67.45103,18,.,.
Bolivia,La Paz,Loayza,Luribay,Unidad Educativa Colliri,Colliri -E. Avaroa,Uninominal,-17.04746,-67.7193,18,.,.
Bolivia,La Paz,Omasuyos,Chua Cocani,Unidad Educativa Compi,Compi Tauca,Uninominal,-16.17562,-68.7893,15,.,.
Bolivia,La Paz,Aroma,Sicasica,Unidad Educativa Conani,German Busch (Conani),Uninominal,-17.43539,-67.52164,18,.,.
Bolivia,La Paz,Murillo,Nuestra Señora de La Paz,Unidad Educativa Cristiana Vida Nueva,Nuestra Señora de La Paz,Uninominal,-16.48913,-68.11804,6,.,.
Bolivia,La Paz,Los Andes,Puerto Pérez,Unidad Educativa Cumana,Cumana,Uninominal,-16.34833,-68.63633,14,.,.
Bolivia,La Paz,Loayza,Yaco,Unidad Educativa Daniel Gomez Garcia,Pampajasi,Uninominal,-17.25055,-67.44017,18,.,.
Bolivia,La Paz,Murillo,El Alto,Unidad Educativa Donozo Torres,El Alto,Uninominal,-16.52236,-68.15047,11,.,.
Bolivia,La Paz,Murillo,El Alto,Unidad Educativa Ecologico Los Pinos,El Alto,Uninominal,-16.5999,-68.17538,12,.,.
Bolivia,La Paz,Murillo,El Alto,Unidad Educativa Eduardo Avaroa I,Pomamaya Baja,Uninominal,-16.49421,-68.29729,13,.,.
Bolivia,La Paz,Abel Iturralde,Ixiamas,Unidad Educativa El Tigre,El Tigre (R?¡o Madre de Dios),Especial,-11.95211,-67.985856,1,.,.
Bolivia,La Paz,Inquisivi,Inquisivi,Unidad Educativa Escola,Escola,Uninominal,-16.88219,-67.01402,17,.,.
Bolivia,La Paz,Murillo,El Alto,Unidad Educativa Eva Peron,El Alto,Uninominal,-16.50945,-68.15955,11,.,.
Bolivia,La Paz,Murillo,Nuestra Señora de La Paz,Unidad Educativa Fabril 18 de Mayo,Nuestra Señora de La Paz,Uninominal,-16.49241,-68.14603,9,.,.
Bolivia,La Paz,Murillo,El Alto,Unidad Educativa Franz Tamayo,Huayhuasi,Uninominal,-16.85869,-68.1254,18,.,.
Bolivia,La Paz,Murillo,El Alto,Unidad Educativa Gran Poder,El Alto,Uninominal,-16.55863,-68.19362,12,.,.
Bolivia,La Paz,Pacajes,Santiago de Callapa,Unidad Educativa Huajruma,Huajruma,Uninominal,-17.57708,-68.39203,19,.,.
Bolivia,La Paz,Sud Yungas,Chulumani,Unidad Educativa Huancane,Huancane,Uninominal/Especial,-16.3786,-67.53661,17,.,.
Bolivia,La Paz,Larecaja,Combaya,Unidad Educativa Huaycho,Huaycho,Uninominal,-15.81383,-68.73401,16,.,.
Bolivia,La Paz,Loayza,Yaco,Unidad Educativa Hurnuni,Hornuni,Uninominal,-17.3487,-67.40517,18,.,.
Bolivia,La Paz,Murillo,El Alto,Unidad Educativa Illimani,El Alto,Uninominal,-16.46561,-68.18507,10,.,.
Bolivia,La Paz,Franz Tamayo,Apolo,Unidad Educativa Indigena Torewa,Torewa I (Pueblo Antiguo),Especial,-14.71774,-67.60982,1,.,.
Bolivia,La Paz,Murillo,El Alto,Unidad Educativa Integracion,El Alto,Uninominal,-16.50175,-68.16405,11,.,.
Bolivia,La Paz,Camacho,Mocomoco,Unidad Educativa Italaque,Italaque,Uninominal,-15.47639,-69.04504,14,.,.
Bolivia,La Paz,Murillo,El Alto,Unidad Educativa Juan Capriles,El Alto,Uninominal,-16.5062,-68.15948,11,.,.
Bolivia,La Paz,Murillo,El Alto,Unidad Educativa Juan José Torres,El Alto,Uninominal,-16.53901,-68.2122,12,.,.
Bolivia,La Paz,Murillo,Nuestra Señora de La Paz,Unidad Educativa Jupapina,Nuestra Señora de La Paz,Uninominal,-16.58935,-68.0744,7,.,.
Bolivia,La Paz,Bautista Saavedra,Charazani,Unidad Educativa Kallurhuaya,Kallurhuaya,Especial,-15.1727,-68.84801,1,.,.
Bolivia,La Paz,Inquisivi,Inquisivi,Unidad Educativa Kanamarca,Kanamarca,Uninominal,-16.34529,-67.07207,17,.,.
Bolivia,La Paz,Murillo,El Alto,Unidad Educativa La Paz,El Alto,Uninominal,-16.52881,-68.20005,11,.,.
Bolivia,La Paz,Loayza,Cairoma,Unidad Educativa Libertad,Ciudad del Niño,Uninominal,-17.346,-66.1932,27,.,.
Bolivia,La Paz,Ingavi,Viacha,Unidad Educativa Litoral,Irpuma Irpa Grande,Uninominal,-16.85302,-68.29734,19,.,.
Bolivia,La Paz,Murillo,Nuestra Señora de La Paz,Unidad Educativa Litoral A,Nuestra Señora de La Paz,Uninominal,-16.468673,-68.150619,9,.,.
Bolivia,La Paz,Aroma,Umala,Unidad Educativa Llanga Belen,Llanga Belén,Uninominal,-17.3479,-67.90632,18,.,.
Bolivia,La Paz,Murillo,Mecapaca,Unidad Educativa Lluto,Lluto,Uninominal,-16.593305,-68.021133,18,.,.
Bolivia,La Paz,Murillo,Nuestra Señora de La Paz,Unidad Educativa Los Pinos,Nuestra Señora de La Paz,Uninominal,-16.54179,-68.07632,7,.,.
Bolivia,La Paz,Murillo,Nuestra Señora de La Paz,Unidad Educativa Mallasa,Nuestra Señora de La Paz,Uninominal,-16.57032,-68.08762,7,.,.
Bolivia,La Paz,Caranavi,Caranavi,Unidad Educativa Manchego,Exaltación,Uninominal,-15.852,-67.60762,16,.,.
Bolivia,La Paz,Murillo,El Alto,Unidad Educativa Mariscal Antonio José E,El Alto,Uninominal,-16.47654,-68.22196,10,.,.
Bolivia,La Paz,Inquisivi,Inquisivi,Unidad Educativa Mariscal Sucre,Chillcani,Uninominal,-16.78866,-67.08443,17,.,.
Bolivia,La Paz,Inquisivi,Colquiri,Unidad Educativa Marquirivi,Marquirivi,Uninominal,-17.48428,-66.84624,17,.,.
Bolivia,La Paz,Murillo,El Alto,Unidad Educativa Mercedes Elio De Rivero,El Alto,Uninominal,-16.55686,-68.23167,12,.,.
Bolivia,La Paz,Murillo,Mecapaca,Unidad Educativa Millocato,Millucato,Uninominal,-16.732554,-67.909095,18,.,.
Bolivia,La Paz,Aroma,Patacamaya,Unidad Educativa Muruchapi,Muruchapi,Uninominal,-17.13052,-67.82782,18,.,.
Bolivia,La Paz,Larecaja,Guanay,Unidad Educativa Nacional Guanay,Guanay,Uninominal/Especial,-15.49581,-67.88155,16,.,.
Bolivia,La Paz,Murillo,El Alto,Unidad Educativa Noruega,El Alto,Uninominal,-16.4826,-68.19359,10,.,.
Bolivia,La Paz,Caranavi,Caranavi,Unidad Educativa Nueva Llusta 2da,Nueva Llusta 2da.,Uninominal,-15.85297,-67.39731,16,.,.
Bolivia,La Paz,Sud Yungas,La Asunta,Unidad Educativa Nuevos Horizontes,Nuevos Horizontes,Uninominal,-16.07017,-67.0814,17,.,.
Bolivia,La Paz,Loayza,Sapahaqui,Unidad Educativa Ocuiri,Ocuiri,Uninominal,-17.09802,-67.75996,18,.,.
Bolivia,La Paz,Camacho,Puerto Acosta,Unidad Educativa Orurillo,Orurillo,Uninominal,-15.53868,-69.31892,14,.,.
Bolivia,La Paz,Murillo,El Alto,Unidad Educativa Pablo Zarate Villca,El Alto,Uninominal,-16.471872,-68.194431,10,.,.
Bolivia,La Paz,Gualberto Villarroel,Papel Pampa,Unidad Educativa Pacollo,Pacollo (G. Villarroel),Uninominal,-17.78063,-67.8727,18,.,.
Bolivia,La Paz,Larecaja,Tipuani,Unidad Educativa Pedro Domingo Murillo,Unutuluni,Uninominal,-15.59577,-68.10115,16,.,.
Bolivia,La Paz,Loayza,Luribay,Unidad Educativa Poroma,Poroma (Loayza),Uninominal,-17.17032,-67.54092,18,.,.
Bolivia,La Paz,Murillo,Nuestra Señora de La Paz,Unidad Educativa Privada La Paz,Nuestra Señora de La Paz,Uninominal,-16.4988,-68.14587,8,.,.
Bolivia,La Paz,Murillo,El Alto,Unidad Educativa Progreso,El Alto,Uninominal,-16.47828,-68.25311,13,.,.
Bolivia,La Paz,Nor Yungas,Coroico,Unidad Educativa Puente Armas,Puente Armas,Uninominal,-16.040524,-67.665306,17,.,.
Bolivia,La Paz,Murillo,Nuestra Señora de La Paz,Unidad Educativa Puerto Rico,Nuestra Señora de La Paz,Uninominal,-16.512624,-68.13953,8,.,.
Bolivia,La Paz,Camacho,Mocomoco,Unidad Educativa Queñi,Queñi,Uninominal,-15.43503,-68.97206,14,.,.
Bolivia,La Paz,Murillo,El Alto,Unidad Educativa Rep. Del Uruguay,El Alto,Uninominal,-16.51882,-68.27645,13,.,.
Bolivia,La Paz,Murillo,Nuestra Señora de La Paz,Unidad Educativa Republica de China,Nuestra Señora de La Paz,Uninominal,-16.4945,-68.1278,9,.,.
Bolivia,La Paz,Murillo,Nuestra Señora de La Paz,Unidad Educativa Republica de Cuba,Nuestra Señora de La Paz,Uninominal,-16.50287,-68.13556,8,.,.
Bolivia,La Paz,Murillo,El Alto,Unidad Educativa Republica de Francia,El Alto,Uninominal,-16.5501,-68.19515,12,.,.
Bolivia,La Paz,Ingavi,La (Marka) San Andrés de Machaca,Unidad Educativa Rosa Pata Erben Kalla,Rosa Pata - Erben Kalla,Uninominal,-16.83392,-68.91935,19,.,.
Bolivia,La Paz,Muñecas,Aucapata,Unidad Educativa Rosario,Rosario.,Uninominal,-15.4223,-68.6216,15,.,.
Bolivia,La Paz,Murillo,Nuestra Señora de La Paz,Unidad Educativa Rosario (Urb. El Rosario),Nuestra Señora de La Paz,Uninominal,-16.528713,-68.11529,7,.,.
Bolivia,La Paz,Loayza,Cairoma,Unidad Educativa Sacani,Sacani (Loayza),Uninominal,-16.94436,-67.61375,18,.,.
Bolivia,La Paz,Gualberto Villarroel,Papel Pampa,Unidad Educativa San José,San José.,Uninominal,-17.72414,-67.75399,18,.,.
Bolivia,La Paz,Murillo,Nuestra Señora de La Paz,Unidad Educativa San José (U. E. Manuel B. Mariaca),Nuestra Señora de La Paz,Uninominal,-16.48993,-68.15286,9,.,.
Bolivia,La Paz,Murillo,El Alto,Unidad Educativa San Juan de Calama,El Alto,Uninominal,-16.52204,-68.19692,11,.,.
Bolivia,La Paz,Murillo,El Alto,Unidad Educativa San Luis,El Alto,Uninominal,-16.54089,-68.20049,12,.,.
Bolivia,La Paz,Loayza,Sapahaqui,Unidad Educativa San Marcos,Caracato,Uninominal,-16.99369,-67.81051,18,.,.
Bolivia,La Paz,Abel Iturralde,San Buenaventura,Unidad Educativa San Miguel,Cochabamba,Uninominal,-17.4051,-66.1476,21,.,.
Bolivia,La Paz,Murillo,El Alto,Unidad Educativa Santa Rosa de Lima,El Alto,Uninominal,-16.45551,-68.1677,10,.,.
Bolivia,La Paz,Murillo,El Alto,Unidad Educativa Santiago I,El Alto,Uninominal,-16.52485,-68.16467,11,.,.
Bolivia,La Paz,Loayza,Sapahaqui,Unidad Educativa Sapahaqui,Sapahaqui,Uninominal,-16.88832,-67.95024,18,.,.
Bolivia,La Paz,Sud Yungas,La Asunta,Unidad Educativa Siguani Grande,Siguani Grande,Uninominal,-16.02148,-67.1498,17,.,.
Bolivia,La Paz,Inquisivi,Inquisivi,Unidad Educativa Siguas,Siguas,Uninominal,-17.17848,-66.93951,17,.,.
Bolivia,La Paz,Loayza,Yaco,Unidad Educativa Simon Bolivar,San Pedro de Okorani,Uninominal,-16.63942,-68.93962,19,.,.
Bolivia,La Paz,Ingavi,Desaguadero,Unidad Educativa Simón Bolívar,San Pedro de Okorani,Uninominal,-16.63942,-68.93962,19,.,.
Bolivia,La Paz,Aroma,Calamarca,Unidad Educativa Sucanavi,Sucanavi,Uninominal,-16.93009,-68.07444,18,.,.
Bolivia,La Paz,Sud Yungas,Irupana,Unidad Educativa Taca,Taca,Uninominal,-16.6741,-67.59009,17,.,.
Bolivia,La Paz,Loayza,Sapahaqui,Unidad Educativa Tacobamba,Tacobamba,Uninominal,-16.89507,-67.93534,18,.,.
Bolivia,La Paz,Murillo,El Alto,Unidad Educativa Tecnica Yunguyo,El Alto,Uninominal,-16.49496,-68.22483,13,.,.
Bolivia,La Paz,Murillo,El Alto,Unidad Educativa The Strongest,El Alto,Uninominal,-16.47943,-68.19981,10,.,.
Bolivia,La Paz,Ingavi,Viacha,Unidad Educativa Toncopujio,Toncopujio,Uninominal,-16.8719,-68.29401,19,.,.
Bolivia,La Paz,Murillo,El Alto,Unidad Educativa Tupac Amaru,El Alto,Uninominal,-16.57245,-68.20243,12,.,.
Bolivia,La Paz,Inquisivi,Inquisivi,Unidad Educativa Tupak Katari,Capiñata,Uninominal,-16.99531,-67.07355,17,.,.
Bolivia,La Paz,Murillo,Palca,Unidad Educativa Uni,Unni,Uninominal,-16.543195,-67.997902,18,.,.
Bolivia,La Paz,Murillo,El Alto,Unidad Educativa Union Europea,El Alto,Uninominal,-16.53997,-68.17921,11,.,.
Bolivia,La Paz,Loayza,Sapahaqui,Unidad Educativa Urupaya,Urupaya,Uninominal,-16.83526,-67.86726,18,.,.
Bolivia,La Paz,Murillo,Nuestra Señora de La Paz,Unidad Educativa Valle Hermoso,Nuestra Señora de La Paz,Uninominal,-16.4883,-68.10799,6,.,.
Bolivia,La Paz,Murillo,El Alto,Unidad Educativa Venezuela,El Alto,Uninominal,-16.503506,-68.253156,13,.,.
Bolivia,La Paz,Murillo,El Alto,Unidad Educativa Villa Alemania,El Alto,Uninominal,-16.51637,-68.20655,11,.,.
Bolivia,La Paz,Murillo,El Alto,Unidad Educativa Villa Cooperativa,El Alto,Uninominal,-16.47322,-68.22495,13,.,.
Bolivia,La Paz,Murillo,Nuestra Señora de La Paz,Unidad Educativa Villa Harca,Islani Bajo,Uninominal,-16.091328,-68.044041,6,.,.
Bolivia,La Paz,Muñecas,Ayata,Unidad Educativa Villa Rosario,Marumpampa,Uninominal,-15.22997,-68.62227,15,.,.
Bolivia,La Paz,Aroma,Patacamaya,Unidad Educativa Viscachani,Viscachani,Uninominal,-17.17933,-67.9495,18,.,.
Bolivia,La Paz,Ingavi,Puerto Mayor de Guaqui,Unidad Educativa Wilacollo,Wilacollo,Uninominal,-16.59871,-68.91432,19,.,.
Bolivia,La Paz,Loayza,Yaco,Unidad Educativa Yaco,Yaco,Uninominal,-17.1584,-67.41138,18,.,.
Bolivia,La Paz,Larecaja,Guanay,Unidad Educativa Yolosani,Yolosani,Uninominal/Especial,-15.57438,-67.79774,16,.,.
Bolivia,La Paz,Murillo,Nuestra Señora de La Paz,Escuela Superior de Formación de Maestros Simon Bolivar,Nuestra Señora de La Paz,Uninominal,-16.51854,-68.11337,6,.,.
Bolivia,La Paz,Camacho,Puerto Mayor de Carabuco,Centro de Orientación Sisasani,Sisasani,Uninominal,-15.86851,-68.972063,14,.,.
Bolivia,La Paz,Los Andes,Batallas,U.E. Villa Asunción De Caluyo,Asunciñn de Caluyo,Uninominal,-16.329089,-68.509548,14,.,.
Bolivia,La Paz,Murillo,Nuestra Señora de La Paz,U. E. Ff. Aa. De La Nación,Nuestra Señora de La Paz,Uninominal,-16.52197,-68.08987,7,.,.
Bolivia,La Paz,Aroma,Umala,U.E. Asunción de Huancarama,Asunciñn Huancarama,Uninominal,-17.35766,-68.113982,18,.,.
Bolivia,La Paz,Camacho,Mocomoco,Núcleo Escolar Taypi Ayca,Taypi Ayca,Uninominal,-15.5147,-69.08912,14,.,.
Bolivia,La Paz,Murillo,El Alto,U.E. Batallón Colorados (Temporal),El Alto,Uninominal,-16.520714,-68.153592,11,.,.
Bolivia,La Paz,General José Manuel Pando,Santiago de Machaca,U.E. Villa Exaltación,Villa Exaltación,Uninominal,-17.24562,-69.275775,19,.,.
Bolivia,La Paz,Caranavi,Caranavi,U. E. Villa Elevación,Villa Elevaciñn,Uninominal,-15.68763,-67.628433,16,.,.
Bolivia,La Paz,Omasuyos,Achacachi,Núcleo Escolar Challuyo,Challuyo (Omasuyos),Uninominal,-15.99023,-68.61758,15,.,.
Bolivia,La Paz,Murillo,El Alto,U.E. Unión Bolivariana (Temporal),El Alto,Uninominal,-16.536671,-68.185975,11,.,.
Bolivia,La Paz,Murillo,El Alto,U.E. Unión Europea (Temporal),El Alto,Uninominal,-16.478022,-68.192478,10,.,.
Bolivia,La Paz,Ingavi,Viacha,U.E. República de Japón,Tilata,Uninominal,-16.59043,-68.244364,19,.,.
Bolivia,La Paz,Aroma,Sicasica,U.E. Jaruma ´B´,Carura,Especial,-15.426199,-67.965475,1,.,.
Bolivia,La Paz,Aroma,Collana,U.E. Pedro Domingo Murillo ´B´,Chua Visalaya,Uninominal,-16.180916,-68.771383,15,.,.
Bolivia,Oruro,Cercado,Oruro,(Cárcel) Centro Penitenciario La Merced,Oruro,Uninominal,-17.952066,-67.079821,29,.,.
Bolivia,Oruro,Cercado,Oruro,(Cárcel) Penal San Pedro,Oruro,Uninominal,-17.94727,-67.113996,29,.,.
Bolivia,Oruro,Litoral,Cruz de Machacamarca,Amb. Comite Civico,Florida,Uninominal,-18.803677,-68.347878,32,.,.
Bolivia,Oruro,Cercado,Oruro,CEA Boliviano Alemán,Oruro,Uninominal,-17.939717,-67.113651,29,.,.
Bolivia,Oruro,Cercado,Oruro,CEA Carmen Guzman de Mier (Temporal),Oruro,Uninominal,-17.969811,-67.097312,29,.,.
Bolivia,Oruro,Cercado,Oruro,CEMEI,Oruro,Uninominal,-17.952219,-67.106111,29,.,.
Bolivia,Oruro,Cercado,Caracollo,Casa Comunal,Avaroa,Uninominal,-18.738113,-68.315736,32,.,.
Bolivia,Oruro,Saucarí,Toledo,Casa Comunal Central Molloco,Central Molloco,Uninominal,-18.403781,-67.491011,32,.,.
Bolivia,Oruro,Saucarí,Toledo,Casa Comunal Jacha Ullami,Comunidad Originaria San Geronimo de Jacha Ullami,Uninominal,-18.443629,-67.434255,32,.,.
Bolivia,Oruro,Nor Carangas,Huayllamarca,Casa Comunal Mitma Marka,Mitma Marka,Uninominal,-17.846556,-67.881165,32,.,.
Bolivia,Oruro,Cercado,Caracollo,Casa Productiva,La Joya,Uninominal,-17.774709,-67.497673,32,.,.
Bolivia,Oruro,Litoral,Escara,Casa del Notario,Payrumani del Litoral,Uninominal,-18.80862,-68.20262,32,.,.
Bolivia,Oruro,Cercado,Oruro,Cema Hijos de Sol (Temporal),Oruro,Uninominal,-17.986401,-67.116007,30,.,.
Bolivia,Oruro,Cercado,Oruro,Centro Educativo Alcira Cardona,Oruro,Uninominal,-17.981628,-67.135431,30,.,.
Bolivia,Oruro,Cercado,Oruro,Centro Educativo Luis Espinal,Oruro,Uninominal,-17.976475,-67.104274,30,.,.
Bolivia,Oruro,Cercado,Oruro,Centro de Madres Villa Dorina  (U.Esc. Gtanja Capachos),Oruro,Uninominal,-17.93653,-67.0959,29,.,.
Bolivia,Oruro,Abaroa,Challapata,Col Nal Bolivia (Temporal),Challapata,Uninominal,-18.907314,-66.772051,31,.,.
Bolivia,Oruro,Pantaleón Dalence,Huanuni,Col Venezuela (Temporal),Huanuni,Uninominal,-18.285967,-66.844119,31,.,.
Bolivia,Oruro,Carangas,Corque,Col.  José Trifiro,Corque,Uninominal,-18.34875,-67.68045,32,.,.
Bolivia,Oruro,Cercado,Oruro,Col. Aniceto Arce,Potosí,Uninominal,-19.58251,-65.75697,33,.,.
Bolivia,Oruro,Nor Carangas,Huayllamarca,Col. Chojñohuma,Chojñohuma,Uninominal,-17.755446,-67.999142,32,.,.
Bolivia,Oruro,Cercado,Oruro,Col. Donato Vasquez,Oruro,Uninominal,-17.967839,-67.112721,30,.,.
Bolivia,Oruro,Cercado,Oruro,Col. Ignacio Leon,Oruro,Uninominal,-17.969574,-67.110658,30,.,.
Bolivia,Oruro,Cercado,Oruro,Col. Jorge Oblitas,Oruro,Uninominal,-17.970968,-67.116784,30,.,.
Bolivia,Oruro,Nor Carangas,Huayllamarca,Col. José Mérida Montaño,Santiago de Huayllamarca,Uninominal,-17.834926,-67.943044,32,.,.
Bolivia,Oruro,Poopó,Pazña,Col. Juan Lechin Oquendo,Totoral,Uninominal,-18.49693,-66.87602,31,.,.
Bolivia,Oruro,Nor Carangas,Huayllamarca,Col. Llanquera,Llanquera Marka,Uninominal,-17.988524,-67.692189,32,.,.
Bolivia,Oruro,Cercado,Oruro,Col. Marcos Beltran Avila,Oruro,Uninominal,-17.980306,-67.123832,30,.,.
Bolivia,Oruro,Pantaleón Dalence,Huanuni,Col. Mixto Bolivia (Temporal),Huanuni,Uninominal,-18.282752,-66.844206,31,.,.
Bolivia,Oruro,Sebastián Pagador,Santiago de Huari,Col. Mixto Gualberto Villarroel,Santiago de Huari,Uninominal,-19.008723,-66.77528,31,.,.
Bolivia,Oruro,Cercado,Oruro,Col. Mixto San José,Oruro,Uninominal,-17.967104,-67.106913,30,.,.
Bolivia,Oruro,Saucarí,Toledo,Col. Nacional Toledo,Toledo,Uninominal,-18.1808,-67.4108,32,.,.
Bolivia,Oruro,Cercado,Oruro,Col. Nal. Antonio José De Sainz,Oruro,Uninominal,-17.976803,-67.112453,30,.,.
Bolivia,Oruro,San Pedro de Totora,Totora,Col. Nal. Calazaya,Calazaya,Uninominal,-17.660745,-68.297235,32,.,.
Bolivia,Oruro,Tomás Barrón,Eucaliptus,Col. Nal. Eucaliptus,Tarucamarca,Uninominal,-17.581856,-67.494871,32,.,.
Bolivia,Oruro,Cercado,Paria (Soracachi),Col. Nal. Iruma,Iruma,Uninominal,-17.826341,-66.956043,31,.,.
Bolivia,Oruro,Cercado,Oruro,Col. Nal. Juan Misael Saracho,Oruro,Uninominal,-17.96565,-67.10977,30,.,.
Bolivia,Oruro,Cercado,Oruro,Col. Nal. Mixto Carmen Guzman De Mier,Oruro,Uninominal,-17.969672,-67.097979,29,.,.
Bolivia,Oruro,Abaroa,Santuario de Quillacas,Col. Nal. Mixto Sevaruyo,Sevaruyo,Uninominal,-19.36308,-66.8639,31,.,.
Bolivia,Oruro,Cercado,Paria (Soracachi),Col. Nal. Mixto Soracachi,Soracachi,Uninominal,-17.767945,-67.028595,31,.,.
Bolivia,Oruro,Cercado,Oruro,Col. Nal. Simon Bolivar,Oruro,Uninominal,-17.97195,-67.115518,30,.,.
Bolivia,Oruro,Cercado,Oruro,Col. Nal.Mixto Mejillones (V. Challacollo),Oruro,Uninominal,-18.00865,-67.13516,30,.,.
Bolivia,Oruro,Abaroa,Challapata,Col. Nemecio Barrientos,Cacachaca,Uninominal,-18.816243,-66.41406,31,.,.
Bolivia,Oruro,Poopó,Pazña,Col. Oscar Unzaga De La Vega,Pazña,Uninominal,-18.59495,-66.9222,31,.,.
Bolivia,Oruro,Pantaleón Dalence,Machacamarca,Col. P. D. Murillo,Machacamarca,Uninominal,-18.172323,-67.022431,31,.,.
Bolivia,Oruro,Cercado,Oruro,Col. Particular Anglo Americano,Oruro,Uninominal,-17.969357,-67.120074,30,.,.
Bolivia,Oruro,Cercado,Oruro,Col. Particular Bolivia Japon,Oruro,Uninominal,-17.96645,-67.115964,29,.,.
Bolivia,Oruro,Cercado,Oruro,Col. Particular La Salle,Oruro,Uninominal,-17.982393,-67.127446,30,.,.
Bolivia,Oruro,Cercado,Oruro,Col. Particular Naciones Unidas,Oruro,Uninominal,-17.98074,-67.119164,30,.,.
Bolivia,Oruro,Cercado,Oruro,Col. Particular Reekie,Oruro,Uninominal,-17.973439,-67.114474,30,.,.
Bolivia,Oruro,Carangas,Corque,Col. Quita Quita,Laca Laca Quita Quita,Uninominal,-18.57433,-67.59264,32,.,.
Bolivia,Oruro,Sur Carangas,Belén de Andamarca,Col. Tec. Humanistico Simon Bolivar,Belén de Andamarca,Uninominal,-18.815636,-67.637224,32,.,.
Bolivia,Oruro,Cercado,Caracollo,Col.Nal. Simón Bolivar,Oruro,Uninominal,-17.97195,-67.115518,30,.,.
Bolivia,Oruro,Cercado,Oruro,Colegio Evangelico Filadelphia (Temporal),Oruro,Uninominal,-17.959943,-67.104422,29,.,.
Bolivia,Oruro,Cercado,Oruro,Colegio Jesus Maria Fe y Alegria,Oruro,Uninominal,-17.959653,-67.108069,30,.,.
Bolivia,Oruro,Cercado,Oruro,Coliseo Cerrado Palacio de los Deportes (Temporal),Oruro,Uninominal,-17.943797,-67.112636,29,.,.
Bolivia,Oruro,Cercado,Oruro,Direccion Nacional Deportes (Temporal),Oruro,Uninominal,-17.97651,-67.110674,30,.,.
Bolivia,Oruro,Cercado,Oruro,Esc Carmen Guzman de Mier (Temporal),Oruro,Uninominal,-17.970182,-67.097327,29,.,.
Bolivia,Oruro,Cercado,Oruro,Esc Juan Pablo Inicial (Temporal),Oruro,Uninominal,-17.970988,-67.137544,30,.,.
Bolivia,Oruro,Pantaleón Dalence,Machacamarca,Esc. Adolfo Mier,Comunidad Sora,Uninominal,-18.10496,-67.00506,31,.,.
Bolivia,Oruro,Ladislao Cabrera,Salinas de Garcí Mendoza,Esc. America San Martin,San Mart?¡n,Uninominal,-19.275226,-67.599405,32,.,.
Bolivia,Oruro,Cercado,Caracollo,Esc. Arca de Noe,Villa Santa Fé,Uninominal,-17.534661,-67.144154,32,.,.
Bolivia,Oruro,Cercado,Paria (Soracachi),Esc. Cachi Cachi,Cachi Cachi,Uninominal,-17.928062,-66.899878,31,.,.
Bolivia,Oruro,Sebastián Pagador,Santiago de Huari,Esc. Caico Bolivar,Caico Bolivar,Uninominal,-19.189137,-66.758494,31,.,.
Bolivia,Oruro,Sebastián Pagador,Santiago de Huari,Esc. Calacota,Calacota,Uninominal,-19.141719,-66.466079,31,.,.
Bolivia,Oruro,Cercado,Paria (Soracachi),Esc. Carlos Beltran Morales,Banderani,Uninominal,-17.845472,-66.750449,31,.,.
Bolivia,Oruro,Cercado,Caracollo,Esc. Casimiro Olañeta,San Antonio de Angulo,Uninominal,-17.739797,-67.707615,32,.,.
Bolivia,Oruro,Sebastián Pagador,Santiago de Huari,Esc. Castilla Huma,Castilla Huma,Uninominal,-19.139969,-66.713428,31,.,.
Bolivia,Oruro,Carangas,Corque,Esc. Central Andapata Lupe,Andapata Lupe,Uninominal,-18.572966,-67.800815,32,.,.
Bolivia,Oruro,Cercado,Caracollo,Esc. Central Horenco,Central Horenco,Uninominal,-17.717984,-67.096687,32,.,.
Bolivia,Oruro,Cercado,Paria (Soracachi),Esc. Central Paria,Paria,Uninominal,-17.823062,-67.01921,31,.,.
Bolivia,Oruro,Ladislao Cabrera,Salinas de Garcí Mendoza,Esc. Central Puqui,Puqui,Uninominal,-19.574162,-67.372138,32,.,.
Bolivia,Oruro,San Pedro de Totora,Totora,Esc. Central Sora Sora,Sora Sora,Uninominal,-17.935361,-68.105903,32,.,.
Bolivia,Oruro,Sajama,Turco,Esc. Central Turco,Turco,Uninominal,-18.18156,-68.19347,32,.,.
Bolivia,Oruro,Sebastián Pagador,Santiago de Huari,Esc. Condo K,"Condo ""K""",Uninominal,-19.17189,-66.805359,31,.,.
Bolivia,Oruro,Litoral,Cruz de Machacamarca,Esc. Cruz De Machacamarca,Cruz de Machacamarca,Uninominal,-18.769681,-68.314251,32,.,.
Bolivia,Oruro,Pantaleón Dalence,Huanuni,Esc. Daniel Sanchez Bustamante,Cataricagua,Uninominal,-18.27406,-66.81483,31,.,.
Bolivia,Oruro,Sajama,Curahuara de Carangas,Esc. Eduardo Sagarnaga,Curahuara de Carangas,Uninominal,-17.84149,-68.41264,32,.,.
Bolivia,Oruro,Mejillones,Carangas,Esc. Eliodoro Villazon,Carangas,Uninominal,-18.93954,-68.62348,32,.,.
Bolivia,Oruro,Saucarí,Toledo,Esc. Elizardo Perez 1,Cari Cari,Uninominal,-18.29798,-67.28907,32,.,.
Bolivia,Oruro,Litoral,Huachacalla,Esc. Fe y Alegria,Saturnino Saucedo/F.Libertad(Cap.),Uninominal,-17.096387,-62.684614,53,.,.
Bolivia,Oruro,Sabaya,Sabaya,Esc. Felix Fernandez,Cruz de Huayllas,Uninominal,-18.96744,-68.52093,32,.,.
Bolivia,Oruro,Cercado,Oruro,Esc. Franz Tamayo (Los Pinos),Oruro,Uninominal,-17.925319,-67.130245,29,.,.
Bolivia,Oruro,Saucarí,Toledo,Esc. German Busch 1,Culluri,Uninominal,-18.26623,-67.54126,32,.,.
Bolivia,Oruro,Saucarí,Toledo,Esc. German Busch II,Challa Cruz,Uninominal,-18.50244,-67.40559,32,.,.
Bolivia,Oruro,Sajama,Turco,Esc. Gualberto Villarroel - Iruni,Iruni,Uninominal,-18.60372,-68.5331,32,.,.
Bolivia,Oruro,Pantaleón Dalence,Huanuni,Esc. Huallatiri,Huallatiri,Uninominal,-18.26101,-66.57692,31,.,.
Bolivia,Oruro,Tomás Barrón,Eucaliptus,Esc. Huancaroma,Huancaroma,Uninominal,-17.663138,-67.490722,32,.,.
Bolivia,Oruro,Ladislao Cabrera,Salinas de Garcí Mendoza,Esc. Ildefonso Murguia,Julo,Uninominal,-18.699872,-68.890921,32,.,.
Bolivia,Oruro,Saucarí,Toledo,Esc. Isac Porto Carrera,Challavito,Uninominal,-18.02908,-67.596603,32,.,.
Bolivia,Oruro,Cercado,Oruro,Esc. Jacinto Rodriguez (La Aurora),Oruro,Uninominal,-17.912963,-67.127572,29,.,.
Bolivia,Oruro,Nor Carangas,Huayllamarca,Esc. Jesus Belen,Puerto Ñequeta,Uninominal,-17.792283,-68.020418,32,.,.
Bolivia,Oruro,Cercado,El Choro,Esc. José Ballivian,Choquecota,Uninominal,-18.09751,-67.89426,32,.,.
Bolivia,Oruro,Sabaya,Sabaya,Esc. José Maria Egues Cuellar,Sabaya,Uninominal,-19.01429,-68.37302,32,.,.
Bolivia,Oruro,Sabaya,Sabaya,Esc. José Maria Montaño,Chulumani,Uninominal,-18.903093,-68.532549,32,.,.
Bolivia,Oruro,Sabaya,Sabaya,Esc. José Merida Montaño,Bella Vista,Uninominal,-18.704061,-68.645687,32,.,.
Bolivia,Oruro,Cercado,Oruro,Esc. Juan Pablo,Oruro,Uninominal,-17.970678,-67.137245,30,.,.
Bolivia,Oruro,Cercado,Paria (Soracachi),Esc. Litoral,Potosí,Uninominal,-19.58171,-65.75475,33,.,.
Bolivia,Oruro,San Pedro de Totora,Totora,Esc. Litoral De Culta,Culta,Uninominal,-17.97308,-68.038518,32,.,.
Bolivia,Oruro,Sebastián Pagador,Santiago de Huari,Esc. Llapallapani,Uru Uru Llapa Llapani,Especial,-19.010813,-66.81959,3,.,.
Bolivia,Oruro,Saucarí,Toledo,Esc. M. M. Vaca Guzman,Chuquiña,Uninominal,-17.803102,-67.469823,32,.,.
Bolivia,Oruro,Ladislao Cabrera,Pampa Aullagas,Esc. Maria Sanchez Fernandez,Pampa Aullagas,Uninominal,-19.195773,-67.060186,32,.,.
Bolivia,Oruro,Poopó,Antequera,Esc. Mariscal Antonio José De Sucre,Amachuma,Uninominal,-17.62614,-67.39827,32,.,.
Bolivia,Oruro,Poopó,Poopó,Esc. Mariscal Sucre,Ipitá,Uninominal,-19.35422,-63.50597,56,.,.
Bolivia,Oruro,San Pedro de Totora,Totora,Esc. Marquirivi,Marquirivi,Uninominal,-17.954811,-67.97402,32,.,.
Bolivia,Oruro,Cercado,Paria (Soracachi),Esc. Multigrado Cullcupampa,Central Cullcupampa,Uninominal,-17.811687,-66.845811,31,.,.
Bolivia,Oruro,Pantaleón Dalence,Huanuni,Esc. Oscar Alfaro,Negro Pabellñn,Uninominal,-18.07138,-66.84819,31,.,.
Bolivia,Oruro,Sabaya,Sabaya,Esc. Pitacollo,San Antonio de Pitacollo,Uninominal,-19.053071,-68.590276,32,.,.
Bolivia,Oruro,Sabaya,AIOC Uru Chipaya,Esc. Puente Topater,Ayparavi,Especial,-19.032593,-67.913977,3,.,.
Bolivia,Oruro,Saucarí,Toledo,Esc. Pumasara,Untavi,Uninominal,-18.6561,-67.35503,32,.,.
Bolivia,Oruro,Poopó,Poopó,Esc. Puñaca,Puñaca,Especial,-18.406868,-67.015031,3,.,.
Bolivia,Oruro,Carangas,Corque,Esc. Rafael Pabon,San José de Cala,Uninominal,-18.610663,-67.867483,32,.,.
Bolivia,Oruro,Cercado,Caracollo,Esc. René Bernal Escalante,Central Cañohuma,Uninominal,-17.415157,-67.264999,32,.,.
Bolivia,Oruro,Sabaya,AIOC Uru Chipaya,Esc. San Ignacio,Vestrullani,Especial,-19.094807,-68.07254,3,.,.
Bolivia,Oruro,Cercado,El Choro,Esc. Sebastian  Pagador,Pacariza,Uninominal,-18.958151,-68.424084,32,.,.
Bolivia,Oruro,Litoral,Esmeralda,Esc. Sebastian Pagador,Pacariza,Uninominal,-18.958151,-68.424084,32,.,.
Bolivia,Oruro,Cercado,Caracollo,Esc. Seccional Ancotanga,Ancotanga,Uninominal,-17.80602,-67.41305,32,.,.
Bolivia,Oruro,Cercado,Paria (Soracachi),Esc. Seccional Condorchinoca,Condorchinoca,Uninominal,-17.817094,-66.923884,31,.,.
Bolivia,Oruro,Cercado,Paria (Soracachi),Esc. Seccional San Juan Pampa,San Juan Pampa,Uninominal,-17.870706,-67.072065,31,.,.
Bolivia,Oruro,Carangas,Corque,Esc. Seccional Villa Nueva,Villa Nueva,Uninominal,-18.50015,-67.52446,32,.,.
Bolivia,Oruro,Carangas,Corque,Esc. Seccional Villa Remedios,Villa Remedios,Uninominal,-18.34178,-67.53616,32,.,.
Bolivia,Oruro,Abaroa,Santuario de Quillacas,Esc. Soraga,Soraga,Uninominal,-19.37804,-66.81366,31,.,.
Bolivia,Oruro,Litoral,Cruz de Machacamarca,Esc. Tcnl. Rafael Pabon,Huayllas,Uninominal,-18.772112,-68.277524,32,.,.
Bolivia,Oruro,Nor Carangas,Huayllamarca,Esc. Tunupa,Tunupa,Uninominal,-17.808821,-67.885783,32,.,.
Bolivia,Oruro,Sabaya,Sabaya,Esc. Veralines,Pagador,Uninominal,-19.203369,-68.55409,32,.,.
Bolivia,Oruro,Sebastián Pagador,Santiago de Huari,Esc. Vichaj Lupe,Vichaj Lupe,Uninominal,-19.254681,-66.752658,31,.,.
Bolivia,Oruro,Ladislao Cabrera,Salinas de Garcí Mendoza,Esc. Villa Esperanza,Villa Esperanza,Uninominal,-19.396214,-67.282974,32,.,.
Bolivia,Oruro,Sajama,Turco,Esc. Walberto Villarroel,Crucero,Uninominal,-18.34289,-68.62778,32,.,.
Bolivia,Oruro,Cercado,Caracollo,Escuela Superior de Formacion de Maestros Caracollo (Temporal),Caracollo,Uninominal,-17.634331,-67.215939,32,.,.
Bolivia,Oruro,Cercado,Oruro,Fac. De Derecho (Esc. 10 De Febrero),Oruro,Uninominal,-17.964626,-67.107276,30,.,.
Bolivia,Oruro,Cercado,Oruro,Facultad Técnica,Oruro,Uninominal,-17.95388,-67.10745,29,.,.
Bolivia,Oruro,Cercado,Oruro,Facultad de Agronomia,Oruro,Uninominal,-17.995128,-67.137442,30,.,.
Bolivia,Oruro,Cercado,Oruro,Facultad de Medicina,Oruro,Uninominal,-17.957916,-67.121737,29,.,.
Bolivia,Oruro,Cercado,Oruro,Fundacion Infocal,Oruro,Uninominal,-17.976012,-67.13295,30,.,.
Bolivia,Oruro,Abaroa,Challapata,Iglesia,Peña Peñani,Uninominal,-18.928905,-67.93985,32,.,.
Bolivia,Oruro,Cercado,Oruro,Iglesia Filadelphia (Temporal),Oruro,Uninominal,-17.947,-67.115037,29,.,.
Bolivia,Oruro,Cercado,Oruro,Iglesia de Jesuscristo (Iglesia Adventista) (Temporal),Oruro,Uninominal,-17.975533,-67.103104,30,.,.
Bolivia,Oruro,Cercado,Oruro,Inicial Carmen Guzman De Mier,Oruro,Uninominal,-17.969524,-67.097532,29,.,.
Bolivia,Oruro,Cercado,Oruro,Inst. De Aprendizaje Industrial - I.A.I.,Oruro,Uninominal,-17.954654,-67.104025,29,.,.
Bolivia,Oruro,Cercado,Oruro,Inst. Normal Superior Angel Mendoza J.,Oruro,Uninominal,-17.951396,-67.115576,29,.,.
Bolivia,Oruro,Cercado,Oruro,Instituto Tecnico Jesus de Nazareth (Temporal),Oruro,Uninominal,-17.981582,-67.098989,30,.,.
Bolivia,Oruro,Cercado,Oruro,Jesus de Nazareth Inicial (Temporal),Oruro,Uninominal,-17.979236,-67.098344,30,.,.
Bolivia,Oruro,Cercado,Oruro,John Fitzgerald Kennedy Inicial (Temporal),Oruro,Uninominal,-17.950508,-67.117096,29,.,.
Bolivia,Oruro,Cercado,Oruro,Kinder Chiripujio,Oruro,Uninominal,-17.974795,-67.138873,30,.,.
Bolivia,Oruro,Cercado,Oruro,Kinder Edith Zamora De Paz,Oruro,Uninominal,-17.986544,-67.115864,30,.,.
Bolivia,Oruro,Cercado,Oruro,Kinder Juancito Pinto,Oruro,Uninominal,-17.976305,-67.133363,30,.,.
Bolivia,Oruro,Cercado,Oruro,Liceo Antofagasta,Oruro,Uninominal,-17.959105,-67.111142,30,.,.
Bolivia,Oruro,Cercado,Oruro,Liceo Pantaleon Dalence (Temporal),Oruro,Uninominal,-17.959558,-67.110354,30,.,.
Bolivia,Oruro,Cercado,Oruro,Liceo Tec. Humanistico Adolfo Ballivian,Oruro,Uninominal,-17.972469,-67.115013,30,.,.
Bolivia,Oruro,Cercado,Oruro,Liceo de Señoritas Oruro (Temporal),Oruro,Uninominal,-17.969489,-67.110541,30,.,.
Bolivia,Oruro,Sebastián Pagador,Santiago de Huari,Nucleo Escolar Bolivia,Guadalupe,Uninominal,-19.151814,-66.744438,31,.,.
Bolivia,Oruro,Sajama,Turco,Nucleo Escolar Titiri,Titiri,Uninominal,-18.38792,-68.33176,32,.,.
Bolivia,Oruro,Carangas,Corque,Nucleo Jancocala,Janko kala,Uninominal,-18.40875,-67.63593,32,.,.
Bolivia,Oruro,Sebastián Pagador,Santiago de Huari,Nucleo Marca Lagunillas,Lagunillas,Uninominal,-19.230337,-66.273281,31,.,.
Bolivia,Oruro,Cercado,Oruro,Parroquia Juan Pablo (Temporal),Oruro,Uninominal,-17.978126,-67.133825,30,.,.
Bolivia,Oruro,Cercado,Oruro,Parroquia Nuestra señora del Rosario (Temporal),Oruro,Uninominal,-17.97795,-67.103635,30,.,.
Bolivia,Oruro,Carangas,Corque,Proyecto Cristian Childrens,Opoqueri,Uninominal,-18.540517,-67.903616,32,.,.
Bolivia,Oruro,Cercado,Oruro,Stadium  (Temporal),Oruro,Uninominal,-17.947359,-67.111994,29,.,.
Bolivia,Oruro,Sabaya,Sabaya,U. E.  Concepcion Comujo,Concepciñn Comujo,Uninominal,-19.210222,-68.389138,32,.,.
Bolivia,Oruro,Cercado,Caracollo,U. E. Adela Zamudio B,Quimsachata,Uninominal,-17.796053,-67.610227,32,.,.
Bolivia,Oruro,Cercado,Oruro,U. E. Alto Oruro,Oruro,Uninominal,-17.977714,-67.119679,30,.,.
Bolivia,Oruro,Cercado,Paria (Soracachi),U. E. Calapata,Calapata,Uninominal,-17.816573,-67.078572,31,.,.
Bolivia,Oruro,Cercado,Oruro,U. E. Carmela Cerruto,Oruro,Uninominal,-17.984787,-67.128904,30,.,.
Bolivia,Oruro,Abaroa,Challapata,U. E. Chiritambo,Chiritambo,Uninominal,-18.537206,-66.665736,31,.,.
Bolivia,Oruro,Abaroa,Challapata,U. E. Churacani,Machoca Churacani,Uninominal,-18.881679,-66.687638,31,.,.
Bolivia,Oruro,Abaroa,Challapata,U. E. Cochuyo,Cochuyo (Ayllu Collana),Uninominal,-19.045902,-66.192687,31,.,.
Bolivia,Oruro,Ladislao Cabrera,Salinas de Garcí Mendoza,U. E. Concepcion De Belen,Concepciñn de Belén,Uninominal,-19.194507,-67.878251,32,.,.
Bolivia,Oruro,Carangas,Corque,U. E. Condoriri,Condoriri (Ayllu Copiasa),Uninominal,-18.284498,-67.870612,32,.,.
Bolivia,Oruro,Abaroa,Challapata,U. E. Cruce Aguas Calientes,Central Aguas Calientes,Uninominal,-18.745821,-66.584821,31,.,.
Bolivia,Oruro,Cercado,Oruro,U. E. Eduardo Avaroa,Challapata,Uninominal,-18.899624,-66.774022,31,.,.
Bolivia,Oruro,Cercado,Oruro,U. E. Ejercito Nacional,Oruro,Uninominal,-17.947195,-67.114686,29,.,.
Bolivia,Oruro,Carangas,Corque,U. E. Franz Tamayo - Villa Esperanza,Villa Esperanza,Uninominal,-18.693875,-67.796685,32,.,.
Bolivia,Oruro,Saucarí,Toledo,U. E. Gualberto Villarroel,Pichata,Uninominal,-18.235085,-66.327074,39,.,.
Bolivia,Oruro,Cercado,Oruro,U. E. Guido Villagomez,Oruro,Uninominal,-17.956903,-67.123541,29,.,.
Bolivia,Oruro,Cercado,Oruro,U. E. Hijos Del Sol II,Oruro,Uninominal,-17.983358,-67.137764,30,.,.
Bolivia,Oruro,Cercado,Paria (Soracachi),U. E. Jatita,Jatita,Uninominal,-17.75003,-67.151762,31,.,.
Bolivia,Oruro,Cercado,Oruro,U. E. Jesus de Nazareth,Oruro,Uninominal,-17.979861,-67.098535,30,.,.
Bolivia,Oruro,Cercado,Oruro,U. E. John F. Kennedy,Oruro,Uninominal,-17.951101,-67.116768,29,.,.
Bolivia,Oruro,Cercado,Oruro,U. E. José Ignacio De Sanjinez,Oruro,Uninominal,-17.97953,-67.11224,30,.,.
Bolivia,Oruro,Cercado,Oruro,U. E. José Maria Sierra Galvarro,Oruro,Uninominal,-17.975992,-67.107555,30,.,.
Bolivia,Oruro,Cercado,Oruro,U. E. Juan Velez de Cordoba (Inca Pozo).,Oruro,Uninominal,-17.94282,-67.121878,29,.,.
Bolivia,Oruro,Cercado,Paria (Soracachi),U. E. K'Asa Huasa,K'asa Huasa,Uninominal,-18.040578,-67.018092,31,.,.
Bolivia,Oruro,Cercado,Oruro,U. E. Kantuta II (Josérmo Murillo),Oruro,Uninominal,-17.947144,-67.102,29,.,.
Bolivia,Oruro,Sebastián Pagador,Santiago de Huari,U. E. Lucumpaya,Lucumpaya,Uninominal,-19.292601,-66.751494,31,.,.
Bolivia,Oruro,Cercado,Oruro,U. E. Luis Mario Careaga,Oruro,Uninominal,-17.986638,-67.115372,30,.,.
Bolivia,Oruro,Cercado,Oruro,U. E. Mcal. Andres De Santa Cruz,Oruro,Uninominal,-17.958169,-67.114286,30,.,.
Bolivia,Oruro,Cercado,Oruro,U. E. Mcal. Antonio José De Sucre,Talula,Uninominal,-19.246891,-65.714395,34,.,.
Bolivia,Oruro,Nor Carangas,Huayllamarca,U. E. Mejillones,Romero Huma,Uninominal,-17.864482,-67.910706,32,.,.
Bolivia,Oruro,Cercado,Oruro,U. E. Misael Pacheco Loma,Oruro,Uninominal,-17.964079,-67.099918,29,.,.
Bolivia,Oruro,Cercado,Oruro,U. E. Movimiento Sin Techo,Oruro,Uninominal,-17.987814,-67.074129,30,.,.
Bolivia,Oruro,Cercado,Oruro,U. E. Oruro Otawa (Secundaria),Oruro,Uninominal,-17.974453,-67.09713,30,.,.
Bolivia,Oruro,Cercado,Oruro,U. E. Oscar Unzaga De La Vega II,Oruro,Uninominal,-17.940771,-67.114886,29,.,.
Bolivia,Oruro,Cercado,El Choro,U. E. San Felipe de Chaitavi,San Felipe de Chaitavi,Uninominal,-18.2947,-67.19747,31,.,.
Bolivia,Oruro,Abaroa,Challapata,U. E. San Juan de Dios,Challapata,Uninominal,-18.89851,-66.775223,31,.,.
Bolivia,Oruro,Nor Carangas,Huayllamarca,U. E. San Miguel,San Miguel,Uninominal,-17.958219,-67.748952,32,.,.
Bolivia,Oruro,Sebastián Pagador,Santiago de Huari,U. E. Urmiri De Quillacas,Urmiri,Uninominal,-19.22725,-66.720456,31,.,.
Bolivia,Oruro,Cercado,Caracollo,U. E. Victor Paz Estensoro,San Antonio Cruzani,Uninominal,-17.736926,-67.626847,32,.,.
Bolivia,Oruro,Sebastián Pagador,Santiago de Huari,U. E. Villa Verde,Villa Verde,Uninominal,-19.118479,-66.767525,31,.,.
Bolivia,Oruro,Cercado,Oruro,U. E. Virgen Del Mar II,Oruro,Uninominal,-17.958846,-67.098098,29,.,.
Bolivia,Oruro,Abaroa,Challapata,U. E. Wilañeque,Uru Murato Wilañeque,Especial,-18.82302,-66.878494,3,.,.
Bolivia,Oruro,Cercado,Oruro,U. Esc. Benemeritos De La Patria,Oruro,Uninominal,-17.985442,-67.121503,30,.,.
Bolivia,Oruro,Cercado,Oruro,U. Esc. Dios Es Amor,Oruro,Uninominal,-17.98909,-67.09901,30,.,.
Bolivia,Oruro,Cercado,Oruro,U. Esc. El Kasso - El Progreso,Oruro,Uninominal,-17.971321,-67.080477,29,.,.
Bolivia,Oruro,Cercado,Oruro,U. Esc. Hijos Del Sol (Plan 500),Oruro,Uninominal,-17.978302,-67.143191,30,.,.
Bolivia,Oruro,Cercado,Oruro,U. Esc. Luis Llosa - España,Oruro,Uninominal,-17.960152,-67.109726,30,.,.
Bolivia,Oruro,Cercado,Oruro,U. Esc. Melvin Jones,Oruro,Uninominal,-17.950327,-67.110565,29,.,.
Bolivia,Oruro,Cercado,Oruro,U. Esc. Oruro Otawa (Primaria),Oruro,Uninominal,-17.972266,-67.102582,30,.,.
Bolivia,Oruro,Cercado,Oruro,U. Esc. San Ignacio De Loyola,Oruro,Uninominal,-17.977486,-67.1033,30,.,.
Bolivia,Oruro,Cercado,Oruro,U. Esc. San Isidro,Oruro,Uninominal,-17.984997,-67.081552,30,.,.
Bolivia,Oruro,Cercado,Oruro,U. Esc. Santa Ana I  Arenales,Oruro,Uninominal,-17.9662,-67.08875,29,.,.
Bolivia,Oruro,Cercado,Oruro,U. Esc. Sebastian Pagador(Primario),Oruro,Uninominal,-17.96687,-67.105029,29,.,.
Bolivia,Oruro,Cercado,Paria (Soracachi),U. Esc. Simon Bolivar,Pisaqueri,Uninominal,-17.778003,-66.885789,31,.,.
Bolivia,Oruro,Saucarí,Toledo,U. Esc. Tijllacahua,Tijllacahua,Uninominal,-18.098629,-67.617264,32,.,.
Bolivia,Oruro,Pantaleón Dalence,Huanuni,U.E. 12 de Abril,Yarviri Grande,Uninominal,-17.827389,-66.59478,27,.,.
Bolivia,Oruro,Poopó,Antequera,U.E. 25 de Julio,Tutuni,Uninominal,-18.579769,-66.737851,31,.,.
Bolivia,Oruro,Cercado,Oruro,U.E. Aby Ayala  (Magdalena Postel II),Oruro,Uninominal,-17.968796,-67.086209,29,.,.
Bolivia,Oruro,Cercado,Caracollo,U.E. Alemania,Kemalla,Uninominal,-17.587791,-67.294957,32,.,.
Bolivia,Oruro,Saucarí,Toledo,U.E. Antonio José De Sucre,Bermejo,Uninominal,-22.72646,-64.33714,42,.,.
Bolivia,Oruro,Sajama,Turco,U.E. Asuncion De Huajrire,Huajriri,Uninominal,-18.21539,-68.37857,32,.,.
Bolivia,Oruro,Cercado,Oruro,U.E. Avelino Siñani Magisterio,Oruro,Uninominal,-17.941852,-67.106804,29,.,.
Bolivia,Oruro,Cercado,Caracollo,U.E. Ayacucho,Estacion Ayacucho,Uninominal,-17.005418,-63.905788,57,.,.
Bolivia,Oruro,Tomás Barrón,Eucaliptus,U.E. Benedeto Vincenti,Eucaliptus,Uninominal,-17.594135,-67.509556,32,.,.
Bolivia,Oruro,Ladislao Cabrera,Salinas de Garcí Mendoza,U.E. Bolivia Luca,Luca,Uninominal,-19.589986,-67.899259,32,.,.
Bolivia,Oruro,Cercado,Oruro,U.E. Bolivia Vinto,Oruro,Uninominal,-17.979577,-67.049984,29,.,.
Bolivia,Oruro,Pantaleón Dalence,Huanuni,U.E. Bombo,Bombo,Uninominal,-18.368409,-66.748663,31,.,.
Bolivia,Oruro,San Pedro de Totora,Totora,U.E. Centro Revito,Centro Revito,Uninominal,-17.910333,-68.022179,32,.,.
Bolivia,Oruro,Ladislao Cabrera,Salinas de Garcí Mendoza,U.E. Challacota,Challacota,Uninominal,-19.254991,-67.758799,32,.,.
Bolivia,Oruro,Sebastián Pagador,Santiago de Huari,U.E. Challamayo,Belén de Challamayo,Uninominal,-19.225019,-66.396129,31,.,.
Bolivia,Oruro,Sabaya,Coipasa,U.E. Coipasa,Coipasa,Uninominal,-19.276223,-68.27834,32,.,.
Bolivia,Oruro,Cercado,Oruro,U.E. Cristo el Salvador,Oruro,Uninominal,-17.919276,-67.125722,29,.,.
Bolivia,Oruro,Cercado,El Choro,U.E. Crucero Belén,Crucero Belén,Uninominal,-18.203531,-67.159987,31,.,.
Bolivia,Oruro,Cercado,Paria (Soracachi),U.E. Eduardo Avaroa,Challapata,Uninominal,-18.899624,-66.774022,31,.,.
Bolivia,Oruro,Cercado,Oruro,U.E. El Carmen,El Carmen,Uninominal,-22.04908,-64.84747,42,.,.
Bolivia,Oruro,Cercado,Caracollo,U.E. Florencio Alvarado,Lajma,Uninominal,-17.891939,-67.672904,32,.,.
Bolivia,Oruro,Cercado,Oruro,U.E. Gerardina Lafuente Callejas,Oruro,Uninominal,-17.921015,-67.083544,29,.,.
Bolivia,Oruro,Poopó,Pazña,U.E. Guillermo Gutierrez,Avicaya,Uninominal,-18.52423,-66.88187,31,.,.
Bolivia,Oruro,Sajama,Curahuara de Carangas,U.E. Hacia El Mar,Caripe,Uninominal,-18.00538,-68.83837,32,.,.
Bolivia,Oruro,Poopó,Poopó,U.E. Hernando Siles,Venta y Media,Uninominal,-18.294269,-66.859506,31,.,.
Bolivia,Oruro,Cercado,Oruro,U.E. Huajara,Oruro,Uninominal,-17.943086,-67.09353,29,.,.
Bolivia,Oruro,Carangas,Corque,U.E. Huayllapacha,Huayllapacha,Uninominal,-18.208978,-67.783669,32,.,.
Bolivia,Oruro,Carangas,Corque,U.E. Huaylloco,San Pedro de Huaylloco,Uninominal,-18.62654,-67.60744,32,.,.
Bolivia,Oruro,Cercado,Oruro,U.E. Ildenfonso murguia (Temporal),Oruro,Uninominal,-17.976119,-67.109479,30,.,.
Bolivia,Oruro,Carangas,Corque,U.E. Ismael Montes,Villa Montes,Uninominal,-21.25815,-63.47746,43,.,.
Bolivia,Oruro,Cercado,Caracollo,U.E. Jaime Laredo Unzueta,Soledad,Uninominal,-17.766677,-67.289563,32,.,.
Bolivia,Oruro,Sabaya,Sabaya,U.E. José Antonio Arce,Quea Queani,Uninominal,-18.746911,-68.63883,32,.,.
Bolivia,Oruro,Cercado,Oruro,U.E. Juan pablo Secundaria (Temporal),Oruro,Uninominal,-17.971454,-67.138143,30,.,.
Bolivia,Oruro,Cercado,Oruro,U.E. Juana Azurduy de Padilla (Temporal),Oruro,Uninominal,-17.968771,-67.115675,30,.,.
Bolivia,Oruro,Mejillones,La Rivera,U.E. La Rivera,La Rivera,Uninominal,-19.0056,-68.63965,32,.,.
Bolivia,Oruro,Poopó,Poopó,U.E. Libertador Simon Bolivar,Los Rosarios de Suriquiña,Uninominal,-16.259288,-68.46293,14,.,.
Bolivia,Oruro,Cercado,Caracollo,U.E. Litoral,Alota,Uninominal,-21.402649,-67.596522,36,.,.
Bolivia,Oruro,Sajama,Curahuara de Carangas,U.E. Litoral B,Lagunas,Uninominal,-18.2223,-68.93645,32,.,.
Bolivia,Oruro,Cercado,Oruro,U.E. Los Angeles De Nazaria Ignacia,Oruro,Uninominal,-17.968689,-67.061545,29,.,.
Bolivia,Oruro,Tomás Barrón,Eucaliptus,U.E. Machacamarca,Machacamarca,Uninominal,-17.642346,-67.3585,32,.,.
Bolivia,Oruro,Cercado,Oruro,U.E. Maria  De Nazareth,Oruro,Uninominal,-17.984033,-67.094667,30,.,.
Bolivia,Oruro,Sabaya,Sabaya,U.E. Maria Evans Cuellar,Villa Rosario,Uninominal,-19.093104,-68.34278,32,.,.
Bolivia,Oruro,Cercado,Oruro,U.E. Maria Rosa Quintela (Temporal),Oruro,Uninominal,-17.943571,-67.10992,29,.,.
Bolivia,Oruro,Pantaleón Dalence,Huanuni,U.E. Mariscal Sucre De Tarucamarca,Tarucamarca,Uninominal,-18.274231,-66.747481,31,.,.
Bolivia,Oruro,Cercado,Paria (Soracachi),U.E. Mariscal Sucre Tolapalca,Tolapalca,Uninominal,-17.8547,-66.84191,31,.,.
Bolivia,Oruro,Cercado,Caracollo,U.E. Max Fernandez,Ventilla Pongo,Uninominal,-17.557479,-67.104532,32,.,.
Bolivia,Oruro,Sur Carangas,Andamarca,U.E. Mejillones,Romero Huma,Uninominal,-17.864482,-67.910706,32,.,.
Bolivia,Oruro,Cercado,Oruro,U.E. Mejillones II (Secundario),Oruro,Uninominal,-17.998412,-67.13414,30,.,.
Bolivia,Oruro,Cercado,Oruro,U.E. Mixto Ferroviario Secundaria (Temporal),Oruro,Uninominal,-17.964978,-67.104717,29,.,.
Bolivia,Oruro,Pantaleón Dalence,Huanuni,U.E. Mixto Huanuni (Temporal),Huanuni,Uninominal,-18.899798,-66.763638,31,.,.
Bolivia,Oruro,Abaroa,Challapata,U.E. Mons. Ricardo Beni Moro,Challapata,Uninominal,-18.896504,-66.771378,31,.,.
Bolivia,Oruro,Cercado,Oruro,U.E. Nal. Mixto Huajara Secundario,Oruro,Uninominal,-17.947768,-67.091875,29,.,.
Bolivia,Oruro,Cercado,Oruro,U.E. Nuestra Señora del Socavon (Temporal),Oruro,Uninominal,-17.967803,-67.119291,30,.,.
Bolivia,Oruro,Sur Carangas,Andamarca,U.E. Orinoca,Orinoca,Uninominal,-18.966748,-67.256662,32,.,.
Bolivia,Oruro,Saucarí,Toledo,U.E. Otto Saucedo,Catuyo,Uninominal,-18.48854,-67.5033,32,.,.
Bolivia,Oruro,Cercado,Caracollo,U.E. Otto Saucedo Rivera,Ucumasi,Uninominal,-19.13243,-67.42606,32,.,.
Bolivia,Oruro,Cercado,Oruro,U.E. Particular Arrieta,Oruro,Uninominal,-17.9635,-67.11098,30,.,.
Bolivia,Oruro,Litoral,Esmeralda,U.E. Pedro Domingo Murillo,Chua Visalaya,Uninominal,-16.180916,-68.771383,15,.,.
Bolivia,Oruro,Sajama,Turco,U.E. Pedro Domingo Murillo A,Cosapa,Uninominal,-18.17707,-68.711896,32,.,.
Bolivia,Oruro,Sajama,Turco,U.E. Porvenir,Chachacomani,Uninominal,-18.35423,-68.94597,32,.,.
Bolivia,Oruro,Tomás Barrón,Eucaliptus,U.E. Quelcata,Quelcata,Uninominal,-17.561034,-67.485767,32,.,.
Bolivia,Oruro,Cercado,Oruro,U.E. Quirquincho Feliz (Secundario) (Temporal),Oruro,Uninominal,-17.978548,-67.090015,30,.,.
Bolivia,Oruro,Poopó,Pazña,U.E. Rafael Pabon,Charara,Uninominal,-20.025855,-66.080812,36,.,.
Bolivia,Oruro,San Pedro de Totora,Totora,U.E. Romerocota,Romerocota,Uninominal,-17.920195,-68.25571,32,.,.
Bolivia,Oruro,Cercado,Oruro,U.E. San Juan de Dios (Secundario) (Temporal),Oruro,Uninominal,-17.985488,-67.06461,30,.,.
Bolivia,Oruro,Sebastián Pagador,Santiago de Huari,U.E. San Pedro de Condo,"Condo ""C""(C.San Pedro de Condo)",Uninominal,-19.043057,-66.747213,31,.,.
Bolivia,Oruro,Sabaya,AIOC Uru Chipaya,U.E. Santa Ana,Santa Cruz de la Sierra,Uninominal,-17.742383,-63.176446,44,.,.
Bolivia,Oruro,Abaroa,Challapata,U.E. Santa Rosa (Temporal),Challapata,Uninominal,-18.899356,-66.774234,31,.,.
Bolivia,Oruro,Abaroa,Santuario de Quillacas,U.E. Santuario de Quillacas,Santuario de Quillacas,Uninominal,-19.231988,-66.940355,31,.,.
Bolivia,Oruro,Cercado,Caracollo,U.E. Sebastian Pagador,Crucero,Uninominal,-17.791346,-68.285566,32,.,.
Bolivia,Oruro,Cercado,Caracollo,U.E. Simon Bolivar Primario,Caracollo,Uninominal,-17.648932,-67.207948,32,.,.
Bolivia,Oruro,Cercado,Oruro,U.E. Socamani,Oruro,Uninominal,-17.96745,-67.04722,29,.,.
Bolivia,Oruro,Pantaleón Dalence,Huanuni,U.E. Tayaquira,Tayaquira,Uninominal,-18.28287,-66.680746,31,.,.
Bolivia,Oruro,Cercado,Paria (Soracachi),U.E. Teniente José Rosendo Bullain Renjel,Sepulturas,Uninominal,-17.977461,-67.011528,31,.,.
Bolivia,Oruro,Abaroa,Challapata,U.E. Tolapalca,Thola Palca,Uninominal,-19.126653,-66.410092,31,.,.
Bolivia,Oruro,Cercado,Oruro,U.E. Tomas Barron,Oruro,Uninominal,-17.937929,-67.115898,29,.,.
Bolivia,Oruro,San Pedro de Totora,Totora,U.E. Totora,Totora,Uninominal,-17.792046,-68.145564,32,.,.
Bolivia,Oruro,Cercado,Oruro,U.E. Valle Hermoso - Vinto II,Oruro,Uninominal,-18.003207,-67.056712,30,.,.
Bolivia,Oruro,Pantaleón Dalence,Huanuni,U.E. Victor Manuel Ayllon,Morococala,Uninominal,-18.15128,-66.79549,31,.,.
Bolivia,Oruro,Carangas,Corque,U.E. Villa Copacabana,Co.Central V.Copacabana,Uninominal,-18.33602,-67.58656,32,.,.
Bolivia,Oruro,San Pedro de Totora,Totora,U.E. Villa Irpoco,Villa Irpoco,Uninominal,-17.874679,-68.330077,32,.,.
Bolivia,Oruro,Carangas,Corque,U.E. Villa Tarucachi,Villa Tarucachi,Uninominal,-18.173583,-67.695762,32,.,.
Bolivia,Oruro,San Pedro de Totora,Totora,U.E. Vino Huta,Vino Huta,Uninominal,-17.850172,-68.233696,32,.,.
Bolivia,Oruro,Cercado,Oruro,U.E. Virgen Del Mar III,Oruro,Uninominal,-17.962962,-67.105439,30,.,.
Bolivia,Oruro,Cercado,Caracollo,U.Esc. Marcelo Quiroga Santa Cruz,Burguillos,Uninominal,-17.954135,-67.358517,32,.,.
Bolivia,Oruro,Cercado,Oruro,UPAL (Temporal),Oruro,Uninominal,-17.958595,-67.113527,30,.,.
Bolivia,Pando,Nicolás Suárez,Cobija,(Cárcel) Cárcel Pública (Villa Busch),Cobija,Uninominal,-11.085586,-68.778206,62,.,.
Bolivia,Pando,Federico Román,Santos Mercado,19 de Octubre,Reserva,Uninominal,-10.52243,-66.15702,63,.,.
Bolivia,Pando,Madre de Dios,San Lorenzo,Escuela Eduardo Abaroa,San Salvador,Especial,-11.348151,-66.945074,7,.,.
Bolivia,Pando,Nicolás Suárez,Cobija,INCOS Pando (Temporal),Cobija,Uninominal,-11.020039,-68.767615,62,.,.
Bolivia,Pando,Nicolás Suárez,Cobija,Kinder Victor Leon Arueta (Vaca Diez Medio),Cobija,Uninominal,-11.021086,-68.760128,62,.,.
Bolivia,Pando,Nicolás Suárez,Cobija,Postal (Temporal),Cobija,Uninominal,-11.082736,-68.799017,62,.,.
Bolivia,Pando,Madre de Dios,Puerto Gonzalo Moreno,Sede Portachuelo Medio (Tacana),Portachuelo Centro,Especial,-11.26039,-66.292293,7,.,.
Bolivia,Pando,Nicolás Suárez,Cobija,U. E.  America,Cobija,Uninominal,-11.01896,-68.75782,62,.,.
Bolivia,Pando,Abuná,Ingavi,U. E. 10 de Marzo,Barro Alto,Uninominal,-10.277007,-66.720959,63,.,.
Bolivia,Pando,Nicolás Suárez,Cobija,U. E. 11 de Octubre,Cobija,Uninominal,-11.037167,-68.770393,62,.,.
Bolivia,Pando,Nicolás Suárez,Bella Flor,U. E. 24 de Septiembre,Castañera Campoana,Uninominal,-10.971283,-67.753936,62,.,.
Bolivia,Pando,Federico Román,Santos Mercado,U. E. 25 de Mayo,Chiripa,Uninominal,-10.502285,-66.06663,63,.,.
Bolivia,Pando,Nicolás Suárez,Cobija,U. E. Alfredo Ovando Candia,Cobija,Uninominal,-11.022122,-68.783121,62,.,.
Bolivia,Pando,Manuripi,Puerto Rico,U. E. Alianza,Alianza,Uninominal,-11.49023,-67.976519,63,.,.
Bolivia,Pando,Manuripi,Filadelfia,U. E. Arnoldo Gonzales,11 de Septiembre,Uninominal,-11.394255,-68.181261,63,.,.
Bolivia,Pando,Manuripi,Filadelfia,U. E. Bernardino Racua,18 de Noviembre,Uninominal,-11.604984,-68.45999,63,.,.
Bolivia,Pando,Manuripi,Puerto Rico,U. E. Carmelo Mojica,Abaroa Km. 10,Uninominal,-11.150491,-67.469654,63,.,.
Bolivia,Pando,Nicolás Suárez,Cobija,U. E. Cobija,Cobija,Uninominal,-11.027927,-68.760207,62,.,.
Bolivia,Pando,Nicolás Suárez,Cobija,U. E. Instituto Americano,Cobija,Uninominal,-11.024932,-68.760995,62,.,.
Bolivia,Pando,Nicolás Suárez,Cobija,U. E. José Manuel Pando,Cobija,Uninominal,-11.03101,-68.774197,62,.,.
Bolivia,Pando,Nicolás Suárez,Cobija,U. E. Juan Evo Morales Ayma,Cobija,Uninominal,-11.055087,-68.771451,62,.,.
Bolivia,Pando,Nicolás Suárez,Cobija,U. E. Manuela Rojas,Cobija,Uninominal,-11.016534,-68.77937,62,.,.
Bolivia,Pando,Nicolás Suárez,Porvenir,U. E. Maranguapi,Trinchera,Uninominal,-11.154601,-68.505247,62,.,.
Bolivia,Pando,Nicolás Suárez,Cobija,U. E. María Barzola,Villa Rosario,Uninominal,-11.138111,-68.812744,62,.,.
Bolivia,Pando,Madre de Dios,Sena,U. E. Nuestra Señora del Carmen,Girado,Uninominal,-12.089524,-67.281358,63,.,.
Bolivia,Pando,Manuripi,Filadelfia,U. E. Puerto Sucre,Puerto Sucre,Uninominal,-11.617561,-68.973672,63,.,.
Bolivia,Pando,Nicolás Suárez,Cobija,U. E. Rogelia Menacho De Balcazar,Cobija,Uninominal,-11.039107,-68.766762,62,.,.
Bolivia,Pando,Nicolás Suárez,Cobija,U. E. Sofia Calpiñeiro,Cobija,Uninominal,-11.011823,-68.754981,62,.,.
Bolivia,Pando,Nicolás Suárez,Cobija,U. E. Vaca Diez (Intermedio),Cobija,Uninominal,-11.018514,-68.756254,62,.,.
Bolivia,Pando,Nicolás Suárez,Cobija,U. E. Vaca Diez (Medio),Cobija,Uninominal,-11.02054,-68.76039,62,.,.
Bolivia,Pando,Nicolás Suárez,Bolpebra,U. E. Vera Cruz,Vera Cruz,Uninominal,-11.325305,-69.128532,62,.,.
Bolivia,Pando,Manuripi,San Pedro,U.E.  12 de Abril,Yarviri Grande,Uninominal,-17.827389,-66.59478,27,.,.
Bolivia,Pando,Madre de Dios,Sena,U.E.  2 de Agosto,El Turi (Carretera),Uninominal/Especial,-11.45478,-67.05062,63,.,.
Bolivia,Pando,Federico Román,Santos Mercado,U.E.  23 de Marzo,San Martin del Pacahuara,Uninominal,-10.424625,-66.338252,63,.,.
Bolivia,Pando,Madre de Dios,San Lorenzo,U.E.  24 de Septiembre,Castañera Campoana,Uninominal,-10.971283,-67.753936,62,.,.
Bolivia,Pando,Federico Román,Villa Nueva,U.E.  Andres Idagua,Loma Alta,Uninominal,-10.79472,-65.96667,63,.,.
Bolivia,Pando,Madre de Dios,San Lorenzo,U.E.  Bruno Racua,Sina?¡,Uninominal/Especial,-11.34711,-66.98441,63,.,.
Bolivia,Pando,Manuripi,Filadelfia,U.E.  Florida,Florida (Chive),Uninominal,-12.197162,-68.633063,63,.,.
Bolivia,Pando,Nicolás Suárez,Bolpebra,U.E.  Genoveva Rios,Tupiza,Uninominal,-21.42092,-65.718042,37,.,.
Bolivia,Pando,Manuripi,Puerto Rico,U.E.  German Busch,Sauce Rancho,Uninominal,-17.432191,-66.326937,26,.,.
Bolivia,Pando,Nicolás Suárez,Porvenir,U.E.  Gutembert Cruz,Campoana,Uninominal,-11.255533,-68.877287,62,.,.
Bolivia,Pando,Nicolás Suárez,Bella Flor,U.E.  Hugo Antequera,Santa Luc?¡a,Uninominal,-11.084107,-67.896992,62,.,.
Bolivia,Pando,Manuripi,San Pedro,U.E.  Jorge Haensel,3 Estrellas (Tco's),Especial,-10.953682,-66.438856,7,.,.
Bolivia,Pando,Manuripi,Filadelfia,U.E.  Juancito Pinto,Soberania,Uninominal,-11.879382,-68.985796,63,.,.
Bolivia,Pando,Nicolás Suárez,Bella Flor,U.E.  Km. 35 de Karamanu,Karamanu Km 35,Uninominal,-11.16213,-68.326237,62,.,.
Bolivia,Pando,Nicolás Suárez,Bella Flor,U.E.  Km. 60 de San Antonio,San Antonio Km 60,Uninominal,-11.16999,-68.09121,62,.,.
Bolivia,Pando,Manuripi,Puerto Rico,U.E.  La Salle Emeterio Ruiz,Puerto Rico,Uninominal,-11.101498,-67.55063,63,.,.
Bolivia,Pando,Manuripi,Puerto Rico,U.E.  Los Mandarinos,Mandarino,Uninominal,-11.239463,-67.438355,63,.,.
Bolivia,Pando,Federico Román,Nueva Esperanza,U.E.  Manuel Estremadoiro Martinez,Nueva Esperanza,Uninominal,-10.058146,-65.340784,63,.,.
Bolivia,Pando,Federico Román,Nueva Esperanza,U.E.  Monte Sinai,Arca de Israel,Uninominal,-10.25346,-65.320111,63,.,.
Bolivia,Pando,Madre de Dios,Puerto Gonzalo Moreno,U.E.  Portachuelo Dios Es Amor,Portachuelo Centro,Uninominal/Especial,-11.26265,-66.288572,63,.,.
Bolivia,Pando,Federico Román,Villa Nueva,U.E.  Roberto Gonzales,Santa Crucito,Uninominal,-10.733076,-65.908786,63,.,.
Bolivia,Pando,Manuripi,Puerto Rico,U.E.  San Antonio,Mapiri,Uninominal,-10.575023,-66.812929,63,.,.
Bolivia,Pando,Nicolás Suárez,Bolpebra,U.E.  Santa Lucia,Litoral,Uninominal,-11.25383,-69.01627,62,.,.
Bolivia,Pando,Manuripi,Puerto Rico,U.E.  Silverio Rojas Gonzales,Puerto Madre de Dios,Uninominal,-11.470248,-67.257814,63,.,.
Bolivia,Pando,Madre de Dios,San Lorenzo,U.E.  Soledad,Naranjal,Uninominal/Especial,-11.57613,-66.9871,63,.,.
Bolivia,Pando,Abuná,Santa Rosa,U.E.  Zacarias Moreno,1 de Mayo,Uninominal,-10.87283,-67.48418,63,.,.
Bolivia,Pando,Federico Román,Santos Mercado,U.E. 11 de Septiembre,Villa Victoria,Uninominal,-10.330911,-66.425417,63,.,.
Bolivia,Pando,Madre de Dios,Sena,U.E. 4 de Agosto,Copacabana,Uninominal,-12.175514,-67.019168,63,.,.
Bolivia,Pando,Abuná,Santa Rosa,U.E. Abuna,Santa Rosa del Abuna,Uninominal,-10.606764,-67.452176,63,.,.
Bolivia,Pando,Madre de Dios,Puerto Gonzalo Moreno,U.E. Agua Dulce,Agua Dulce,Uninominal,-11.00872,-66.20935,63,.,.
Bolivia,Pando,Manuripi,Filadelfia,U.E. Alta Gracia,Alta Gracia,Uninominal,-11.60331,-68.25834,63,.,.
Bolivia,Pando,Abuná,Santa Rosa,U.E. Augusto Gutierrez Banzer,Villa El Carmen,Uninominal,-10.832922,-67.357606,63,.,.
Bolivia,Pando,Manuripi,Puerto Rico,U.E. Batraja,Batraja,Uninominal,-11.29704,-67.32244,63,.,.
Bolivia,Pando,Abuná,Santa Rosa,U.E. Benito Tirina Suarez,Nacebe,Uninominal,-10.969,-67.434,63,.,.
Bolivia,Pando,Nicolás Suárez,Bolpebra,U.E. Bioceanica,Bioceánica,Uninominal,-11.132549,-69.370854,62,.,.
Bolivia,Pando,Nicolás Suárez,Porvenir,U.E. Bruno Racua,Sina?¡,Uninominal/Especial,-11.34711,-66.98441,63,.,.
Bolivia,Pando,Manuripi,Filadelfia,U.E. Buyuyo,Buyuyo,Uninominal,-11.61425,-68.80491,63,.,.
Bolivia,Pando,Madre de Dios,San Lorenzo,U.E. Charal,Charal,Uninominal,-12.106512,-66.995756,63,.,.
Bolivia,Pando,Manuripi,Filadelfia,U.E. Chive,Chive,Uninominal,-12.39163,-68.58688,63,.,.
Bolivia,Pando,Manuripi,Filadelfia,U.E. Curichon,Curichon,Uninominal,-11.94377,-68.569041,63,.,.
Bolivia,Pando,Nicolás Suárez,Cobija,U.E. De Bella Vista,Cobija,Uninominal,-11.067001,-68.786023,62,.,.
Bolivia,Pando,Nicolás Suárez,Bolpebra,U.E. De Bolpebra,San Pedro de Bolpebra,Uninominal,-10.94741,-69.56477,62,.,.
Bolivia,Pando,Nicolás Suárez,Bella Flor,U.E. De Florida,Florida (Tco's),Especial,-11.120959,-67.607945,7,.,.
Bolivia,Pando,Manuripi,Filadelfia,U.E. De Holanda,Holanda,Uninominal,-11.76399,-68.71101,63,.,.
Bolivia,Pando,Madre de Dios,San Lorenzo,U.E. De Iberia,Ibéria,Uninominal,-11.69689,-66.74494,63,.,.
Bolivia,Pando,Manuripi,Filadelfia,U.E. De La Cruz,La Cruz,Uninominal,-12.026815,-68.122221,63,.,.
Bolivia,Pando,Manuripi,Puerto Rico,U.E. De Las Arenas,Las Arenas,Uninominal,-11.591853,-67.676382,63,.,.
Bolivia,Pando,Nicolás Suárez,Bolpebra,U.E. De Mukden,Mukden,Uninominal,-11.185057,-69.028297,62,.,.
Bolivia,Pando,Manuripi,Puerto Rico,U.E. De Palestina,Palestina (Rio Orthon),Uninominal,-11.034655,-67.094247,63,.,.
Bolivia,Pando,Madre de Dios,Sena,U.E. De Pekin,Pekin,Uninominal,-12.000975,-67.658444,63,.,.
Bolivia,Pando,Madre de Dios,San Lorenzo,U.E. De Rosario,Rosario,Uninominal,-12.29388,-66.93926,63,.,.
Bolivia,Pando,Nicolás Suárez,Bolpebra,U.E. De Yaminahua,Yaminahua,Especial,-10.93892,-69.42874,7,.,.
Bolivia,Pando,Nicolás Suárez,Cobija,U.E. Defensores Del Acre,Cobija,Uninominal,-11.023385,-68.776279,62,.,.
Bolivia,Pando,Abuná,Ingavi,U.E. Derrepente,Derrepente,Uninominal,-10.93787,-66.94105,63,.,.
Bolivia,Pando,Madre de Dios,Sena,U.E. El Sena,El Sena,Uninominal,-11.486879,-67.246054,63,.,.
Bolivia,Pando,Madre de Dios,Sena,U.E. El Turi (Rio Manurape),El Turi (Comunidad Ind?¡gena),Especial,-11.690377,-67.284307,7,.,.
Bolivia,Pando,Federico Román,Villa Nueva,U.E. Enarevena,Enarevena,Uninominal,-10.57579,-66.10579,63,.,.
Bolivia,Pando,Manuripi,San Pedro,U.E. Fortaleza,Fortaleza,Uninominal,-10.84701,-66.32966,63,.,.
Bolivia,Pando,Federico Román,Nueva Esperanza,U.E. Gral. Federico Román,Puerto Consuelo Area 2,Uninominal,-10.496776,-65.530518,63,.,.
Bolivia,Pando,Madre de Dios,San Lorenzo,U.E. Gregoria Destre Maturana,Trinidacito,Especial,-11.168091,-66.580782,7,.,.
Bolivia,Pando,Manuripi,Puerto Rico,U.E. Hiroshima,Hiroshima,Uninominal,-11.403035,-67.851749,63,.,.
Bolivia,Pando,Abuná,Ingavi,U.E. Humaita,Humaita,Uninominal,-10.822316,-66.448067,63,.,.
Bolivia,Pando,Nicolás Suárez,Cobija,U.E. Héroes de la Distancia,Cobija,Uninominal,-11.009344,-68.750852,62,.,.
Bolivia,Pando,Abuná,Ingavi,U.E. Ingavi,Ingavi,Uninominal,-10.95218,-66.82959,63,.,.
Bolivia,Pando,Nicolás Suárez,Bella Flor,U.E. Jorge Benito Vera,Montevideo,Uninominal,-10.337642,-67.194509,62,.,.
Bolivia,Pando,Federico Román,Nueva Esperanza,U.E. La Gran Cruz,Gran Cruz,Uninominal,-10.36206,-65.401212,63,.,.
Bolivia,Pando,Abuná,Ingavi,U.E. Las Amalias,Las Amalias,Especial,-10.971812,-66.798083,7,.,.
Bolivia,Pando,Madre de Dios,Sena,U.E. Las Mercedes,Las Mercedes,Uninominal,-11.873384,-67.269961,63,.,.
Bolivia,Pando,Manuripi,Filadelfia,U.E. Luz De America,Luz de America,Uninominal,-12.121187,-68.610864,63,.,.
Bolivia,Pando,Madre de Dios,Puerto Gonzalo Moreno,U.E. Luz En El Camino,Gonzalo Moreno,Uninominal,-11.08213,-66.17489,63,.,.
Bolivia,Pando,Madre de Dios,Sena,U.E. Mahanain,Br?¡gida II,Uninominal,-11.905632,-67.145717,63,.,.
Bolivia,Pando,Manuripi,Puerto Rico,U.E. Manchester,Manchester,Uninominal,-11.476408,-67.994113,63,.,.
Bolivia,Pando,Nicolás Suárez,Bella Flor,U.E. Mapajo,Mapajo (Samahuma),Especial,-10.606539,-67.67577,7,.,.
Bolivia,Pando,Nicolás Suárez,Cobija,U.E. Mariano Baptista (Edificio SEDUCA),Cobija,Uninominal,-11.022279,-68.757394,62,.,.
Bolivia,Pando,Nicolás Suárez,Porvenir,U.E. Mons. Santisteban,Porvenir,Uninominal,-11.237166,-68.689126,62,.,.
Bolivia,Pando,Manuripi,Filadelfia,U.E. Nueva Alianza,Nueva Alianza,Uninominal,-11.368427,-68.347028,63,.,.
Bolivia,Pando,Nicolás Suárez,Bolpebra,U.E. Nueva Canaán,Nueva Canaán,Uninominal,-11.14435,-69.22169,62,.,.
Bolivia,Pando,Manuripi,Filadelfia,U.E. Nueva Empresa,Empresiña,Uninominal,-11.499182,-68.816764,63,.,.
Bolivia,Pando,Madre de Dios,Sena,U.E. Palma Real,Palma Real,Uninominal,-11.658218,-67.723228,63,.,.
Bolivia,Pando,Abuná,Santa Rosa,U.E. Pedro Domingo Murrillo,Mariscal Antonio José de Sucre Bernardino Racua,Uninominal,-10.66591,-67.39569,63,.,.
Bolivia,Pando,Madre de Dios,Puerto Gonzalo Moreno,U.E. Pedro Herrera,Las Piedras,Uninominal,-11.03917,-66.13277,63,.,.
Bolivia,Pando,Madre de Dios,San Lorenzo,U.E. Pto. Copacabana,Puerto Copacabana (Tco's),Uninominal/Especial,-11.54849,-66.68026,63,.,.
Bolivia,Pando,Manuripi,Puerto Rico,U.E. Puerto Rico,Puerto Rico,Uninominal,-11.113285,-67.543826,63,.,.
Bolivia,Pando,Madre de Dios,Sena,U.E. Remanso,Remanzo,Uninominal,-11.76813,-67.29217,63,.,.
Bolivia,Pando,Federico Román,Nueva Esperanza,U.E. Rufino Chao,Puerto Consuelo,Uninominal,-10.53096,-65.59814,63,.,.
Bolivia,Pando,Madre de Dios,San Lorenzo,U.E. Samuel Guillen,Brigida,Uninominal,-11.457418,-66.721181,63,.,.
Bolivia,Pando,Madre de Dios,Sena,U.E. San Francisco,Riberalta,Uninominal,-11.00753,-66.07206,60,.,.
Bolivia,Pando,Madre de Dios,Sena,U.E. Santa Elena,Santa Elena,Uninominal,-11.78688,-67.48461,63,.,.
Bolivia,Pando,Nicolás Suárez,Bella Flor,U.E. Santa Lourdes,Santa Lourdes,Uninominal,-11.132863,-68.462199,62,.,.
Bolivia,Pando,Nicolás Suárez,Bella Flor,U.E. Simon Bolívar,Calluchani,Uninominal,-17.06216,-67.42189,18,.,.
Bolivia,Pando,Madre de Dios,San Lorenzo,U.E. Simón Bolivar,Calluchani,Uninominal,-17.06216,-67.42189,18,.,.
Bolivia,Pando,Nicolás Suárez,Bolpebra,U.E. Tres Estrellas,3 Arroyos,Uninominal,-11.33935,-69.27618,62,.,.
Bolivia,Pando,Manuripi,Filadelfia,U.E. Ucia,Ucia,Uninominal,-11.753432,-68.974577,63,.,.
Bolivia,Pando,Manuripi,Filadelfia,U.E. Villa America,Villa Primero de Mayo,Uninominal,-11.605258,-68.474157,63,.,.
Bolivia,Pando,Nicolás Suárez,Porvenir,U.E. Villa Bella,Villa Bella (Purisima),Uninominal,-11.447079,-68.723633,63,.,.
Bolivia,Pando,Madre de Dios,San Lorenzo,U.E. Vista Alegre,Vista Alegre,Especial,-11.32247,-66.627587,7,.,.
Bolivia,Potosí,Bustillo,Uncía,(Cárcel) Cárcel San Miguel de Uncía,Uncia,Uninominal,-18.475728,-66.553768,39,.,.
Bolivia,Potosí,Sud Chichas,Tupiza,(Cárcel) Cárcel Tupiza,Tupiza,Uninominal,-21.443844,-65.721703,37,.,.
Bolivia,Potosí,Tomás Frías,Potosí,(Cárcel) Penal de Cantumarca,Potosí,Uninominal,-19.588884,-65.78304,33,.,.
Bolivia,Potosí,Bustillo,Llallagua,CEA Catavi (Temporal),Llallagua,Uninominal,-18.420255,-66.588501,38,.,.
Bolivia,Potosí,Tomás Frías,Potosí,Carrera de Economía (Temporal),Potosí,Uninominal,-19.571279,-65.760655,34,.,.
Bolivia,Potosí,Tomás Frías,Potosí,Carrera de Enfermería (Temporal),Potosí,Uninominal,-19.584344,-65.750448,33,.,.
Bolivia,Potosí,Cornelio Saavedra,Betanzos,Central Elizardo Perez,Lagunillas.,Uninominal,-19.497628,-65.395933,35,.,.
Bolivia,Potosí,Tomás Frías,Potosí,Centro Ed. Fray Vicente Bernedo,Potosí,Uninominal,-19.58,-65.749,33,.,.
Bolivia,Potosí,Tomás Frías,Potosí,Centro de Educación Especial San Juan (Temporal),Potosí,Uninominal,-19.566432,-65.76603,34,.,.
Bolivia,Potosí,Bustillo,Uncía,Chilca Palca,Chillca Palca,Uninominal,-18.630717,-66.484002,39,.,.
Bolivia,Potosí,Bustillo,Llallagua,Col. 1ro. De Mayo,El Alto,Uninominal,-16.53636,-68.19975,11,.,.
Bolivia,Potosí,Tomás Frías,Potosí,Col. 31 de Octubre,Potosí,Uninominal,-19.58211,-65.7597,33,.,.
Bolivia,Potosí,Tomás Frías,Potosí,Col. Carlos Medinaceli,Potosí,Uninominal,-19.58196,-65.75753,33,.,.
Bolivia,Potosí,Sud Chichas,Atocha,Col. Chorolque,Santa Barbara,Uninominal,-20.924461,-66.051424,37,.,.
Bolivia,Potosí,Tomás Frías,Potosí,Col. Divino Maestro,Potosí,Uninominal,-19.562805,-65.770822,34,.,.
Bolivia,Potosí,Tomás Frías,Potosí,Col. Divino Maestro C (Temporal),Potosí,Uninominal,-19.562339,-65.770786,34,.,.
Bolivia,Potosí,Antonio Quijarro,Tomave,Col. Elizardo Perez A,Tica Tica,Uninominal,-20.145293,-66.31519,36,.,.
Bolivia,Potosí,Cornelio Saavedra,Tacobamba,Col. Gualberto Villarroel,Santa Cruz de la Sierra,Uninominal,-17.77363,-63.16062,45,.,.
Bolivia,Potosí,Bustillo,Uncía,Col. Intermedio Independencia,Uncia,Uninominal,-18.471286,-66.573583,39,.,.
Bolivia,Potosí,Chayanta,Ravelo,Col. José Alonso De Ibañez,Sorocoto,Uninominal,-18.873433,-65.600932,39,.,.
Bolivia,Potosí,Alonso de Ibáñez,Sacaca,Col. José Alonzo De Ibañez,Sacaca,Uninominal,-18.067419,-66.383019,38,.,.
Bolivia,Potosí,Modesto Omiste,Villazón,Col. Mariscal Andres De Santa Cruz,Chosconti,Uninominal,-21.95881,-65.485591,37,.,.
Bolivia,Potosí,Modesto Omiste,Villazón,Col. Modesto Omiste,Villazón,Uninominal,-22.090366,-65.595516,37,.,.
Bolivia,Potosí,Chayanta,Ocurí,Col. Nac. Marcelo Quiroga Santa Cruz,Ocuri,Uninominal,-18.841435,-65.793828,39,.,.
Bolivia,Potosí,Bustillo,Chuquihuta Ayllu Jucumani,Col. Pablo Zarate Villca,Chuquihuta,Uninominal,-18.591797,-66.364358,39,.,.
Bolivia,Potosí,Antonio Quijarro,Tomave,Col. Simon Rodriguez Carreño,Punutuma,Uninominal,-20.047575,-66.133307,36,.,.
Bolivia,Potosí,Antonio Quijarro,Tomave,Col. Tomas Frias,Tomave,Uninominal,-20.066448,-66.530998,36,.,.
Bolivia,Potosí,Cornelio Saavedra,Chaquí,Col. Villa Imperial,Chaqui Baños,Uninominal,-19.6236,-65.570634,35,.,.
Bolivia,Potosí,Tomás Frías,Potosí,Coleg. Antofagasta,Potosí,Uninominal,-19.59519,-65.74934,33,.,.
Bolivia,Potosí,Tomás Frías,Potosí,Coleg. Bancario,Potosí,Uninominal,-19.5843,-65.7532,33,.,.
Bolivia,Potosí,Nor Chichas,Cotagaita,Coleg. Carlos Medinaceli,Cotagaita,Uninominal,-20.816894,-65.65886,36,.,.
Bolivia,Potosí,Tomás Frías,Potosí,Coleg. Cristo Maestro,Potosí,Uninominal,-19.58254,-65.752358,33,.,.
Bolivia,Potosí,Tomás Frías,Potosí,Coleg. David Berrios,Potosí,Uninominal,-19.58034,-65.76199,34,.,.
Bolivia,Potosí,Tomás Frías,Potosí,Coleg. Don Bosco,Potosí,Uninominal,-19.58537,-65.75298,33,.,.
Bolivia,Potosí,Tomás Frías,Yocalla,Coleg. Elizardo Perez,Turqui,Uninominal,-19.407596,-65.978193,34,.,.
Bolivia,Potosí,Modesto Omiste,Villazón,Coleg. Franz Tamayo,Chipiwayco,Uninominal,-21.806011,-65.817038,37,.,.
Bolivia,Potosí,Sud Chichas,Atocha,Coleg. Gregorio Pacheco,Atocha,Uninominal,-20.937364,-66.220625,37,.,.
Bolivia,Potosí,José María Linares,Puna (Villa Talavera),Coleg. Litoral,Puna(C.Villa Talavera),Uninominal,-19.794498,-65.509978,35,.,.
Bolivia,Potosí,Tomás Frías,Potosí,Coleg. Luis Espinal,Potosí,Uninominal,-19.59578,-65.74538,33,.,.
Bolivia,Potosí,Chárcas,San Pedro,Coleg. Nal. Charcas,San Pedro de Buena Vista,Uninominal,-18.273463,-65.978603,38,.,.
Bolivia,Potosí,Cornelio Saavedra,Betanzos,Coleg. R. Bohorquez,Betanzos,Uninominal,-19.554802,-65.452732,35,.,.
Bolivia,Potosí,Bustillo,Uncía,Coleg. Rafael Bustillo,Uncia,Uninominal,-18.467329,-66.567614,39,.,.
Bolivia,Potosí,Tomás Frías,Potosí,Coleg. San Rafael,Huari Huari,Uninominal,-19.450409,-65.594128,34,.,.
Bolivia,Potosí,Bustillo,Llallagua,Coleg. Siglo XX-America,Llallagua,Uninominal,-18.420928,-66.589236,38,.,.
Bolivia,Potosí,Modesto Omiste,Villazón,Colegio 9 de Abril,Villazón,Uninominal,-22.088433,-65.593394,37,.,.
Bolivia,Potosí,Chayanta,Ocurí,Colegio Daniel Salamanca,Ocuri,Uninominal,-18.841555,-65.795517,39,.,.
Bolivia,Potosí,Tomás Frías,Potosí,Colegio Franciscano,Potosí,Uninominal,-19.59103,-65.75263,33,.,.
Bolivia,Potosí,Tomás Frías,Potosí,Colegio Juan Manuel Calero (Temporal),Potosí,Uninominal,-19.587725,-65.751028,33,.,.
Bolivia,Potosí,Chayanta,Pocoata,Colegio Nacional Mixto 24 de agosto (Temporal),Pocoata,Uninominal,-18.701265,-66.160476,39,.,.
Bolivia,Potosí,Sud Chichas,Tupiza,Colegio Nacional Mixto Suipacha (Temporal),Tupiza,Uninominal,-21.445169,-65.723106,37,.,.
Bolivia,Potosí,Bustillo,Chuquihuta Ayllu Jucumani,Colegio Nacional Mixto Tocoria (Temporal),Tacopalca,Uninominal,-18.642787,-66.342131,39,.,.
Bolivia,Potosí,Chárcas,San Pedro,"Colegio Nacional Mixto Tupac Katari ""B"" (Temporal)",Chiro K'asa,Uninominal,-18.259066,-66.188483,38,.,.
Bolivia,Potosí,Tomás Frías,Potosí,Colegio Nacional Pichincha (Temporal),Potosí,Uninominal,-19.588863,-65.752975,33,.,.
Bolivia,Potosí,Cornelio Saavedra,Chaquí,Colegio Nacional de Chaquí (Temporal),Chaqui,Uninominal,-19.588921,-65.564343,35,.,.
Bolivia,Potosí,Tomás Frías,Potosí,Colegio Otto Felipe Braun (Temporal),Potosí,Uninominal,-19.592245,-65.753655,33,.,.
Bolivia,Potosí,Bustillo,Llallagua,Colegio Técnico Humanístico 1ro. De Mayo (Temporal),Llallagua,Uninominal,-18.420536,-66.582117,38,.,.
Bolivia,Potosí,Tomás Frías,Potosí,Coliseo de Techo Azul (Temporal),Potosí,Uninominal,-19.575205,-65.773291,34,.,.
Bolivia,Potosí,Tomás Frías,Potosí,Coliseo de Techo Ocre (Temporal),Potosí,Uninominal,-19.575311,-65.774693,34,.,.
Bolivia,Potosí,Tomás Frías,Potosí,E.S.F.M. Eduardo Avaroa (normal) (Temporal),Potosí,Uninominal,-19.572043,-65.752204,34,.,.
Bolivia,Potosí,Sud Lipez,San Antonio de Esmoruco,Esc. 10 de Noviembre,10 de Noviembre (Nñcleo 47),Uninominal,-16.430695,-63.107362,53,.,.
Bolivia,Potosí,Tomás Frías,Potosí,Esc. 12 de Abril,Estaciñn Mora,Uninominal,-18.45699,-63.21368,55,.,.
Bolivia,Potosí,Tomás Frías,Potosí,Esc. 1ro de Abril,Potosí,Uninominal,-19.58885,-65.75495,33,.,.
Bolivia,Potosí,Tomás Frías,Potosí,Esc. 6 de Junio,Llallagua,Uninominal,-18.424966,-66.593386,38,.,.
Bolivia,Potosí,Antonio Quijarro,Porco,Esc. Agua Castilla,Agua de Castilla,Uninominal,-19.768701,-65.992296,36,.,.
Bolivia,Potosí,Tomás Frías,Yocalla,Esc. Alonso De Ibanez,El Molino,Uninominal,-19.51297,-65.81144,34,.,.
Bolivia,Potosí,Cornelio Saavedra,Betanzos,Esc. Alonzo De Ibañez,Siporo,Uninominal,-19.360622,-65.462414,35,.,.
Bolivia,Potosí,Cornelio Saavedra,Betanzos,Esc. Anco Mayu,Jankho Mayu,Uninominal,-19.421387,-65.281296,35,.,.
Bolivia,Potosí,Cornelio Saavedra,Tacobamba,Esc. Ancoma,Ancoma,Uninominal,-19.118217,-65.644752,35,.,.
Bolivia,Potosí,Cornelio Saavedra,Chaquí,Esc. Andres De Santa Cruz,Chaqui,Uninominal,-19.588582,-65.564325,35,.,.
Bolivia,Potosí,Nor Lipez,"Colcha ""K""",Esc. Antofagasta,San Juan,Uninominal,-20.899692,-67.766541,36,.,.
Bolivia,Potosí,Tomás Frías,Potosí,Esc. Antonio Quijarro,Potosí,Uninominal,-19.59038,-65.75183,33,.,.
Bolivia,Potosí,Chayanta,Ravelo,Esc. Antora,Antora,Uninominal,-18.740272,-65.63837,39,.,.
Bolivia,Potosí,Chárcas,San Pedro,Esc. Arakani,Arakani,Uninominal,-18.418904,-65.938801,38,.,.
Bolivia,Potosí,General Bernardino Bilbao,Arampampa,Esc. Arampampa,Arampampa,Uninominal,-17.880829,-66.085159,38,.,.
Bolivia,Potosí,Bustillo,Llallagua,Esc. Bartolina Sisa,Jachojo,Uninominal,-18.348183,-66.662268,38,.,.
Bolivia,Potosí,Tomás Frías,Potosí,Esc. Benicio Montero Mallo,Potosí,Uninominal,-19.591118,-65.747482,33,.,.
Bolivia,Potosí,Modesto Omiste,Villazón,Esc. Berque,Berque,Uninominal,-21.944001,-65.780421,37,.,.
Bolivia,Potosí,Cornelio Saavedra,Betanzos,Esc. Blas S. De Pedro,San Blas de Puita,Uninominal,-19.363336,-65.278262,35,.,.
Bolivia,Potosí,Tomás Frías,Potosí,Esc. Boliviano Alemán,Potosí,Uninominal,-19.582571,-65.770757,34,.,.
Bolivia,Potosí,Sud Lipez,Mojinete,Esc. Bonete Palca,Bonete Palca,Uninominal,-21.78891,-66.391858,37,.,.
Bolivia,Potosí,Cornelio Saavedra,Betanzos,Esc. Buey Tambo,Buey Tambo,Uninominal,-19.561174,-65.332798,35,.,.
Bolivia,Potosí,Cornelio Saavedra,Chaquí,Esc. C. Chiutaluyo,Chiutaluyo,Uninominal,-19.626652,-65.481864,35,.,.
Bolivia,Potosí,Cornelio Saavedra,Tacobamba,Esc. C. Migma,Migma,Uninominal,-19.212527,-65.650841,35,.,.
Bolivia,Potosí,Tomás Frías,Urmiri,Esc. Cahuayo,Cahuayo,Uninominal,-19.276694,-66.186976,34,.,.
Bolivia,Potosí,Cornelio Saavedra,Tacobamba,Esc. Cajas Alta,Cajas Alta,Uninominal,-19.290468,-65.640053,35,.,.
Bolivia,Potosí,General Bernardino Bilbao,Arampampa,Esc. Calachua,Calachua,Uninominal,-17.983519,-66.123793,38,.,.
Bolivia,Potosí,Cornelio Saavedra,Betanzos,Esc. Camali,Camali,Uninominal,-19.500549,-65.005256,35,.,.
Bolivia,Potosí,Bustillo,Llallagua,Esc. Capunita,Capunita,Uninominal,-18.407481,-66.484149,38,.,.
Bolivia,Potosí,Alonso de Ibáñez,Sacaca,Esc. Carcoma,Carcoma,Uninominal,-17.989489,-66.320836,38,.,.
Bolivia,Potosí,Bustillo,Llallagua,Esc. Carlos Medinaceli,Llallagua,Uninominal,-18.424006,-66.583612,38,.,.
Bolivia,Potosí,Sud Lipez,Mojinete,Esc. Casa Grande,Casa Grande,Uninominal,-21.934717,-66.270358,37,.,.
Bolivia,Potosí,General Bernardino Bilbao,Arampampa,Esc. Catacora,Catacora,Uninominal,-17.947925,-66.152227,38,.,.
Bolivia,Potosí,Alonso de Ibáñez,Caripuyo,Esc. Catari,Catariri,Uninominal,-18.151922,-66.540951,38,.,.
Bolivia,Potosí,Tomás Frías,Yocalla,Esc. Cayara,Cayara,Uninominal,-19.550304,-65.883722,34,.,.
Bolivia,Potosí,Sud Lipez,San Antonio de Esmoruco,Esc. Central Calama,San Antonio de Esmoruco,Uninominal,-21.948871,-66.517193,37,.,.
Bolivia,Potosí,Cornelio Saavedra,Chaquí,Esc. Central El Palomar,El Palomar,Uninominal,-19.65397,-65.414705,35,.,.
Bolivia,Potosí,Cornelio Saavedra,Tacobamba,Esc. Central Machacamarca,Machacamarca,Uninominal,-19.371394,-65.528365,35,.,.
Bolivia,Potosí,Cornelio Saavedra,Betanzos,Esc. Central Otuyo,Otuyo,Uninominal,-19.485479,-65.228732,35,.,.
Bolivia,Potosí,Chayanta,Ravelo,Esc. Central Rodeo Huayllas,Rodeo Huayllas,Uninominal,-18.800505,-65.598519,39,.,.
Bolivia,Potosí,Chayanta,Ravelo,Esc. Central Saucy Mayu,Saucy Mayu,Uninominal,-18.788064,-65.550328,39,.,.
Bolivia,Potosí,Cornelio Saavedra,Betanzos,Esc. Central Tecoya,Tecoya,Uninominal,-19.49759,-65.437488,35,.,.
Bolivia,Potosí,Cornelio Saavedra,Betanzos,Esc. Central Vila Vila,Vila Vila,Uninominal,-19.34999,-65.334782,35,.,.
Bolivia,Potosí,Alonso de Ibáñez,Caripuyo,Esc. Chaicuriri,Chaicuriri,Uninominal,-18.222373,-66.635551,38,.,.
Bolivia,Potosí,Chayanta,Ravelo,Esc. Challuma,Challuma,Uninominal,-18.852197,-65.549009,39,.,.
Bolivia,Potosí,Cornelio Saavedra,Tacobamba,Esc. Challviri,Challviri (Tacobamba),Uninominal,-19.326869,-65.632476,35,.,.
Bolivia,Potosí,Alonso de Ibáñez,Caripuyo,Esc. Chalviri,Challviri,Uninominal,-18.18995,-66.517081,38,.,.
Bolivia,Potosí,Alonso de Ibáñez,Sacaca,Esc. Charca,Charca,Uninominal,-18.282276,-66.324842,38,.,.
Bolivia,Potosí,Cornelio Saavedra,Chaquí,Esc. Charca Florida,Charcas Florida,Uninominal,-19.716388,-65.419618,35,.,.
Bolivia,Potosí,General Bernardino Bilbao,Arampampa,Esc. Charca Marcavi,Charca Marcavi,Uninominal,-17.929086,-66.045544,38,.,.
Bolivia,Potosí,Cornelio Saavedra,Chaquí,Esc. Chico Chico,Chico Chico,Uninominal,-19.677649,-65.533854,35,.,.
Bolivia,Potosí,Chayanta,Ravelo,Esc. Chipirina,San Luis de Chipirina,Uninominal,-18.808702,-65.449816,39,.,.
Bolivia,Potosí,Tomás Frías,Yocalla,Esc. Chiracoro,Chiracoro,Uninominal,-19.60283,-65.9007,34,.,.
Bolivia,Potosí,Bustillo,Llallagua,Esc. Chiru Chiru,Saca Saca,Uninominal,-18.290654,-66.438055,38,.,.
Bolivia,Potosí,Sud Chichas,Atocha,Esc. Chocaya,Gran Chocaya,Uninominal,-20.974254,-66.330826,37,.,.
Bolivia,Potosí,Bustillo,Uncía,Esc. Choco Chico,Huaylla Marka Chico,Uninominal,-18.655357,-66.565406,39,.,.
Bolivia,Potosí,Alonso de Ibáñez,Caripuyo,Esc. Chojlla,Chojlla,Uninominal,-18.214267,-66.590577,38,.,.
Bolivia,Potosí,Sud Chichas,Atocha,Esc. Chorolque Viejo,Chorolque Viejo,Uninominal,-20.988622,-65.9367,37,.,.
Bolivia,Potosí,General Bernardino Bilbao,Acasio,Esc. Churitaca,Churitaca,Uninominal,-18.105443,-65.989019,38,.,.
Bolivia,Potosí,José María Linares,Ckochas,Esc. Ckochas,Ckochas,Uninominal,-19.63817,-65.275625,35,.,.
Bolivia,Potosí,Tomás Frías,Potosí,Esc. Cleto Loayza,Potosí,Uninominal,-19.59216,-65.75833,33,.,.
Bolivia,Potosí,Tomás Frías,Potosí,Esc. Cobija,Potosí,Uninominal,-19.57669,-65.75887,34,.,.
Bolivia,Potosí,Alonso de Ibáñez,Sacaca,Esc. Colloma,Colloma,Uninominal,-18.326152,-66.345122,38,.,.
Bolivia,Potosí,Sud Chichas,Tupiza,Esc. Concepcion,Concepciñn (Rosa de Oro),Uninominal,-21.694293,-66.128471,37,.,.
Bolivia,Potosí,Tomás Frías,Potosí,Esc. Copacabana,Potosí,Uninominal,-19.59232,-65.75468,33,.,.
Bolivia,Potosí,Modesto Omiste,Villazón,Esc. Cornelio Saavedra,Villazón,Uninominal,-22.09137,-65.594353,37,.,.
Bolivia,Potosí,Alonso de Ibáñez,Caripuyo,Esc. Cotana,Cotaña,Uninominal,-18.097083,-66.575183,38,.,.
Bolivia,Potosí,Tomás Frías,Potosí,Esc. Daniel Campos,Potosí,Uninominal,-19.579605,-65.751136,33,.,.
Bolivia,Potosí,José María Linares,Ckochas,Esc. De Calapaya,Calapaya,Uninominal,-19.753985,-65.200206,35,.,.
Bolivia,Potosí,José María Linares,"Caiza ""D""",Esc. De Kaltapi,Caltapi Puncu,Uninominal,-20.012021,-65.554692,35,.,.
Bolivia,Potosí,José María Linares,Ckochas,Esc. De Mojon Ckasa,Mojon Ckasa,Uninominal,-19.758629,-64.977948,35,.,.
Bolivia,Potosí,José María Linares,Puna (Villa Talavera),Esc. De Nuqui,Nuqui,Uninominal,-19.973041,-65.306927,35,.,.
Bolivia,Potosí,Cornelio Saavedra,Chaquí,Esc. Don Diego,Don Diego,Uninominal,-19.500376,-65.607709,35,.,.
Bolivia,Potosí,José María Linares,Ckochas,Esc. Duraznos,Duraznos,Uninominal,-19.666469,-64.98114,35,.,.
Bolivia,Potosí,Tomás Frías,Potosí,Esc. Enrique Viana,Potosí,Uninominal,-19.575047,-65.761414,34,.,.
Bolivia,Potosí,José María Linares,Ckochas,Esc. Esquiri,Esquiri,Uninominal,-19.64289,-65.219167,35,.,.
Bolivia,Potosí,Tomás Frías,Potosí,Esc. Gregorio Barriga,Potosí,Uninominal,-19.58554,-65.75343,33,.,.
Bolivia,Potosí,Sud Chichas,Atocha,Esc. Guadalupe,Guadalupe.,Uninominal,-21.019601,-65.92381,37,.,.
Bolivia,Potosí,José María Linares,"Caiza ""D""",Esc. Hornos,Hornos,Uninominal,-19.901246,-65.485172,35,.,.
Bolivia,Potosí,Bustillo,Uncía,Esc. Huacuta A,Wakuta,Uninominal,-18.596452,-66.573782,39,.,.
Bolivia,Potosí,Alonso de Ibáñez,Caripuyo,Esc. Huanachaca,Huañachaca,Uninominal,-18.100173,-66.544178,38,.,.
Bolivia,Potosí,Alonso de Ibáñez,Caripuyo,Esc. Huanacoma,Huanacoma,Uninominal,-18.155355,-66.492162,38,.,.
Bolivia,Potosí,Chayanta,Ravelo,Esc. Huaycoma,Huaycoma,Uninominal,-18.584102,-65.48955,39,.,.
Bolivia,Potosí,General Bernardino Bilbao,Arampampa,Esc. Huaycuri,Huaycuri,Uninominal,-17.859331,-66.10482,38,.,.
Bolivia,Potosí,General Bernardino Bilbao,Arampampa,Esc. Humaviza,Humaviza,Uninominal,-17.890253,-66.039148,38,.,.
Bolivia,Potosí,Chárcas,San Pedro,Esc. Ipote,Ipote,Uninominal,-18.356007,-65.767685,38,.,.
Bolivia,Potosí,Alonso de Ibáñez,Sacaca,Esc. Iturata,Iturata,Uninominal,-18.009156,-66.243214,38,.,.
Bolivia,Potosí,Tomás Frías,Potosí,Esc. Jaime Mendoza,Potosí,Uninominal,-19.603347,-65.744953,33,.,.
Bolivia,Potosí,Alonso de Ibáñez,Caripuyo,Esc. Jancko Jancko,Jankho Jankho,Uninominal,-18.172647,-66.595166,38,.,.
Bolivia,Potosí,Alonso de Ibáñez,Sacaca,Esc. Jaruma,Jaruma (Daniel Campos),Uninominal,-19.774395,-67.941128,36,.,.
Bolivia,Potosí,Tomás Frías,Potosí,Esc. Jesus de Nazaret,Potosí,Uninominal,-19.570364,-65.772727,34,.,.
Bolivia,Potosí,Tomás Frías,Potosí,Esc. José A.Zampa,Potosí,Uninominal,-19.58199,-65.75164,33,.,.
Bolivia,Potosí,Tomás Frías,Yocalla,Esc. José Antonio Zampa,"Totora ""D""",Uninominal,-19.452518,-65.837039,34,.,.
Bolivia,Potosí,José María Linares,Ckochas,Esc. José Ma.Linares,Turuchipa,Uninominal,-19.819949,-64.94131,35,.,.
Bolivia,Potosí,Tomás Frías,Potosí,Esc. José Maria Linares,Potosí,Uninominal,-19.59069,-65.74564,33,.,.
Bolivia,Potosí,General Bernardino Bilbao,Acasio,Esc. José Rivero,Acasio,Uninominal,-18.023569,-66.058028,38,.,.
Bolivia,Potosí,Tomás Frías,Urmiri,Esc. Juan José Perez,Urmiri,Uninominal,-19.385705,-66.06463,34,.,.
Bolivia,Potosí,Tomás Frías,Yocalla,Esc. Juan XXIII,Yurac Ckasa,Uninominal,-19.355318,-66.019223,34,.,.
Bolivia,Potosí,Bustillo,Uncía,Esc. Juana Azurduy De Padilla,Uncia,Uninominal,-18.467003,-66.564989,39,.,.
Bolivia,Potosí,Sud Chichas,Atocha,Esc. Julio Urquieta,San Vicente,Uninominal,-21.267706,-66.315452,37,.,.
Bolivia,Potosí,Alonso de Ibáñez,Caripuyo,Esc. Juntavi,Juntavi,Uninominal,-18.235957,-66.506522,38,.,.
Bolivia,Potosí,Cornelio Saavedra,Tacobamba,Esc. Juruna,Juruna,Uninominal,-19.220499,-65.428367,35,.,.
Bolivia,Potosí,Chayanta,Pocoata,Esc. Kaparancho,Kapar Rancho,Uninominal,-18.639325,-66.067505,39,.,.
Bolivia,Potosí,Chayanta,Ocurí,Esc. Kara Kara,Ckara Ckara,Uninominal,-18.809065,-65.698509,39,.,.
Bolivia,Potosí,Tomás Frías,Potosí,Esc. Karachipampa,Potosí,Uninominal,-19.549193,-65.720475,34,.,.
Bolivia,Potosí,Tomás Frías,Potosí,Esc. Kenny Prieto Melgarejo,Potosí,Uninominal,-19.559612,-65.760502,34,.,.
Bolivia,Potosí,Sud Lipez,San Pablo,Esc. Kollpani,Collpani,Uninominal,-22.025476,-66.785312,37,.,.
Bolivia,Potosí,Tomás Frías,Potosí,Esc. L. Subieta Sagarnaga,Potosí,Uninominal,-19.59545,-65.74593,33,.,.
Bolivia,Potosí,Sud Lipez,Mojinete,Esc. La Cienega,La Cienega,Uninominal,-21.798246,-66.339876,37,.,.
Bolivia,Potosí,Chayanta,Ravelo,Esc. Lacayani,Lacayani,Uninominal,-18.767542,-65.482389,39,.,.
Bolivia,Potosí,Alonso de Ibáñez,Sacaca,Esc. Ladislao Cabrera (Temporal),Sacaca,Uninominal,-18.067618,-66.382851,38,.,.
Bolivia,Potosí,Chayanta,Ravelo,Esc. Lamphasuni,Lamphasuni,Uninominal,-18.605703,-65.432815,39,.,.
Bolivia,Potosí,Alonso de Ibáñez,Sacaca,Esc. Laytoco,Laytogo,Uninominal,-18.173993,-66.311426,38,.,.
Bolivia,Potosí,Alonso de Ibáñez,Sacaca,Esc. Layupampa,Layupampa,Uninominal,-18.000633,-66.447175,38,.,.
Bolivia,Potosí,Modesto Omiste,Villazón,Esc. Lizardo Perez,Sagnasti,Uninominal,-21.912025,-65.512851,37,.,.
Bolivia,Potosí,Bustillo,Chuquihuta Ayllu Jucumani,Esc. Luluni,Luluni,Uninominal,-18.669003,-66.410497,39,.,.
Bolivia,Potosí,Chayanta,Ravelo,Esc. M. Ascencio Padilla,Ravelo,Uninominal,-18.807263,-65.511301,39,.,.
Bolivia,Potosí,Tomás Frías,Potosí,Esc. Manquiri,Manquiri,Uninominal,-19.420474,-65.712433,34,.,.
Bolivia,Potosí,Chayanta,Ocurí,Esc. Maragua,Maragua,Uninominal,-18.956227,-65.779595,39,.,.
Bolivia,Potosí,Chárcas,San Pedro,Esc. Martin Cala,Martin Cala,Uninominal,-18.528472,-65.719595,38,.,.
Bolivia,Potosí,Tomás Frías,Potosí,Esc. Martin Cruz,Chullchucani,Uninominal,-19.463101,-65.636662,34,.,.
Bolivia,Potosí,Modesto Omiste,Villazón,Esc. Max Fernandez,Villazón,Uninominal,-22.078215,-65.595473,37,.,.
Bolivia,Potosí,Cornelio Saavedra,Betanzos,Esc. Media Luna,Media Luna.,Uninominal,-19.336096,-65.230215,35,.,.
Bolivia,Potosí,Tomás Frías,Potosí,Esc. Modesto Omiste,Betanzos,Uninominal,-19.55643,-65.452734,35,.,.
Bolivia,Potosí,General Bernardino Bilbao,Arampampa,Esc. Mollevilque,Molle Villque,Uninominal,-17.85065,-66.11951,38,.,.
Bolivia,Potosí,Modesto Omiste,Villazón,Esc. Moraya,Moraya,Uninominal,-21.749779,-65.549143,37,.,.
Bolivia,Potosí,Bustillo,Uncía,Esc. Morocomarca,Moroco Marca,Uninominal,-18.672826,-66.528742,39,.,.
Bolivia,Potosí,Chayanta,Ravelo,Esc. Moroto,Moroto,Uninominal,-18.722714,-65.51752,39,.,.
Bolivia,Potosí,Chárcas,San Pedro,Esc. Moscari,Moscari,Uninominal,-18.362839,-66.014501,38,.,.
Bolivia,Potosí,Sud Lipez,San Antonio de Esmoruco,Esc. Ocke Orcko,Ocke Orkho de Quillacas,Uninominal,-21.969535,-66.315635,37,.,.
Bolivia,Potosí,Tomás Frías,Potosí,Esc. Ockoruro,Santiago de Ockoruro,Uninominal,-19.341069,-65.687789,34,.,.
Bolivia,Potosí,José María Linares,"Caiza ""D""",Esc. Palca Cancha,Palca Cancha,Uninominal,-19.9352,-65.573518,35,.,.
Bolivia,Potosí,Tomás Frías,Potosí,Esc. Parantaca,Parantaca,Uninominal,-19.415596,-65.673033,34,.,.
Bolivia,Potosí,Tomás Frías,Potosí,Esc. Paranturi,Paranthuri,Uninominal,-19.387841,-65.843847,34,.,.
Bolivia,Potosí,General Bernardino Bilbao,Arampampa,Esc. Pararani,Pararani,Uninominal,-17.923417,-66.106243,38,.,.
Bolivia,Potosí,General Bernardino Bilbao,Acasio,Esc. Piriquina,Piriquina,Uninominal,-18.077644,-66.01975,38,.,.
Bolivia,Potosí,Chayanta,Ravelo,Esc. Pitantora,Pitantora,Uninominal,-18.699875,-65.632646,39,.,.
Bolivia,Potosí,Cornelio Saavedra,Betanzos,Esc. Poco Poco,Poco Poco,Uninominal,-19.377263,-65.012924,35,.,.
Bolivia,Potosí,Sud Chichas,Atocha,Esc. Portugalete,Portugalete,Uninominal,-21.171979,-66.169078,37,.,.
Bolivia,Potosí,Cornelio Saavedra,Betanzos,Esc. Potobamba,Potobamba,Uninominal,-19.319227,-65.375754,35,.,.
Bolivia,Potosí,Cornelio Saavedra,Betanzos,Esc. Potongo Alto,Potongo Alto,Uninominal,-19.392122,-65.240101,35,.,.
Bolivia,Potosí,Sud Lipez,Mojinete,Esc. Pueblo Viejo,Pueblo Viejo,Uninominal,-21.844264,-66.285874,37,.,.
Bolivia,Potosí,Tomás Frías,Urmiri,Esc. Puituco,Puituco,Uninominal,-19.314953,-66.091876,34,.,.
Bolivia,Potosí,General Bernardino Bilbao,Arampampa,Esc. Qoaraca,Qoaraca,Uninominal,-18.02655,-66.167855,38,.,.
Bolivia,Potosí,Sud Lipez,San Pablo,Esc. Quetena Chico,Quetena Chico,Uninominal,-22.193735,-67.340364,37,.,.
Bolivia,Potosí,Chárcas,San Pedro,Esc. Quinamara,Quinamara,Uninominal,-18.235086,-65.843366,38,.,.
Bolivia,Potosí,Sud Lipez,San Antonio de Esmoruco,Esc. Rancho Chileno,Rio Chilenas,Uninominal,-22.307938,-66.858846,37,.,.
Bolivia,Potosí,Sud Lipez,San Pablo,Esc. Relave,Relave,Uninominal,-21.818388,-66.740111,37,.,.
Bolivia,Potosí,Chayanta,Ocurí,Esc. Roco Roco,Roco Roco,Uninominal,-18.788897,-65.842302,39,.,.
Bolivia,Potosí,Cornelio Saavedra,Tacobamba,Esc. Rodeo,Rodeo,Uninominal,-19.085422,-65.581879,35,.,.
Bolivia,Potosí,Cornelio Saavedra,Chaquí,Esc. Rodero,Rodero,Uninominal,-19.557913,-65.511241,35,.,.
Bolivia,Potosí,Chayanta,Ravelo,Esc. S. Yurubamba,Yurubamba,Uninominal,-18.869809,-65.458071,39,.,.
Bolivia,Potosí,Modesto Omiste,Villazón,Esc. Salitre,Salitre,Uninominal,-22.024728,-65.345911,37,.,.
Bolivia,Potosí,Tomás Frías,Potosí,Esc. Salvador Revilla,Potosí,Uninominal,-19.584182,-65.750598,33,.,.
Bolivia,Potosí,Enrique Baldivieso,San Agustín,Esc. San Agustin,San Agustin,Uninominal,-21.155337,-67.680272,36,.,.
Bolivia,Potosí,Tomás Frías,Yocalla,Esc. San Antonio,Nñcleo 11-San Antonio,Uninominal,-16.834164,-62.723049,53,.,.
Bolivia,Potosí,Chárcas,San Pedro,Esc. San Marcos,San Marcos,Uninominal,-18.49564,-65.729872,38,.,.
Bolivia,Potosí,José María Linares,Ckochas,Esc. San Pedro de Esquiri,San Pedro,Uninominal,-19.57581,-65.196316,35,.,.
Bolivia,Potosí,Modesto Omiste,Villazón,Esc. San Pedro de Sococha,Sn. Pedro de Sococha,Uninominal,-21.933194,-65.450461,37,.,.
Bolivia,Potosí,Sud Lipez,San Pablo,Esc. Santa Isabel,Santa Isabel,Uninominal/Especial,-16.41756,-58.64299,54,.,.
Bolivia,Potosí,Tomás Frías,Yocalla,Esc. Santa Lucia,Santa Lucia,Uninominal,-19.550535,-65.847104,34,.,.
Bolivia,Potosí,Nor Lipez,"Colcha ""K""",Esc. Santiago,Santiago(Gral B.Bilbao),Uninominal,-17.992501,-66.194457,38,.,.
Bolivia,Potosí,Chárcas,San Pedro,Esc. Sapacari,Zapacari,Uninominal,-18.386797,-66.253803,38,.,.
Bolivia,Potosí,Modesto Omiste,Villazón,Esc. Sarcari,Sarcari,Uninominal,-21.910191,-66.02169,37,.,.
Bolivia,Potosí,General Bernardino Bilbao,Arampampa,Esc. Sarcuri,Sarcuri,Uninominal,-17.947116,-66.084375,38,.,.
Bolivia,Potosí,Modesto Omiste,Villazón,Esc. Sargento M. Paredes,Casira,Uninominal,-21.951272,-65.875235,37,.,.
Bolivia,Potosí,Chayanta,Ravelo,Esc. Sasanta,Sasanta Socorro,Uninominal,-18.866363,-65.486519,39,.,.
Bolivia,Potosí,Chayanta,Ravelo,Esc. Secc. Luqui Pampa,Luqui Pampa,Uninominal,-18.715371,-65.713291,39,.,.
Bolivia,Potosí,Chayanta,Ravelo,Esc. Secc. Teja Molino,Teja Molino,Uninominal,-18.515492,-65.560439,39,.,.
Bolivia,Potosí,Tomás Frías,Urmiri,Esc. Secc. Vacuyo,Vacuyo,Uninominal,-19.45475,-66.112273,34,.,.
Bolivia,Potosí,José María Linares,Ckochas,Esc. Seccional,Chejchi,Uninominal,-19.839333,-64.833606,35,.,.
Bolivia,Potosí,Modesto Omiste,Villazón,Esc. Seccional Chagua,Chagua,Uninominal,-21.881949,-65.807998,37,.,.
Bolivia,Potosí,Cornelio Saavedra,Betanzos,Esc. Seccional De San Pedro de Colila,San Pedro de Colila,Uninominal,-19.477345,-65.137763,35,.,.
Bolivia,Potosí,Chárcas,San Pedro,Esc. Seccional Eskencachi,Esquencachi,Uninominal,-18.422054,-66.184426,38,.,.
Bolivia,Potosí,Chayanta,Ocurí,Esc. Seccional Marcoma,Marcoma,Uninominal,-18.951719,-65.641689,39,.,.
Bolivia,Potosí,Chayanta,Ravelo,Esc. Seccional Moko Kotani,Moko Kotani,Uninominal,-18.610548,-65.558473,39,.,.
Bolivia,Potosí,Chayanta,Ravelo,Esc. Seccional Molle Molle,Molle Molle,Uninominal,-18.987211,-65.560471,39,.,.
Bolivia,Potosí,Sud Lipez,San Pablo,Esc. Seccional Rio San Pablo,R?¡o San Pablo,Uninominal,-21.609123,-66.761811,37,.,.
Bolivia,Potosí,Modesto Omiste,Villazón,Esc. Seccional Selocha,Selocha,Uninominal,-21.809448,-65.478709,37,.,.
Bolivia,Potosí,Modesto Omiste,Villazón,Esc. Seccional Sococha,Sococha,Uninominal,-22.002112,-65.481706,37,.,.
Bolivia,Potosí,Cornelio Saavedra,Tacobamba,Esc. Seccional Trapiche Bajo,Trapiche Alta.,Uninominal,-19.423596,-65.542362,35,.,.
Bolivia,Potosí,José María Linares,Ckochas,Esc. Seccional Uyuni,Uyuni,Uninominal,-19.864983,-65.126148,35,.,.
Bolivia,Potosí,Sud Lipez,San Pablo,Esc. Seccional Viluyo,Viluyo (Sud Lipez),Uninominal,-21.526248,-66.340307,37,.,.
Bolivia,Potosí,José María Linares,Puna (Villa Talavera),Esc. Sepulturas,Sepulturas,Uninominal,-19.861149,-65.594147,35,.,.
Bolivia,Potosí,José María Linares,Ckochas,Esc. Seucochi,Seocochi,Uninominal,-19.906978,-64.865023,35,.,.
Bolivia,Potosí,Alonso de Ibáñez,Sacaca,Esc. Sillu Sillu,Sillu Sillu,Uninominal,-18.099125,-66.460258,38,.,.
Bolivia,Potosí,Chayanta,Ocurí,Esc. Simon Bolivar De Peana,Peaña,Uninominal,-18.719168,-65.785638,39,.,.
Bolivia,Potosí,Tomás Frías,Potosí,Esc. Simon Rodriguez,Potosí,Uninominal,-19.583608,-65.75751,33,.,.
Bolivia,Potosí,Chárcas,San Pedro,Esc. Sora Sora,Viscachani,Uninominal,-18.196722,-66.272338,38,.,.
Bolivia,Potosí,Bustillo,Uncía,Esc. Subcentral Lagunillas,Lagunillas,Uninominal,-18.543841,-66.414592,39,.,.
Bolivia,Potosí,Cornelio Saavedra,Tacobamba,Esc. Tacobamba,Tacobamba,Uninominal,-19.201087,-65.552516,35,.,.
Bolivia,Potosí,General Bernardino Bilbao,Acasio,Esc. Taconi De Caine,Taconi de Caine,Uninominal,-17.962773,-65.999485,38,.,.
Bolivia,Potosí,General Bernardino Bilbao,Acasio,Esc. Taconi Yambata,Taconi Yambata,Uninominal,-18.034823,-65.955805,38,.,.
Bolivia,Potosí,Daniel Campos,Tahua,Esc. Tamancasa,Tamancaza,Uninominal,-19.725557,-68.013416,36,.,.
Bolivia,Potosí,Tomás Frías,Potosí,Esc. Tarapaya,Tarapaya,Uninominal,-19.476109,-65.799336,34,.,.
Bolivia,Potosí,Cornelio Saavedra,Betanzos,Esc. Tarija Cuchu,Tarija Cucho,Uninominal,-19.490668,-65.333933,35,.,.
Bolivia,Potosí,Cornelio Saavedra,Betanzos,Esc. Tauri Cancha,Villa Carmen,Uninominal,-19.597958,-65.320377,35,.,.
Bolivia,Potosí,Cornelio Saavedra,Betanzos,Esc. Tirispaya,Tirispaya,Uninominal,-19.271305,-65.416905,35,.,.
Bolivia,Potosí,Tomás Frías,Potosí,Esc. Tomas Frias,Pacasi,Uninominal,-19.716636,-65.515154,35,.,.
Bolivia,Potosí,Chayanta,Ravelo,Esc. Tomoyo,Tomoyo,Uninominal,-18.923056,-65.583261,39,.,.
Bolivia,Potosí,Tomás Frías,Potosí,Esc. Topater,Potosí,Uninominal,-19.57706,-65.76611,34,.,.
Bolivia,Potosí,Chárcas,San Pedro,Esc. Toracari,Toracari,Uninominal,-18.131382,-66.136183,38,.,.
Bolivia,Potosí,Cornelio Saavedra,Betanzos,Esc. Troja Pampa,Troja Pampa,Uninominal,-19.448696,-64.967835,35,.,.
Bolivia,Potosí,José María Linares,"Caiza ""D""",Esc. Tuctapari,Tuctapari,Uninominal,-20.04536,-65.531872,35,.,.
Bolivia,Potosí,General Bernardino Bilbao,Acasio,Esc. Tuquiza,Tuquiza,Uninominal,-18.022182,-66.006616,38,.,.
Bolivia,Potosí,Cornelio Saavedra,Betanzos,Esc. Unzaga De La Vega,San José (Chiquitos),Uninominal,-17.846423,-60.739314,54,.,.
Bolivia,Potosí,Cornelio Saavedra,Betanzos,Esc. Urifaya,Urifaya,Uninominal,-19.500937,-64.945614,35,.,.
Bolivia,Potosí,Bustillo,Llallagua,Esc. Uyuni,Uyuni.,Uninominal,-18.288822,-66.477287,38,.,.
Bolivia,Potosí,Alonso de Ibáñez,Sacaca,Esc. Vila Sirca,Wilacirca,Uninominal,-18.344555,-66.320999,38,.,.
Bolivia,Potosí,Alonso de Ibáñez,Sacaca,Esc. Vila Vila,Vila Vila.,Uninominal,-18.149692,-66.347598,38,.,.
Bolivia,Potosí,Sud Chichas,Tupiza,Esc. Villa Fatima Andres De Santa Cruz,Tupiza,Uninominal,-21.436593,-65.724963,37,.,.
Bolivia,Potosí,Cornelio Saavedra,Betanzos,Esc. Villa Imperial,Quivincha,Uninominal,-19.551892,-65.380402,35,.,.
Bolivia,Potosí,Sud Lipez,San Pablo,Esc. Villa Porvenir,San Antonio de Lipez,Uninominal,-21.775334,-66.87191,37,.,.
Bolivia,Potosí,Cornelio Saavedra,Betanzos,Esc. Viña Quemada,Viña Quemada,Uninominal,-19.410187,-64.857385,35,.,.
Bolivia,Potosí,Cornelio Saavedra,Tacobamba,Esc. Yaguacari,Yawacari,Uninominal,-19.038275,-65.601217,35,.,.
Bolivia,Potosí,José María Linares,Puna (Villa Talavera),Esc. Yaspaci,Yascapi,Uninominal,-19.893697,-65.449153,35,.,.
Bolivia,Potosí,Chayanta,Ocurí,Esc. Yurimata,Yurimata,Uninominal,-18.943142,-65.694148,39,.,.
Bolivia,Potosí,Modesto Omiste,Villazón,Esc. Yuruma,Yuruma,Uninominal,-21.693383,-65.574407,37,.,.
Bolivia,Potosí,Sud Chichas,Atocha,Esc. de Animas,Animas,Uninominal,-20.963024,-66.306141,37,.,.
Bolivia,Potosí,Cornelio Saavedra,Betanzos,Esc. de Huano Huano,Huanu Huanu,Uninominal,-19.592002,-64.9943,35,.,.
Bolivia,Potosí,Cornelio Saavedra,Betanzos,Esc. de Mamahota,Mamahota,Uninominal,-19.455214,-65.490594,35,.,.
Bolivia,Potosí,Cornelio Saavedra,Betanzos,Esc. de Mariaca,Mariaca,Uninominal,-19.418398,-65.356665,35,.,.
Bolivia,Potosí,Alonso de Ibáñez,Sacaca,Esc. de Ovejeria,Ovejeria,Uninominal,-18.139852,-66.244278,38,.,.
Bolivia,Potosí,Sud Lipez,San Antonio de Esmoruco,Esc. de Rio Seco,Rio Seco,Uninominal,-21.999388,-66.331536,37,.,.
Bolivia,Potosí,Sud Chichas,Atocha,Esc. de Siete Suyos,Siete Suyos,Uninominal,-20.949674,-66.29676,37,.,.
Bolivia,Potosí,Sud Chichas,Atocha,Esc. de Tacmari,Tacmari,Uninominal,-21.007969,-65.911945,37,.,.
Bolivia,Potosí,Chárcas,San Pedro,Esc. Ñequeta,Ñequeta,Uninominal,-18.272289,-66.235648,38,.,.
Bolivia,Potosí,Tomás Frías,Potosí,Escuela José Alonso De Ibáñez,Potosí,Uninominal,-19.58758,-65.75143,33,.,.
Bolivia,Potosí,Chárcas,San Pedro,Escuela Seccional Cota Cota,Cota Cota,Uninominal,-18.341797,-66.217696,38,.,.
Bolivia,Potosí,Tomás Frías,Potosí,Fe y Alegría y San Clemente,Potosí,Uninominal,-19.57224,-65.76543,34,.,.
Bolivia,Potosí,Sud Lipez,Mojinete,H. Alcaldia Municipal,Mojinete,Uninominal,-21.764349,-66.239182,37,.,.
Bolivia,Potosí,Bustillo,Llallagua,Humanistico Llallagua,Llallagua,Uninominal,-18.423665,-66.586039,38,.,.
Bolivia,Potosí,Tomás Frías,Potosí,Inicial Luis Subieta Sagárnaga (Temporal),Potosí,Uninominal,-19.595886,-65.744901,33,.,.
Bolivia,Potosí,Sud Chichas,Tupiza,Ins. Tec. José Luis San Juan Garcia,Tupiza,Uninominal,-21.44863,-65.720324,37,.,.
Bolivia,Potosí,Tomás Frías,Potosí,Instituto I.S.E.C.,Potosí,Uninominal,-19.57146,-65.76514,34,.,.
Bolivia,Potosí,Tomás Frías,Potosí,Instituto Nuevo Amanecer (Temporal),Potosí,Uninominal,-19.57243,-65.749979,34,.,.
Bolivia,Potosí,Tomás Frías,Potosí,Instituto San Juan,Potosí,Uninominal,-19.59069,-65.75861,33,.,.
Bolivia,Potosí,Tomás Frías,Potosí,Jardin de Niños San Roque (Temporal),Potosí,Uninominal,-19.578282,-65.75123,33,.,.
Bolivia,Potosí,Tomás Frías,Potosí,Kinder Concepcion,Potosí,Uninominal,-19.597309,-65.748461,33,.,.
Bolivia,Potosí,Tomás Frías,Potosí,Kinder Ismael Montes,Potosí,Uninominal,-19.585628,-65.746262,33,.,.
Bolivia,Potosí,Tomás Frías,Potosí,Kinder Juan Pablo II (Temporal),Potosí,Uninominal,-19.576839,-65.773103,34,.,.
Bolivia,Potosí,Tomás Frías,Potosí,Kinder Mariscal Andrés de Santa Cruz (Temporal),Potosí,Uninominal,-19.572754,-65.755657,34,.,.
Bolivia,Potosí,Cornelio Saavedra,Betanzos,Kinder Villa Imperial,Betanzos,Uninominal,-19.551792,-65.453536,35,.,.
Bolivia,Potosí,Bustillo,Llallagua,Kindergarten Litoral (Temporal),Llallagua,Uninominal,-18.423609,-66.583223,38,.,.
Bolivia,Potosí,Tomás Frías,Potosí,Kindergarten Potosí (Temporal),Potosí,Uninominal,-19.580189,-65.756101,33,.,.
Bolivia,Potosí,Tomás Frías,Potosí,Mariscal Santa Cruz,Potosí,Uninominal,-19.57199,-65.75602,34,.,.
Bolivia,Potosí,Bustillo,Llallagua,Martin Cardenas,Llallagua,Uninominal,-18.425845,-66.578642,38,.,.
Bolivia,Potosí,José María Linares,"Caiza ""D""",Normal Rural Caiza D,"Caiza ""D""",Uninominal,-20.006536,-65.650852,35,.,.
Bolivia,Potosí,Modesto Omiste,Villazón,Nucleo De Mojo,Mojo,Uninominal,-21.8297,-65.552718,37,.,.
Bolivia,Potosí,Chárcas,San Pedro,Nucleo Educativo Banduriri,Banduriri,Uninominal,-18.155707,-66.039797,38,.,.
Bolivia,Potosí,Bustillo,Uncía,Nucleo Escolar Cala Cala,Cala Cala,Uninominal,-18.524525,-66.482593,39,.,.
Bolivia,Potosí,Chayanta,Pocoata,Nucleo Escolar Kesimpucu,Quesem Phuco,Uninominal,-18.566344,-66.053701,39,.,.
Bolivia,Potosí,Chárcas,San Pedro,Nucleo Escolar Micani,Micani,Uninominal,-18.370092,-65.833006,38,.,.
Bolivia,Potosí,Bustillo,Llallagua,Nucleo Jisk'anqui,Jisk'anqui,Uninominal,-18.335596,-66.563217,38,.,.
Bolivia,Potosí,Alonso de Ibáñez,Sacaca,Sacani,Sakani Alto Leke,Uninominal,-18.090386,-66.189617,38,.,.
Bolivia,Potosí,Sud Lipez,San Pablo,Salon de Comunidad,Cerrillos,Uninominal,-21.417297,-66.484176,37,.,.
Bolivia,Potosí,Sud Lipez,San Pablo,Salon de Plaza,Polulos,Uninominal,-21.505446,-66.670766,37,.,.
Bolivia,Potosí,Antonio Quijarro,Uyuni,Sub Sede Univ. Economia,Uyuni,Uninominal,-20.462898,-66.825977,36,.,.
Bolivia,Potosí,Alonso de Ibáñez,Sacaca,Tarhua Chapi,Tarwachapi,Uninominal,-18.191454,-66.405194,38,.,.
Bolivia,Potosí,Chayanta,Ravelo,Toroca,Toroca,Uninominal,-18.698564,-65.440712,39,.,.
Bolivia,Potosí,Chayanta,Colquechaca,U. E. 10 de Noviembre de Surumi (Temporal),Surumi,Uninominal,-18.565518,-65.847745,39,.,.
Bolivia,Potosí,Chayanta,San Pedro de Macha,U. E. 1ro. de Mayo De Salinas Alta,Salinas,Uninominal,-19.014643,-66.110616,39,.,.
Bolivia,Potosí,Sud Chichas,Tupiza,U. E. 1ro. de Mayo De Zapatera,Zapatera,Uninominal,-21.626435,-66.180872,37,.,.
Bolivia,Potosí,Tomás Frías,Potosí,U. E. 21 de enero (Temporal),Potosí,Uninominal,-19.581526,-65.761583,34,.,.
Bolivia,Potosí,Sud Chichas,Tupiza,U. E. 26 de Agosto,Tupiza,Uninominal,-21.430073,-65.720909,37,.,.
Bolivia,Potosí,Tomás Frías,Potosí,"U. E. 31 de Octubre ""A"" Nivel Inicial (Temporal)",Potosí,Uninominal,-19.582652,-65.760032,33,.,.
Bolivia,Potosí,Chayanta,San Pedro de Macha,U. E. 6 de Junio,Tomaycuri,Uninominal,-18.859631,-65.909946,39,.,.
Bolivia,Potosí,Modesto Omiste,Villazón,U. E. 6 de Junio A (Temporal),Villazón,Uninominal,-22.083235,-65.599262,37,.,.
Bolivia,Potosí,Sud Chichas,Tupiza,U. E. 6 de Junio de Charaja,Charaja,Uninominal,-21.577584,-65.593409,37,.,.
Bolivia,Potosí,Sud Chichas,Tupiza,U. E. 7 de Noviembre,Tupiza,Uninominal,-21.44581,-65.72318,37,.,.
Bolivia,Potosí,Chayanta,Pocoata,U. E. Achacana,Achacana,Uninominal,-18.580355,-66.151733,39,.,.
Bolivia,Potosí,Sud Chichas,Tupiza,U. E. Almona,Almona,Uninominal,-21.171619,-65.774438,37,.,.
Bolivia,Potosí,Modesto Omiste,Villazón,"U. E. Alonso de Ibáñez ""B"" (Nivel Secundario) (Temporal)",Villazón,Uninominal,-22.092847,-65.603836,37,.,.
Bolivia,Potosí,Antonio Quijarro,Uyuni,"U. E. Aniceto Arce ""A"" (Temporal)",Uyuni,Uninominal,-20.462109,-66.824554,36,.,.
Bolivia,Potosí,Tomás Frías,Tinguipaya,U. E. Anthura,Anthura,Uninominal,-19.124283,-65.970061,34,.,.
Bolivia,Potosí,Sud Chichas,Tupiza,U. E. Antofagasta,Tupiza,Uninominal,-21.440203,-65.719981,37,.,.
Bolivia,Potosí,Antonio Quijarro,Uyuni,U. E. Antofagasta (Temporal),Uyuni,Uninominal,-20.462478,-66.825572,36,.,.
Bolivia,Potosí,Chayanta,Pocoata,U. E. Arrozpata,San Juan de Arrospata,Uninominal,-18.47409,-66.182313,39,.,.
Bolivia,Potosí,Chayanta,San Pedro de Macha,U. E. Avelino Siñani de Milluri,Milluri,Uninominal,-18.905858,-66.156764,39,.,.
Bolivia,Potosí,Bustillo,Llallagua,U. E. Ayacucho (Temporal),Llallagua,Uninominal,-18.41381,-66.563747,38,.,.
Bolivia,Potosí,Chárcas,Toro Toro,U. E. Añahuani,Añahuani,Uninominal,-18.234315,-65.647905,38,.,.
Bolivia,Potosí,Sud Chichas,Tupiza,U. E. Bolivia de Supira,Supira,Uninominal,-21.595917,-65.52103,37,.,.
Bolivia,Potosí,Sud Chichas,Tupiza,U. E. Bolivia de Tupiza,Tupiza,Uninominal,-21.447726,-65.72011,37,.,.
Bolivia,Potosí,Chayanta,Pocoata,U. E. Cachuyo,Cachuyo,Uninominal,-18.710864,-66.048549,39,.,.
Bolivia,Potosí,Tomás Frías,Tinguipaya,U. E. Calazaya,Kñesujsi,Uninominal,-19.08964,-65.941365,34,.,.
Bolivia,Potosí,Chárcas,Toro Toro,U. E. Carasi,Carasi,Uninominal,-18.318216,-65.688958,38,.,.
Bolivia,Potosí,Modesto Omiste,Villazón,U. E. Carlos Villegas (Temporal),Villazón,Uninominal,-22.076995,-65.593156,37,.,.
Bolivia,Potosí,Sud Chichas,Tupiza,U. E. Chacopampa,Chaco Pampa,Uninominal,-21.542275,-65.775049,37,.,.
Bolivia,Potosí,Sud Chichas,Tupiza,U. E. Chichas,Peña Amarilla,Uninominal,-21.183994,-65.602679,37,.,.
Bolivia,Potosí,Sud Chichas,Tupiza,U. E. Chifloca,Chifloca,Uninominal,-21.485476,-65.800044,37,.,.
Bolivia,Potosí,Cornelio Saavedra,Betanzos,U. E. Chillcani,Chillcani,Uninominal,-19.482986,-65.527978,35,.,.
Bolivia,Potosí,Chárcas,San Pedro,U. E. Chirocarí,Chirocar?¡,Uninominal,-18.396,-66.1436,38,.,.
Bolivia,Potosí,Sud Chichas,Tupiza,U. E. Chorolque (Temporal),Tupiza,Uninominal,-21.450175,-65.719749,37,.,.
Bolivia,Potosí,Sud Chichas,Tupiza,U. E. Chuquiago,Chuquiago,Uninominal,-21.569094,-65.638584,37,.,.
Bolivia,Potosí,Bustillo,Chayanta,U. E. Cnl. Ramon Acero,Nueva Colcha,Uninominal,-18.300114,-66.376452,39,.,.
Bolivia,Potosí,Chayanta,Pocoata,U. E. Collana Tuica,Collana Tuica,Uninominal,-18.592726,-66.21643,39,.,.
Bolivia,Potosí,Chayanta,Pocoata,U. E. Collpa Ckasa,Collpa Ckasa,Uninominal,-18.492043,-66.11688,39,.,.
Bolivia,Potosí,Bustillo,Chayanta,U. E. Copana,Copana,Uninominal,-18.479504,-66.238141,39,.,.
Bolivia,Potosí,Cornelio Saavedra,Betanzos,"U. E. Cornelio Saavedra ""A"" (Temporal)",Betanzos,Uninominal,-19.553303,-65.448895,35,.,.
Bolivia,Potosí,Sud Chichas,Tupiza,U. E. Cucho,Kuchu,Uninominal,-21.5215,-66.012187,37,.,.
Bolivia,Potosí,Modesto Omiste,Villazón,U. E. Daniel Campos Nivel Secundario (Temporal),Villazón,Uninominal,-22.079068,-65.603699,37,.,.
Bolivia,Potosí,Tomás Frías,Tinguipaya,U. E. Eje Caquena,kaquena Alta,Uninominal,-19.113608,-65.92444,34,.,.
Bolivia,Potosí,Chayanta,San Pedro de Macha,U. E. Elizardo Perez,Uluchi,Uninominal,-18.956008,-66.15076,39,.,.
Bolivia,Potosí,Tomás Frías,Potosí,"U. E. Elizardo Perez, Villa Victoria (Temporal)",Potosí,Uninominal,-19.584577,-65.73027,33,.,.
Bolivia,Potosí,Antonio Quijarro,Tomave,U. E. Elizardo Pérez del Taro,Taro,Uninominal,-19.9791,-66.116,36,.,.
Bolivia,Potosí,Sud Chichas,Tupiza,U. E. Espicaya,Espicaya,Uninominal,-21.590185,-65.79217,37,.,.
Bolivia,Potosí,Sud Chichas,Tupiza,U. E. Estarca,Estarca,Uninominal,-21.66523,-65.948868,37,.,.
Bolivia,Potosí,Tomás Frías,Tinguipaya,U. E. Foroctiri Junin,Foroctiri,Uninominal,-19.13145,-65.73728,34,.,.
Bolivia,Potosí,Sud Chichas,Tupiza,U. E. Franz Tamayo,Chuqui,Uninominal,-21.724717,-66.176803,37,.,.
Bolivia,Potosí,Tomás Frías,Tinguipaya,U. E. Franz Tamayo De Actara,Actara,Uninominal,-19.074296,-65.961195,34,.,.
Bolivia,Potosí,Chayanta,San Pedro de Macha,U. E. Franz Tamayo De Ayoma,Ayoma,Uninominal,-18.870216,-66.149327,39,.,.
Bolivia,Potosí,Sud Chichas,Tupiza,U. E. Genoveva Ríos,Tupiza,Uninominal,-21.42092,-65.718042,37,.,.
Bolivia,Potosí,Sud Chichas,Tupiza,U. E. Gral. Rufino Carrasco,San José de Pampa Grande,Uninominal,-21.685269,-65.817799,37,.,.
Bolivia,Potosí,Sud Chichas,Tupiza,U. E. Gran Mariscal de Ayacucho (Temporal),Tupiza,Uninominal,-21.442019,-65.718462,37,.,.
Bolivia,Potosí,Sud Chichas,Tupiza,U. E. Gregorio Pacheco,Villa Pacheco,Uninominal,-21.696401,-65.304377,37,.,.
Bolivia,Potosí,Sud Chichas,Tupiza,U. E. Gregorio Pacheco (Temporal),Tupiza,Uninominal,-21.44782,-65.71977,37,.,.
Bolivia,Potosí,Chayanta,Colquechaca,U. E. Guadalupe San Antonio,Guadalupe,Uninominal,-18.690386,-65.797431,39,.,.
Bolivia,Potosí,Chayanta,San Pedro de Macha,U. E. Gualberto Villarroel de Titiri,Titiri,Uninominal,-18.976076,-65.976285,39,.,.
Bolivia,Potosí,Chayanta,Pocoata,U. E. Huancarani,Huancarani,Uninominal,-18.735092,-66.140621,39,.,.
Bolivia,Potosí,Sud Chichas,Tupiza,U. E. Huariraca,Huariraca,Uninominal,-21.71553,-65.986526,37,.,.
Bolivia,Potosí,Tomás Frías,Potosí,U. E. Hugo Chávez Frías (Temporal),Potosí,Uninominal,-19.561264,-65.75398,34,.,.
Bolivia,Potosí,Tomás Frías,Tinguipaya,U. E. Isla,Isla,Uninominal,-19.348876,-65.79932,34,.,.
Bolivia,Potosí,Tomás Frías,Potosí,"U. E. Ismael Montes ""B"" (Temporal)",Potosí,Uninominal,-19.585878,-65.743234,33,.,.
Bolivia,Potosí,Bustillo,Chuquihuta Ayllu Jucumani,U. E. Ismael Montes (Temporal),Chuquihuta,Uninominal,-18.591763,-66.364465,39,.,.
Bolivia,Potosí,Chayanta,Pocoata,U. E. Jachataco,Jachataco,Uninominal,-18.535696,-65.97631,39,.,.
Bolivia,Potosí,Tomás Frías,Tinguipaya,U. E. Jahuacaya,Jahuacaya,Uninominal,-19.197294,-65.885698,34,.,.
Bolivia,Potosí,Chayanta,San Pedro de Macha,U. E. Jaime Mendoza,Bombori,Uninominal,-18.904436,-66.204183,39,.,.
Bolivia,Potosí,Chayanta,Colquechaca,U. E. Jaime Mendoza De Jamachiri,Jamanchiri,Uninominal,-18.710642,-65.886023,39,.,.
Bolivia,Potosí,Chayanta,Pocoata,U. E. Jarana,Jarana,Uninominal,-18.700443,-66.125685,39,.,.
Bolivia,Potosí,Sud Chichas,Tupiza,U. E. José Luis San Juan Garcia de Quiriza,Quiriza,Uninominal,-21.616021,-65.791197,37,.,.
Bolivia,Potosí,Tomás Frías,Tinguipaya,U. E. Juan Victor Montoya Medinacelli,Utacalla,Uninominal,-19.322971,-65.836023,34,.,.
Bolivia,Potosí,Sud Chichas,Tupiza,U. E. Juana Azurduy De Padilla,Oploca,Uninominal,-21.337418,-65.805336,37,.,.
Bolivia,Potosí,Chayanta,San Pedro de Macha,U. E. Juancito Pinto De Phutina,Futina,Uninominal,-18.837436,-66.212707,39,.,.
Bolivia,Potosí,Bustillo,Chayanta,U. E. Julian Apaza,Coataca,Uninominal,-18.529118,-66.30494,39,.,.
Bolivia,Potosí,Chayanta,Colquechaca,U. E. Junin,Colquechaca,Uninominal,-18.701103,-66.003739,39,.,.
Bolivia,Potosí,Chayanta,Colquechaca,U. E. Junin De Rosario,Rosario,Uninominal,-18.772851,-65.978651,39,.,.
Bolivia,Potosí,Chayanta,Pocoata,U. E. Kari,San Miguel de Khari,Uninominal,-18.600325,-66.261202,39,.,.
Bolivia,Potosí,Tomás Frías,Potosí,U. E. Kinder Minero (Temporal),Potosí,Uninominal,-19.594886,-65.749384,33,.,.
Bolivia,Potosí,Chárcas,Toro Toro,U. E. Layme Cotani,Layme Cotani,Uninominal,-18.224,-65.749,38,.,.
Bolivia,Potosí,José María Linares,Puna (Villa Talavera),U. E. Marcelino Aguirre,Cala Cala,Uninominal,-19.744,-65.509,35,.,.
Bolivia,Potosí,Modesto Omiste,Villazón,U. E. Marcelo Quiroga Santa Cruz (Temporal),Villazón,Uninominal,-22.087694,-65.594032,37,.,.
Bolivia,Potosí,Chayanta,San Pedro de Macha,U. E. Marcelo Quirves,Challviri.,Uninominal,-18.977237,-66.05244,39,.,.
Bolivia,Potosí,Sud Chichas,Tupiza,U. E. Maria Rita Romano,Tupiza,Uninominal,-21.453222,-65.71535,37,.,.
Bolivia,Potosí,Bustillo,Chayanta,"U. E. Mariscal Andrés de Santa Cruz ""A"" (Temporal)",Chayanta,Uninominal,-18.46366,-66.447698,39,.,.
Bolivia,Potosí,Chárcas,Toro Toro,U. E. Mariscal Sucre,Toro Toro,Uninominal,-18.137276,-65.760366,38,.,.
Bolivia,Potosí,Tomás Frías,Tinguipaya,U. E. Mariscal Sucre A,Tinguipaya,Uninominal,-19.220151,-65.823275,34,.,.
Bolivia,Potosí,Bustillo,Chayanta,U. E. Max Fernandez Rojas,Quinta Pampa,Uninominal,-18.237476,-66.352357,39,.,.
Bolivia,Potosí,Tomás Frías,Tinguipaya,U. E. Mcal. Antonio José De Sucre,Talula,Uninominal,-19.246891,-65.714395,34,.,.
Bolivia,Potosí,Antonio Quijarro,Uyuni,U. E. Miraflores (Temporal),Uyuni,Uninominal,-20.452776,-66.83046,36,.,.
Bolivia,Potosí,Tomás Frías,Potosí,U. E. Mixta Manuel Belgrano (Temporal),Potosí,Uninominal,-19.593287,-65.744417,33,.,.
Bolivia,Potosí,Sud Chichas,Tupiza,U. E. Mochara,Mochara,Uninominal,-21.273129,-65.611135,37,.,.
Bolivia,Potosí,Bustillo,Llallagua,U. E. Monseñor Cleto Loayza (Temporal),Llallagua,Uninominal,-18.426648,-66.576423,38,.,.
Bolivia,Potosí,Bustillo,Chayanta,U. E. Octavio Murillo,Amayapampa,Uninominal,-18.485987,-66.38769,39,.,.
Bolivia,Potosí,Sud Chichas,Tupiza,U. E. Oro Ingenio,Oro Ingenio,Uninominal,-21.309407,-65.961046,37,.,.
Bolivia,Potosí,Chayanta,San Pedro de Macha,U. E. Oscar Alfaro De Salinas Baja,Salinas Baja,Uninominal,-18.973263,-66.115678,39,.,.
Bolivia,Potosí,Chayanta,Pocoata,U. E. Pacotanca,Pacotanca,Uninominal,-18.781503,-66.26147,39,.,.
Bolivia,Potosí,Chárcas,Toro Toro,U. E. Palla Palla,Palla Palla,Uninominal,-18.321172,-65.526671,38,.,.
Bolivia,Potosí,Chárcas,San Pedro,U. E. Pastor Sainz (Temporal),San Pedro de Buena Vista,Uninominal,-18.272979,-65.978886,38,.,.
Bolivia,Potosí,Sud Chichas,Tupiza,U. E. Paul Harris De Palala,Tupiza,Uninominal,-21.42755,-65.735032,37,.,.
Bolivia,Potosí,Chayanta,Pocoata,U. E. Pedro Gutierrez,Pocoata,Uninominal,-18.699571,-66.166018,39,.,.
Bolivia,Potosí,Chárcas,Toro Toro,U. E. Poco Suco,Pocosuco,Uninominal,-18.256206,-65.736403,38,.,.
Bolivia,Potosí,Sud Chichas,Tupiza,U. E. Prudencio Guillen,Talina,Uninominal,-21.752855,-65.824595,37,.,.
Bolivia,Potosí,Tomás Frías,Tinguipaya,U. E. Puca Punta,Puca Punta,Uninominal,-19.102322,-65.696069,34,.,.
Bolivia,Potosí,Chayanta,Colquechaca,U. E. Qayarani Mejillones 10 de Octubre,Cayarani,Uninominal,-18.741193,-65.945484,39,.,.
Bolivia,Potosí,Bustillo,Chayanta,U. E. Quila Quila,R?¡o Verde (Quila Quila),Uninominal,-18.370223,-66.311747,39,.,.
Bolivia,Potosí,Chárcas,Toro Toro,U. E. Quirusillani,Quirusillani,Uninominal,-18.2609,-65.7858,38,.,.
Bolivia,Potosí,Bustillo,Chayanta,U. E. Rafael Bustillos,Irupata,Uninominal,-18.407607,-66.399462,39,.,.
Bolivia,Potosí,Bustillo,Chayanta,U. E. Rafael Pabón,Charara,Uninominal,-20.025855,-66.080812,36,.,.
Bolivia,Potosí,Sud Chichas,Tupiza,U. E. Reynecillas,Reynecillas,Uninominal,-21.58022,-65.255833,37,.,.
Bolivia,Potosí,Chayanta,Colquechaca,U. E. Roberto Hinojosa (Temporal),Colquechaca,Uninominal,-18.703435,-66.002712,39,.,.
Bolivia,Potosí,Sud Chichas,Tupiza,U. E. Río Blanco,R?¡o Blanco (Oploca),Uninominal,-21.148028,-65.59944,37,.,.
Bolivia,Potosí,Sud Chichas,Tupiza,U. E. Salvador Revilla,Nazareno,Uninominal,-21.594257,-65.595996,37,.,.
Bolivia,Potosí,Bustillo,Chayanta,U. E. San Cristobal,Panacachi,Uninominal,-18.424719,-66.284063,39,.,.
Bolivia,Potosí,Sud Chichas,Tupiza,U. E. San Juan Salo,Salo,Uninominal,-21.246204,-65.778379,37,.,.
Bolivia,Potosí,Sud Chichas,Tupiza,U. E. San Miguel De Chillco,Chillco(Chillcobija),Uninominal,-21.408515,-66.102095,37,.,.
Bolivia,Potosí,Sud Chichas,Tupiza,U. E. Santo Domingo,Santo Domingo (Candelaria),Uninominal,-21.567331,-66.107512,37,.,.
Bolivia,Potosí,Chayanta,Pocoata,U. E. Sarijchi,Sarijche,Uninominal,-18.550045,-65.959733,39,.,.
Bolivia,Potosí,Tomás Frías,Tinguipaya,U. E. Sayaca,Sayaca,Uninominal,-19.098394,-66.040061,34,.,.
Bolivia,Potosí,Chayanta,Pocoata,U. E. Saye,Sayi,Uninominal,-18.691619,-66.266349,39,.,.
Bolivia,Potosí,Chayanta,Pocoata,U. E. Senajo,Cenajo,Uninominal,-18.498535,-66.149687,39,.,.
Bolivia,Potosí,Chayanta,San Pedro de Macha,U. E. Simon Bolivar de Choquecayara Baja,Choquecayara,Uninominal,-18.910682,-66.240921,39,.,.
Bolivia,Potosí,Sud Chichas,Tupiza,U. E. Simón Bolívar de Esmoraca,Esmoraca,Uninominal,-21.695592,-66.228995,37,.,.
Bolivia,Potosí,Sud Chichas,Tupiza,U. E. Suipacha,Suipacha,Uninominal,-21.572969,-65.605397,37,.,.
Bolivia,Potosí,Tomás Frías,Tinguipaya,U. E. Tacohara Baja,Tacohuara,Uninominal,-19.175844,-65.675845,34,.,.
Bolivia,Potosí,Chárcas,Toro Toro,U. E. Tambo K'Asa,Tambo Khasa,Uninominal,-18.194246,-65.780652,38,.,.
Bolivia,Potosí,Sud Chichas,Tupiza,U. E. Tapaxa,Tapaxa,Uninominal,-21.619896,-65.986009,37,.,.
Bolivia,Potosí,Sud Chichas,Tupiza,U. E. Titihoyo,Titi Hoyo,Uninominal,-21.543106,-65.758093,37,.,.
Bolivia,Potosí,Sud Chichas,Tupiza,U. E. Tocloca,Tocloca,Uninominal,-21.514685,-65.680523,37,.,.
Bolivia,Potosí,Bustillo,Chayanta,U. E. Tomas Frias,Phusuta Pampa,Uninominal,-18.506542,-66.378713,39,.,.
Bolivia,Potosí,Bustillo,Chayanta,U. E. Tomas Katari,Campaya,Uninominal,-18.758568,-66.30919,39,.,.
Bolivia,Potosí,Chayanta,San Pedro de Macha,U. E. Tomas Katari De Macha,Macha,Uninominal,-18.818833,-66.038031,39,.,.
Bolivia,Potosí,Chayanta,Pocoata,U. E. Tomoyo,"Tomoyo ""B""",Uninominal,-18.462112,-66.134752,39,.,.
Bolivia,Potosí,Tomás Frías,Potosí,U. E. Tomás Frías (Temporal),Potosí,Uninominal,-19.584045,-65.751757,33,.,.
Bolivia,Potosí,Chayanta,San Pedro de Macha,U. E. Tomás Katari (Primaria) (Temporal),Macha,Uninominal,-18.820697,-66.037993,39,.,.
Bolivia,Potosí,Chayanta,Pocoata,U. E. Turberia,Turberia,Uninominal,-18.62138,-66.081794,39,.,.
Bolivia,Potosí,Tomás Frías,Tinguipaya,U. E. Turiri,Piquira,Uninominal,-19.120001,-65.851525,34,.,.
Bolivia,Potosí,Sud Chichas,Tupiza,U. E. Técnico Humanístico Evo Morales Ayma (Temporal),Tupiza,Uninominal,-21.428159,-65.716641,37,.,.
Bolivia,Potosí,Bustillo,Uncía,U. E. Uncia (Temporal),Uncia,Uninominal,-18.467557,-66.566267,39,.,.
Bolivia,Potosí,Chayanta,Pocoata,U. E. Vila Vila,Vila Vila,Uninominal,-18.826948,-66.273415,39,.,.
Bolivia,Potosí,Chayanta,Pocoata,U. E. Villa Alcarapi,Villa Alcarapi,Uninominal,-18.821814,-66.28826,39,.,.
Bolivia,Potosí,Sud Chichas,Tupiza,U. E. Villa Fátima Andrés de Santa Cruz (Temporal),Tupiza,Uninominal,-21.436742,-65.725374,37,.,.
Bolivia,Potosí,Chayanta,Pocoata,U. E. Yahuaco,Yahuaco,Uninominal,-18.522892,-66.024999,39,.,.
Bolivia,Potosí,Chárcas,Toro Toro,U. E. Yambata,Yambata,Uninominal,-18.050905,-65.948381,38,.,.
Bolivia,Potosí,Modesto Omiste,Villazón,U.E. 10 de Agosto,San Lorenzo,Uninominal,-17.095372,-63.174745,52,.,.
Bolivia,Potosí,Antonio Quijarro,Tomave,U.E. 10 de Noviembre,Tolapampa,Uninominal,-20.214564,-66.568743,36,.,.
Bolivia,Potosí,Modesto Omiste,Villazón,U.E. 1ro de Mayo,Villazón,Uninominal,-22.088568,-65.597299,37,.,.
Bolivia,Potosí,Chayanta,San Pedro de Macha,U.E. 1ro. de Mayo De Qheojo,Qheojo,Uninominal,-18.812629,-65.961137,39,.,.
Bolivia,Potosí,Nor Chichas,Cotagaita,U.E. 2 de Abril,Tumusla,Uninominal,-20.491797,-65.618199,36,.,.
Bolivia,Potosí,José María Linares,Puna (Villa Talavera),U.E. 20 de Octubre,Esmeralda Baja,Uninominal,-19.700951,-65.293814,35,.,.
Bolivia,Potosí,José María Linares,"Caiza ""D""",U.E. 21 de Septiembre de la Lava,La Lava,Uninominal,-19.894785,-65.64627,35,.,.
Bolivia,Potosí,Tomás Frías,Potosí,U.E. 31 de Octubre,Kilpani,Uninominal,-19.781697,-66.348344,36,.,.
Bolivia,Potosí,Nor Chichas,Cotagaita,U.E. 6 de Junio,Tomaycuri,Uninominal,-18.859631,-65.909946,39,.,.
Bolivia,Potosí,Sud Chichas,Tupiza,U.E. 6 de Junio de el Monte,El Monte,Uninominal,-21.583083,-65.781679,37,.,.
Bolivia,Potosí,José María Linares,Ckochas,U.E. Alejandro Coronado,Terma Cruz Kasa,Uninominal,-19.678176,-65.148306,35,.,.
Bolivia,Potosí,Nor Lipez,"Colcha ""K""",U.E. Alfonzo Ibañes,Llavica,Uninominal,-20.619533,-67.704605,36,.,.
Bolivia,Potosí,Modesto Omiste,Villazón,U.E. Alonso De Ibañez,Villazón,Uninominal,-22.094198,-65.60423,37,.,.
Bolivia,Potosí,Antonio Quijarro,Uyuni,U.E. Alto Alianza,Keluyo,Uninominal,-19.542231,-66.439729,36,.,.
Bolivia,Potosí,Daniel Campos,Tahua,U.E. Aniceto Arce,Chocloca,Uninominal,-21.747756,-64.731995,42,.,.
Bolivia,Potosí,Antonio Quijarro,Uyuni,U.E. Antonio Quijarro,Uyuni,Uninominal,-20.457555,-66.825784,36,.,.
Bolivia,Potosí,Antonio Quijarro,Porco,U.E. Antonio Quijarro de Carma,Carma,Uninominal,-19.784228,-65.837357,36,.,.
Bolivia,Potosí,Nor Chichas,Vitiche,U.E. Ara,Ara,Uninominal,-20.523697,-65.498768,36,.,.
Bolivia,Potosí,Nor Chichas,Cotagaita,U.E. Ascanty,Ascanty,Uninominal,-20.934425,-65.692253,36,.,.
Bolivia,Potosí,Chayanta,Colquechaca,U.E. Ayacucho de Sicuta,Irucoyana,Uninominal,-18.590861,-65.801386,39,.,.
Bolivia,Potosí,Nor Chichas,Vitiche,U.E. Ayoma Baja,Ayoma Baja,Uninominal,-20.163034,-65.355134,36,.,.
Bolivia,Potosí,José María Linares,Puna (Villa Talavera),U.E. Belen,Belén,Uninominal,-15.555006,-67.444355,16,.,.
Bolivia,Potosí,Daniel Campos,Llica,U.E. Bernabe Ledezma,Alianza,Uninominal,-19.825267,-67.720654,36,.,.
Bolivia,Potosí,Nor Lipez,"Colcha ""K""",U.E. Buenas Nuevas De Vinto K,Vinto K,Uninominal,-20.682352,-67.02643,36,.,.
Bolivia,Potosí,Nor Chichas,Vitiche,U.E. Calcha,Calcha,Uninominal,-20.368782,-65.465121,36,.,.
Bolivia,Potosí,Modesto Omiste,Villazón,U.E. Calderilla,Calderilla,Uninominal,-21.715609,-65.584678,37,.,.
Bolivia,Potosí,Alonso de Ibáñez,Sacaca,U.E. Camacachi,Camacachi,Uninominal,-18.116658,-66.372528,38,.,.
Bolivia,Potosí,Daniel Campos,Llica,U.E. Canquella,Canquella,Uninominal,-20.081262,-68.254485,36,.,.
Bolivia,Potosí,José María Linares,Ckochas,U.E. Capellani,Capellani,Uninominal,-19.938031,-65.16926,35,.,.
Bolivia,Potosí,Daniel Campos,Tahua,U.E. Caquena,Caquena,Uninominal,-19.840586,-67.769906,36,.,.
Bolivia,Potosí,Nor Chichas,Cotagaita,U.E. Carlos Medinaceli De Tasna Rosario,Tasna Rosario,Uninominal,-20.622325,-66.185779,36,.,.
Bolivia,Potosí,José María Linares,Ckochas,U.E. Carpa Huata,Carpa Huata,Uninominal,-19.584887,-65.085242,35,.,.
Bolivia,Potosí,Tomás Frías,Potosí,U.E. Cecilio Guzman Rojas,Potosí,Uninominal,-19.56903,-65.75775,34,.,.
Bolivia,Potosí,Nor Lipez,San Pedro de Quemes,U.E. Cecilio Veliz,San Pedro de Quemes,Uninominal,-20.745505,-68.049392,36,.,.
Bolivia,Potosí,Nor Chichas,Cotagaita,U.E. Cerro Colorado,Cerro Colorado,Uninominal,-20.596772,-65.418774,36,.,.
Bolivia,Potosí,Nor Chichas,Cotagaita,U.E. Chati,Chati,Uninominal,-20.434139,-65.636572,36,.,.
Bolivia,Potosí,Chayanta,Ocurí,U.E. Chaupi Loma,Chaupiloma,Uninominal,-19.005742,-65.779914,39,.,.
Bolivia,Potosí,Nor Chichas,Cotagaita,U.E. Chui Chui,Vicchoca,Uninominal,-20.735018,-65.473984,36,.,.
Bolivia,Potosí,Tomás Frías,Tinguipaya,U.E. Cienegoma,Torotaka,Uninominal,-19.068752,-65.844637,34,.,.
Bolivia,Potosí,Chayanta,Ocurí,U.E. Collpa,Jatumwasi,Uninominal,-18.998685,-65.829062,39,.,.
Bolivia,Potosí,Nor Chichas,Cotagaita,U.E. Collpa Uno,Collpa Uno,Uninominal,-20.925061,-65.568345,36,.,.
Bolivia,Potosí,Sud Lipez,San Pablo,U.E. Colorados De Bolivia,San Pablo de Lipez,Uninominal,-21.687346,-66.618835,37,.,.
Bolivia,Potosí,Antonio Quijarro,Porco,U.E. Concepcion de Chaquilla,Chaquilla,Uninominal,-19.85682,-66.144267,36,.,.
Bolivia,Potosí,Nor Chichas,Cotagaita,U.E. Cornaca,Cornaca,Uninominal,-21.060491,-65.573006,36,.,.
Bolivia,Potosí,Nor Lipez,San Pedro de Quemes,U.E. Cornelio Saavedra,Pelcoya,Uninominal,-20.945517,-68.037702,36,.,.
Bolivia,Potosí,Nor Chichas,Cotagaita,U.E. Cotagaitilla,Cotagaita (Cotagaitilla),Uninominal,-20.80217,-65.760465,36,.,.
Bolivia,Potosí,Modesto Omiste,Villazón,U.E. Cuartos,Cuartos,Uninominal,-21.996272,-65.566191,37,.,.
Bolivia,Potosí,Antonio Quijarro,Tomave,U.E. Daniel Campos,Pajcha,Uninominal,-20.269136,-66.219904,36,.,.
Bolivia,Potosí,Tomás Frías,Potosí,U.E. Don Bosco B,Potosí,Uninominal,-19.59194,-65.76209,33,.,.
Bolivia,Potosí,Tomás Frías,Potosí,U.E. Dr. Gonzalo Calderon Rios,Potosí,Uninominal,-19.58194,-65.73939,33,.,.
Bolivia,Potosí,Nor Lipez,"Colcha ""K""",U.E. Eduardo Abaroa de Villa Mar,Villa Mar,Uninominal,-21.75647,-67.480933,36,.,.
Bolivia,Potosí,Nor Chichas,Cotagaita,U.E. El Manzanal,El Manzanal(Ayataqui),Uninominal,-21.105181,-65.570215,36,.,.
Bolivia,Potosí,Nor Chichas,Cotagaita,U.E. El Porvenir A De Totora I,Totora I,Uninominal,-20.953079,-65.731791,36,.,.
Bolivia,Potosí,Nor Chichas,Cotagaita,U.E. El Rancho,La Carreta,Uninominal,-20.669008,-65.436442,36,.,.
Bolivia,Potosí,Tomás Frías,Potosí,U.E. Elizardo Perez,Uluchi,Uninominal,-18.956008,-66.15076,39,.,.
Bolivia,Potosí,Nor Chichas,Cotagaita,U.E. Elizardo Perez de San Jorge,San Jorge,Uninominal,-20.282912,-65.758312,36,.,.
Bolivia,Potosí,Nor Chichas,Vitiche,U.E. Eric Federico Smith,Yulo-Arana,Uninominal,-20.472975,-65.484495,36,.,.
Bolivia,Potosí,Nor Chichas,Vitiche,U.E. Estumilla,Estumilla,Uninominal,-20.52275,-65.400186,36,.,.
Bolivia,Potosí,José María Linares,Ckochas,U.E. Eusebio Baltazar Flores,Oronckota,Uninominal,-19.596015,-64.849333,35,.,.
Bolivia,Potosí,José María Linares,"Caiza ""D""",U.E. Fragua,Fragua,Uninominal,-20.224251,-65.620291,35,.,.
Bolivia,Potosí,Nor Lipez,"Colcha ""K""",U.E. Franz Tamayo de Pillina Vilama,Pillina Vilama,Uninominal,-21.40448,-67.30692,36,.,.
Bolivia,Potosí,Nor Chichas,Vitiche,U.E. Fray Angello Stellini de Calvi,Calvi,Uninominal,-20.344108,-65.356529,36,.,.
Bolivia,Potosí,José María Linares,Puna (Villa Talavera),U.E. Fray Franco Valli Brogi De Suquicha,Suquicha,Uninominal,-19.82824,-65.288841,35,.,.
Bolivia,Potosí,José María Linares,Puna (Villa Talavera),U.E. Gerardo Maldini de Chacabuco (Estacion Chinoli),Chacabuco (Estancia Chinoli),Uninominal,-19.639462,-65.375652,35,.,.
Bolivia,Potosí,Antonio Quijarro,Porco,U.E. Gualberto Villarroel De Chichuyo,Chichuyo,Uninominal,-19.879061,-65.887629,36,.,.
Bolivia,Potosí,Chárcas,San Pedro,U.E. Hayra Kasa,Llallaguani,Uninominal,-18.199465,-65.908344,38,.,.
Bolivia,Potosí,Nor Lipez,"Colcha ""K""",U.E. Henry Laredo,Julaca,Uninominal,-20.911478,-67.566265,36,.,.
Bolivia,Potosí,Modesto Omiste,Villazón,U.E. Hornos,Hornos,Uninominal,-22.000264,-65.434063,37,.,.
Bolivia,Potosí,Daniel Campos,Llica,U.E. Huanaque,Huanaque,Uninominal,-20.019969,-68.33538,36,.,.
Bolivia,Potosí,Tomás Frías,Potosí,U.E. Humberto Iporre Salinas,Potosí,Uninominal,-19.567826,-65.74791,34,.,.
Bolivia,Potosí,José María Linares,Puna (Villa Talavera),U.E. Inchasi,Inchasi,Uninominal,-19.724921,-65.469423,35,.,.
Bolivia,Potosí,Tomás Frías,Tinguipaya,U.E. Ithinocka,Ithinoca,Uninominal,-19.183863,-65.751222,34,.,.
Bolivia,Potosí,Antonio Quijarro,Uyuni,U.E. Jaime De Zudañes,Uyuni,Uninominal,-20.464193,-66.82624,36,.,.
Bolivia,Potosí,Chayanta,Ravelo,U.E. Janina,Janina,Uninominal,-18.777374,-65.677934,39,.,.
Bolivia,Potosí,Alonso de Ibáñez,Sacaca,U.E. Jayu Jayu,Jayu Jayu,Uninominal,-18.162058,-66.382091,38,.,.
Bolivia,Potosí,Tomás Frías,Potosí,U.E. Jesus Valle,Potosí,Uninominal,-19.55191,-65.76522,34,.,.
Bolivia,Potosí,Daniel Campos,Tahua,U.E. John F. Kennedy,Oruro,Uninominal,-17.951101,-67.116768,29,.,.
Bolivia,Potosí,José María Linares,Puna (Villa Talavera),U.E. José Alonso De Ibañez,Marasa,Uninominal,-19.683239,-65.36339,35,.,.
Bolivia,Potosí,Nor Chichas,Cotagaita,U.E. José Alonzo De Ibañez,Buen Retiro,Uninominal,-20.611109,-66.17473,36,.,.
Bolivia,Potosí,Nor Lipez,"Colcha ""K""",U.E. José Ballivian,Gral. Ballivian,Uninominal,-17.078895,-68.464464,19,.,.
Bolivia,Potosí,Antonio Quijarro,Porco,U.E. José Maria Linares,Porco,Uninominal,-19.794601,-65.985779,36,.,.
Bolivia,Potosí,José María Linares,Puna (Villa Talavera),U.E. José Maria Linares A,Capaña,Uninominal,-19.668917,-65.314509,35,.,.
Bolivia,Potosí,Nor Chichas,Vitiche,U.E. Juan Pellegrini,Yawisla,Uninominal,-20.240621,-65.381848,36,.,.
Bolivia,Potosí,Antonio Quijarro,Uyuni,U.E. Juan Sanjinez,Candelaria de Viluyo,Uninominal,-19.696866,-67.18835,36,.,.
Bolivia,Potosí,Nor Lipez,"Colcha ""K""",U.E. Juana Azurduy,Yapacaní (Villa Busch),Uninominal,-17.412171,-63.903867,57,.,.
Bolivia,Potosí,Antonio Quijarro,Uyuni,U.E. Juana Azurduy De Padilla,Oploca,Uninominal,-21.337418,-65.805336,37,.,.
Bolivia,Potosí,Chayanta,Colquechaca,U.E. Juana Azurduy De Padilla De San Lazaro,Collpacochi,Uninominal,-18.745035,-66.024734,39,.,.
Bolivia,Potosí,Chárcas,Toro Toro,U.E. Julio Grande,Julo,Uninominal,-18.033755,-65.787795,38,.,.
Bolivia,Potosí,Antonio Quijarro,Tomave,U.E. Julio Laredo,Tatuca,Uninominal,-20.125192,-66.182159,36,.,.
Bolivia,Potosí,Antonio Quijarro,Uyuni,U.E. Katarina Krsul,Coroma,Uninominal,-19.529193,-66.810742,36,.,.
Bolivia,Potosí,José María Linares,Ckochas,U.E. Keluyo,Keluyo.,Uninominal,-19.844097,-65.18728,35,.,.
Bolivia,Potosí,Sud Chichas,Tupiza,U.E. Kenco,Kenco,Uninominal,-21.447948,-65.594891,37,.,.
Bolivia,Potosí,Alonso de Ibáñez,Caripuyo,U.E. Koakoani,Coacoani,Uninominal,-18.128432,-66.588003,38,.,.
Bolivia,Potosí,Nor Lipez,"Colcha ""K""",U.E. Ladislao Cabrera,Agua de Castilla (Nor Lipez),Uninominal,-21.063588,-66.548649,36,.,.
Bolivia,Potosí,José María Linares,Ckochas,U.E. Lajas,Lajas,Uninominal,-19.588462,-64.918128,35,.,.
Bolivia,Potosí,Nor Chichas,Cotagaita,U.E. Laytapi,Laytapi,Uninominal,-20.995282,-65.610422,36,.,.
Bolivia,Potosí,Tomás Frías,Tinguipaya,U.E. Leñas,Tambo Leñas,Uninominal,-19.247609,-66.082888,34,.,.
Bolivia,Potosí,Tomás Frías,Potosí,U.E. Liceo de Señoritas Maria Gutierrez,Potosí,Uninominal,-19.573995,-65.747849,34,.,.
Bolivia,Potosí,Alonso de Ibáñez,Sacaca,U.E. Llapa Llapa,Llapa Llapa,Uninominal,-18.09641,-66.359349,38,.,.
Bolivia,Potosí,Nor Lipez,"Colcha ""K""",U.E. Luis Espinal,Atulcha,Uninominal,-20.568718,-67.642467,36,.,.
Bolivia,Potosí,José María Linares,Puna (Villa Talavera),U.E. Luis Espinal De San Lorenzo,San Lorenzo,Uninominal,-19.802076,-65.323881,35,.,.
Bolivia,Potosí,Tomás Frías,Tinguipaya,U.E. Machac Marca,Titimalla,Uninominal,-19.163051,-65.940094,34,.,.
Bolivia,Potosí,Modesto Omiste,Villazón,U.E. Mantacillas,Mantacillas,Uninominal,-22.058746,-65.589956,37,.,.
Bolivia,Potosí,Daniel Campos,Llica,U.E. Manual Antonio Aguirre,Secsigua,Uninominal,-20.11889,-68.302389,36,.,.
Bolivia,Potosí,José María Linares,Ckochas,U.E. Manuel Ascencio Padilla,Huayllajara,Uninominal,-19.61906,-64.920998,35,.,.
Bolivia,Potosí,Nor Chichas,Cotagaita,U.E. Manuel José Cortez,Cotagaita,Uninominal,-20.814902,-65.658815,36,.,.
Bolivia,Potosí,Nor Chichas,Vitiche,U.E. Manuel Mora De Peckajsi,Peckajsi,Uninominal,-20.356234,-65.417768,36,.,.
Bolivia,Potosí,José María Linares,Puna (Villa Talavera),U.E. Mariscal Andres De Santa Cruz de Kepallo,Kepallo,Uninominal,-19.907496,-65.310726,35,.,.
Bolivia,Potosí,Antonio Quijarro,Uyuni,U.E. Mariscal Braun,Carhuaycollo,Uninominal,-19.515852,-66.658154,36,.,.
Bolivia,Potosí,Antonio Quijarro,Uyuni,U.E. Mariscal De Ayacucho,Carlos Machicao,Uninominal,-19.698625,-66.57069,36,.,.
Bolivia,Potosí,Antonio Quijarro,Tomave,U.E. Mariscal José De Sucre,Yura,Uninominal,-20.076102,-66.125044,36,.,.
Bolivia,Potosí,Cornelio Saavedra,Tacobamba,U.E. Marquiri,Huajchi Marquiri,Uninominal,-19.225386,-65.551889,35,.,.
Bolivia,Potosí,Nor Chichas,Cotagaita,U.E. Martin Primero De Urupalca,Uru Palca,Uninominal,-20.183497,-65.870947,36,.,.
Bolivia,Potosí,José María Linares,"Caiza ""D""",U.E. Mcal. Antonio José De Sucre De Tres Cruces,Tres Cruces Garnica,Uninominal,-19.871175,-65.546918,35,.,.
Bolivia,Potosí,José María Linares,Puna (Villa Talavera),U.E. Miculpaya,Miculpaya,Uninominal,-19.755058,-65.376107,35,.,.
Bolivia,Potosí,Antonio Quijarro,Uyuni,U.E. Miraflores,Uyuni,Uninominal,-20.452609,-66.83061,36,.,.
Bolivia,Potosí,Nor Chichas,Cotagaita,U.E. Mocko Pata,Mocko Pata,Uninominal,-20.741694,-65.82848,36,.,.
Bolivia,Potosí,José María Linares,Puna (Villa Talavera),U.E. Molino Pampa,Molino Pampa,Uninominal,-20.072056,-65.337299,35,.,.
Bolivia,Potosí,Modesto Omiste,Villazón,U.E. Monseñor Felix Gainza,Tambo,Uninominal,-21.737868,-65.565803,37,.,.
Bolivia,Potosí,Modesto Omiste,Villazón,U.E. Ojo De Agua,Ojo de Agua,Uninominal,-22.091494,-65.614371,37,.,.
Bolivia,Potosí,José María Linares,Puna (Villa Talavera),U.E. Otavi Simon Bolivar,Otavi,Uninominal,-20.050288,-65.333824,35,.,.
Bolivia,Potosí,Daniel Campos,Llica,U.E. Palaya,Palaya,Uninominal,-19.803489,-68.135733,36,.,.
Bolivia,Potosí,Nor Chichas,Cotagaita,U.E. Pampa Grande I,Pampa Grande,Uninominal,-20.708186,-65.398128,36,.,.
Bolivia,Potosí,José María Linares,Puna (Villa Talavera),U.E. Pampa Tambo,Pampa Tambo,Uninominal,-19.980286,-65.351895,35,.,.
Bolivia,Potosí,José María Linares,"Caiza ""D""",U.E. Pancochi,Pancochi,Uninominal,-20.177329,-65.675769,35,.,.
Bolivia,Potosí,Cornelio Saavedra,Betanzos,U.E. Paranavi Alto,Paranavi Alta,Uninominal,-19.334408,-65.39808,35,.,.
Bolivia,Potosí,Nor Chichas,Cotagaita,U.E. Pedro Domingo Murillo De Sagrario,Sagrario,Uninominal,-20.911624,-66.018695,36,.,.
Bolivia,Potosí,Nor Chichas,Cotagaita,U.E. Pedro Domingo Murillo de Calila,Calila,Uninominal,-20.247862,-65.692142,36,.,.
Bolivia,Potosí,Daniel Campos,Llica,U.E. Pedro Garcia Ignacio,Chacoma,Uninominal,-19.714909,-68.489101,36,.,.
Bolivia,Potosí,Antonio Quijarro,Uyuni,U.E. Potosi,Uyuni,Uninominal,-20.454916,-66.816992,36,.,.
Bolivia,Potosí,Cornelio Saavedra,Tacobamba,U.E. Potosillo,Potosillo,Uninominal,-19.030504,-65.575243,35,.,.
Bolivia,Potosí,Nor Chichas,Vitiche,U.E. Primo Martinez,Ari Palca,Uninominal,-20.553637,-65.492338,36,.,.
Bolivia,Potosí,Antonio Quijarro,Uyuni,U.E. Pulacayo A,Pulacayo,Uninominal,-20.388258,-66.699378,36,.,.
Bolivia,Potosí,Nor Chichas,Vitiche,U.E. Pulaxi,Pulaxi,Uninominal,-20.553835,-65.518228,36,.,.
Bolivia,Potosí,Tomás Frías,Tinguipaya,U.E. Puyju Pata,Puyju Pata,Uninominal,-19.179768,-65.725421,34,.,.
Bolivia,Potosí,Alonso de Ibáñez,Sacaca,U.E. Qachari,Cachari,Uninominal,-18.0565,-66.3351,38,.,.
Bolivia,Potosí,Nor Chichas,Cotagaita,U.E. Quechisla,Quechisla,Uninominal,-20.873893,-66.112315,36,.,.
Bolivia,Potosí,Alonso de Ibáñez,Caripuyo,U.E. Queñuani,Queñuani,Uninominal,-18.132583,-66.640215,38,.,.
Bolivia,Potosí,Modesto Omiste,Villazón,U.E. Rafael Quispe,Lampaya,Uninominal,-22.047425,-65.626665,37,.,.
Bolivia,Potosí,Nor Chichas,Cotagaita,U.E. Ramadas,Ramadas,Uninominal,-21.0874,-65.633046,36,.,.
Bolivia,Potosí,José María Linares,Puna (Villa Talavera),U.E. Raul Perez De Alkatuyo,Alkatuyo,Uninominal,-19.869577,-65.563943,35,.,.
Bolivia,Potosí,Antonio Quijarro,Tomave,U.E. Ricardo Cruz,Caracota,Uninominal,-20.085811,-65.920422,36,.,.
Bolivia,Potosí,Nor Lipez,"Colcha ""K""",U.E. Ricardo Rodriguez,San Cristobal,Uninominal,-21.154057,-67.16536,36,.,.
Bolivia,Potosí,Antonio Quijarro,Uyuni,U.E. Rio Mulato,R?¡o Mulato,Uninominal,-19.697705,-66.778547,36,.,.
Bolivia,Potosí,José María Linares,Ckochas,U.E. Rodeo Pampa,Rodeo Pampa,Uninominal,-19.792844,-64.833846,35,.,.
Bolivia,Potosí,Chárcas,San Pedro,U.E. Sacana,Sacana,Uninominal,-18.338503,-65.894656,38,.,.
Bolivia,Potosí,Tomás Frías,Yocalla,U.E. San Agustin de La Palca,La Palca,Uninominal,-19.541936,-65.833523,34,.,.
Bolivia,Potosí,Antonio Quijarro,Porco,U.E. San Antonio de Torcuyo,Torcuyo,Uninominal,-19.77855,-65.799768,36,.,.
Bolivia,Potosí,José María Linares,"Caiza ""D""",U.E. San Bartolome,Chillma,Uninominal,-19.941321,-65.731094,35,.,.
Bolivia,Potosí,Antonio Quijarro,Porco,U.E. San Gabriel De Condoriri,Condoriri,Uninominal,-19.741334,-65.925095,36,.,.
Bolivia,Potosí,Antonio Quijarro,Porco,U.E. San José de Topala,Topala,Uninominal,-19.804958,-65.904608,36,.,.
Bolivia,Potosí,Nor Chichas,Cotagaita,U.E. San Lorenzo,Mormorque,Uninominal,-20.787727,-65.397755,36,.,.
Bolivia,Potosí,José María Linares,Puna (Villa Talavera),U.E. San Miguel de Huaycaya,Huaycaya,Uninominal,-19.866671,-65.616917,35,.,.
Bolivia,Potosí,Nor Chichas,Vitiche,U.E. San Miguel de Tusquiña,Tusquiña,Uninominal,-20.285329,-65.325799,36,.,.
Bolivia,Potosí,Nor Chichas,Cotagaita,U.E. San Pedro de Checochi,Checochi,Uninominal,-20.223269,-65.835963,36,.,.
Bolivia,Potosí,Antonio Quijarro,Porco,U.E. Santa Maria de Churcuita,Churcuita,Uninominal,-19.840712,-65.817395,36,.,.
Bolivia,Potosí,Nor Chichas,Cotagaita,U.E. Santiago Wright,Tocla Rancho,Uninominal,-20.623479,-65.706006,36,.,.
Bolivia,Potosí,Nor Lipez,"Colcha ""K""",U.E. Simon Bolivar,Calluchani,Uninominal,-17.06216,-67.42189,18,.,.
Bolivia,Potosí,Nor Chichas,Cotagaita,U.E. Simon Bolivar A de Toropalca,Toropalca,Uninominal,-20.323759,-65.712814,36,.,.
Bolivia,Potosí,José María Linares,Ckochas,U.E. Suchina,Suchina Baja,Uninominal,-19.725233,-65.244838,35,.,.
Bolivia,Potosí,Chárcas,San Pedro,U.E. Suycoma,Suicoma,Uninominal,-18.432771,-66.038592,38,.,.
Bolivia,Potosí,Nor Chichas,Cotagaita,U.E. Tapchiquira,Tapchiquira,Uninominal,-20.415335,-65.792435,36,.,.
Bolivia,Potosí,Modesto Omiste,Villazón,U.E. Tinkuya,Tinkuya,Uninominal,-21.992531,-65.234641,37,.,.
Bolivia,Potosí,Nor Chichas,Vitiche,U.E. Tomas Frias,Phusuta Pampa,Uninominal,-18.506542,-66.378713,39,.,.
Bolivia,Potosí,Chayanta,Colquechaca,U.E. Tomas Katari de Viluyo,Viluyo,Uninominal,-18.680055,-65.868185,39,.,.
Bolivia,Potosí,Sud Chichas,Tupiza,U.E. Tomatas,Tomatas,Uninominal,-21.55275,-65.63702,37,.,.
Bolivia,Potosí,José María Linares,Puna (Villa Talavera),U.E. Turquiña,Turquiña,Uninominal,-19.792204,-65.270033,35,.,.
Bolivia,Potosí,Antonio Quijarro,Uyuni,U.E. Uyuni A,Uyuni,Uninominal,-20.457363,-66.817577,36,.,.
Bolivia,Potosí,Chárcas,Toro Toro,U.E. Vaqueria,Vaqueria,Uninominal,-18.140438,-65.869283,38,.,.
Bolivia,Potosí,José María Linares,Puna (Villa Talavera),U.E. Vilacaya,Vilacaya,Uninominal,-19.992621,-65.480341,35,.,.
Bolivia,Potosí,José María Linares,Puna (Villa Talavera),U.E. Vilamani,Vilamani,Uninominal,-19.955263,-65.400927,35,.,.
Bolivia,Potosí,Tomás Frías,Tinguipaya,U.E. Vilapampa,Vilapampa,Uninominal,-19.027224,-65.909728,34,.,.
Bolivia,Potosí,Nor Chichas,Cotagaita,U.E. Villa Concepcion,Villa Concepciñn,Uninominal,-20.964301,-65.571399,36,.,.
Bolivia,Potosí,Nor Chichas,Cotagaita,U.E. Villa Imperial de Vichacla,Vichacla,Uninominal,-20.632124,-65.587976,36,.,.
Bolivia,Potosí,Nor Chichas,Cotagaita,U.E. Villa San Lorenzo,Thapi Bajo,Uninominal,-21.01485,-65.81915,36,.,.
Bolivia,Potosí,Cornelio Saavedra,Betanzos,U.E. Villa Trapiche,Villa Trapiche,Uninominal,-19.418508,-65.536354,35,.,.
Bolivia,Potosí,Daniel Campos,Llica,U.E. Villque,Villque,Uninominal,-19.667455,-68.073191,36,.,.
Bolivia,Potosí,Alonso de Ibáñez,Sacaca,U.E.Pichuya,Pichuya,Uninominal,-18.012533,-66.370988,38,.,.
Bolivia,Potosí,Cornelio Saavedra,Tacobamba,Unid. Educ. Franz Tamayo,Tirina,Uninominal,-19.168176,-65.436093,35,.,.
Bolivia,Potosí,Tomás Frías,Potosí,Unid. Educ. Oscar Alfaro,Potosí,Uninominal,-19.58645,-65.74941,33,.,.
Bolivia,Potosí,Tomás Frías,Potosí,Unidad Educativa Juan Pablo II,Potosí,Uninominal,-19.57676,-65.77334,34,.,.
Bolivia,Potosí,Tomás Frías,Potosí,Unidad Educativa Mejillones,Potosí,Uninominal,-19.586291,-65.743696,33,.,.
Bolivia,Potosí,Sud Chichas,Atocha,Unidad Educativa Telamayu,Telamayu,Uninominal,-20.947572,-66.225139,37,.,.
Bolivia,Potosí,Tomás Frías,Potosí,Unidad Educativa Villa Colon,Potosí,Uninominal,-19.59098,-65.7385,33,.,.
Bolivia,Potosí,Sud Chichas,Tupiza,Veterinaria Sub Sede UATF,Tupiza,Uninominal,-21.437304,-65.72013,37,.,.
Bolivia,Potosí,Tomás Frías,Potosí,Instituto Tecnológico Superior Potosí - ETA Potosí (Temporal),Potosí,Uninominal,-19.596935,-65.752393,33,.,.
Bolivia,Potosí,Tomás Frías,Potosí,Centro Tecnológico Boliviano del Litio (Temporal),Potosí,Uninominal,-19.557725,-65.749626,34,.,.
Bolivia,Potosí,Tomás Frías,Potosí,Jardín de Infantes Niño Jesús (Temporal),Potosí,Uninominal,-19.57481,-65.760703,34,.,.
Bolivia,Potosí,Enrique Baldivieso,San Agustín,U.E. Unión Progreso,Cerro Gordo,Uninominal,-21.519512,-67.358287,36,.,.
Bolivia,Potosí,Chárcas,Toro Toro,Salón Comunal,Rodeo,Uninominal,-18.184795,-65.707638,38,.,.
Bolivia,Santa Cruz,Ñuflo De Chávez,Concepción,U.E. 19 de Marzo,Santa Cruz de la Sierra,Uninominal,-17.86819,-63.08685,49,.,.
Bolivia,Santa Cruz,Andrés Ibáñez,Santa Cruz de La Sierra,1ro. De Agosto A (Temporal),Santa Cruz de la Sierra,Uninominal,-17.838197,-63.152946,49,.,.
Bolivia,Santa Cruz,Warnes,Warnes,U.E. Elvira Castedo Vda. de Jordán,Warnes,Uninominal,-17.50447,-63.15848,57,.,.
Bolivia,Santa Cruz,Obispo Santistéban,Montero,(Cárcel) Cárcel Pública de Montero,Montero,Uninominal,-17.311191,-63.208493,52,.,.
Bolivia,Santa Cruz,Andrés Ibáñez,Santa Cruz de La Sierra,12 de Abril (Modulo 20 de Junio)  (Temporal),Santa Cruz de la Sierra,Uninominal,-17.80058,-63.136902,47,.,.
Bolivia,Santa Cruz,Velasco,San Ignacio,15 de Agosto,Chirimoya-Tierra Hermosa,Uninominal,-15.23837,-61.215629,54,.,.
Bolivia,Santa Cruz,Andrés Ibáñez,Santa Cruz de La Sierra,16 de Febrero,Santa Cruz de la Sierra,Uninominal,-17.74796,-63.098754,46,.,.
Bolivia,Santa Cruz,Andrés Ibáñez,Santa Cruz de La Sierra,16 de Julio,Santa Cruz de la Sierra,Uninominal,-17.755441,-63.111464,46,.,.
Bolivia,Santa Cruz,Warnes,Warnes,26 de Marzo,Satélite Norte,Uninominal,-17.58807,-63.13284,57,.,.
Bolivia,Santa Cruz,Andrés Ibáñez,Santa Cruz de La Sierra,Angelina Rivera,Santa Cruz de la Sierra,Uninominal,-17.85304,-63.17871,49,.,.
Bolivia,Santa Cruz,Cordillera,Camiri,Aulas U.A.G.R.M.,Camiri,Uninominal,-20.03783,-63.52124,55,.,.
Bolivia,Santa Cruz,Andrés Ibáñez,La Guardia,Cambao,El Carmen (Ibañez),Uninominal,-17.87344,-63.23442,55,.,.
Bolivia,Santa Cruz,Vallegrande,Vallegrande,Camino comunal,Manchones,Uninominal,-18.764404,-63.985462,56,.,.
Bolivia,Santa Cruz,Andrés Ibáñez,Santa Cruz de La Sierra,Campus Universitario,Santa Cruz de la Sierra,Uninominal,-17.77396,-63.1925,44,.,.
Bolivia,Santa Cruz,Ñuflo De Chávez,San Julian,Centro de Educacion Alternativa Marcelo Quiroga Santa Cruz (Temporal),San Julian,Uninominal,-16.904289,-62.615541,53,.,.
Bolivia,Santa Cruz,Andrés Ibáñez,Santa Cruz de La Sierra,Col.  Anita Suarez De Leygue,Santa Cruz de la Sierra,Uninominal,-17.825613,-63.240619,51,.,.
Bolivia,Santa Cruz,Andrés Ibáñez,Santa Cruz de La Sierra,Col.  Pedro Añez,Santa Cruz de la Sierra,Uninominal,-17.76698,-63.11894,46,.,.
Bolivia,Santa Cruz,Andrés Ibáñez,Santa Cruz de La Sierra,Col.  Placido Molilna,Santa Cruz de la Sierra,Uninominal,-17.79406,-63.19062,51,.,.
Bolivia,Santa Cruz,Andrés Ibáñez,Santa Cruz de La Sierra,Col. 12 de Diciembre,Santa Cruz de la Sierra,Uninominal,-17.820995,-63.130682,48,.,.
Bolivia,Santa Cruz,Andrés Ibáñez,Santa Cruz de La Sierra,Col. 18 de Marzo,Santa Cruz de la Sierra,Uninominal,-17.78999,-63.12068,47,.,.
Bolivia,Santa Cruz,Andrés Ibáñez,Santa Cruz de La Sierra,Col. 24 de Septiembre,Santa Cruz de la Sierra,Uninominal,-17.764197,-63.154186,45,.,.
Bolivia,Santa Cruz,Andrés Ibáñez,Santa Cruz de La Sierra,Col. 30 de Marzo,Santa Cruz de la Sierra,Uninominal,-17.80647,-63.14708,48,.,.
Bolivia,Santa Cruz,Andrés Ibáñez,Santa Cruz de La Sierra,Col. 7 de Septiembre,Santa Cruz de la Sierra,Uninominal,-17.729651,-63.170938,44,.,.
Bolivia,Santa Cruz,Andrés Ibáñez,Santa Cruz de La Sierra,Col. Adventista Santa Cruz,Santa Cruz de la Sierra,Uninominal,-17.73494,-63.16123,45,.,.
Bolivia,Santa Cruz,Andrés Ibáñez,Santa Cruz de La Sierra,Col. Alan Farah,Santa Cruz de la Sierra,Uninominal,-17.79962,-63.0952,47,.,.
Bolivia,Santa Cruz,Andrés Ibáñez,Santa Cruz de La Sierra,Col. Alfa y Omega,Santa Cruz de la Sierra,Uninominal,-17.80245,-63.18944,51,.,.
Bolivia,Santa Cruz,Andrés Ibáñez,Santa Cruz de La Sierra,Col. American School Coop.,Santa Cruz de la Sierra,Uninominal,-17.80452,-63.2041,51,.,.
Bolivia,Santa Cruz,Obispo Santistéban,Montero,Col. Angel Limpias,Montero,Uninominal,-17.344556,-63.234855,52,.,.
Bolivia,Santa Cruz,Andrés Ibáñez,Santa Cruz de La Sierra,Col. Angela Pinckert,Santa Cruz de la Sierra,Uninominal,-17.80643,-63.12423,48,.,.
Bolivia,Santa Cruz,Andrés Ibáñez,Santa Cruz de La Sierra,Col. Antonio Vicente Seoane,Santa Cruz de la Sierra,Uninominal,-17.80136,-63.19352,51,.,.
Bolivia,Santa Cruz,Andrés Ibáñez,Santa Cruz de La Sierra,Col. Arturo Medeiros,Santa Cruz de la Sierra,Uninominal,-17.723379,-63.190904,44,.,.
Bolivia,Santa Cruz,Andrés Ibáñez,Santa Cruz de La Sierra,Col. Arz. Daniel Rivero,Santa Cruz de la Sierra,Uninominal,-17.78975,-63.18145,51,.,.
Bolivia,Santa Cruz,Andrés Ibáñez,Santa Cruz de La Sierra,Col. Bailon Mercado Ortiz,Santa Cruz de la Sierra,Uninominal,-17.75771,-63.16036,45,.,.
Bolivia,Santa Cruz,Andrés Ibáñez,Santa Cruz de La Sierra,Col. Basilio De Cuellar,Santa Cruz de la Sierra,Uninominal,-17.7843,-63.1786,45,.,.
Bolivia,Santa Cruz,Andrés Ibáñez,Santa Cruz de La Sierra,Col. Batallon Tren,Santa Cruz de la Sierra,Uninominal,-17.79344,-63.12371,47,.,.
Bolivia,Santa Cruz,Andrés Ibáñez,Santa Cruz de La Sierra,Col. Bertha Cuellar,Santa Cruz de la Sierra,Uninominal,-17.78985,-63.13752,47,.,.
Bolivia,Santa Cruz,Andrés Ibáñez,Santa Cruz de La Sierra,Col. Britanico,Santa Cruz de la Sierra,Uninominal,-17.7643,-63.17352,45,.,.
Bolivia,Santa Cruz,Andrés Ibáñez,Santa Cruz de La Sierra,Col. Buenas Nuevas,Santa Cruz de la Sierra,Uninominal,-17.8226,-63.13937,48,.,.
Bolivia,Santa Cruz,Andrés Ibáñez,Santa Cruz de La Sierra,Col. Cardenal Cushing Jesus Maria,Santa Cruz de la Sierra,Uninominal,-17.79161,-63.18533,51,.,.
Bolivia,Santa Cruz,Andrés Ibáñez,Santa Cruz de La Sierra,Col. Carmen Ortiz De Peredo,Santa Cruz de la Sierra,Uninominal,-17.75337,-63.1739,45,.,.
Bolivia,Santa Cruz,Andrés Ibáñez,Santa Cruz de La Sierra,Col. Castilla La Mancha,Santa Cruz de la Sierra,Uninominal,-17.85068,-63.06415,49,.,.
Bolivia,Santa Cruz,Andrés Ibáñez,Santa Cruz de La Sierra,Col. Cañada Pailitas,Santa Cruz de la Sierra,Uninominal,-17.81992,-63.14665,48,.,.
Bolivia,Santa Cruz,Andrés Ibáñez,Santa Cruz de La Sierra,Col. Central Obrera Departamental,Santa Cruz de la Sierra,Uninominal,-17.808349,-63.103957,47,.,.
Bolivia,Santa Cruz,Andrés Ibáñez,Santa Cruz de La Sierra,Col. Centro Aprondy,Santa Cruz de la Sierra,Uninominal,-17.772127,-63.15501,45,.,.
Bolivia,Santa Cruz,Andrés Ibáñez,Santa Cruz de La Sierra,Col. Centro Educativo Caritas,Santa Cruz de la Sierra,Uninominal,-17.83982,-63.185588,50,.,.
Bolivia,Santa Cruz,Andrés Ibáñez,Santa Cruz de La Sierra,Col. Centro Interno Bol. Aleman,Santa Cruz de la Sierra,Uninominal,-17.82509,-63.11688,48,.,.
Bolivia,Santa Cruz,Andrés Ibáñez,Santa Cruz de La Sierra,Col. Ciudad Niño Jesus,Santa Cruz de la Sierra,Uninominal,-17.82738,-63.18233,50,.,.
Bolivia,Santa Cruz,Andrés Ibáñez,Santa Cruz de La Sierra,Col. Club De Leones,Santa Cruz de la Sierra,Uninominal,-17.790739,-63.168952,45,.,.
Bolivia,Santa Cruz,Andrés Ibáñez,Santa Cruz de La Sierra,Col. Club De Leones #10 (Máximo Diescher),Santa Cruz de la Sierra,Uninominal,-17.778898,-63.158033,45,.,.
Bolivia,Santa Cruz,Andrés Ibáñez,Santa Cruz de La Sierra,Col. Club De Leones #6,Santa Cruz de la Sierra,Uninominal,-17.7943,-63.18416,51,.,.
Bolivia,Santa Cruz,Andrés Ibáñez,Santa Cruz de La Sierra,Col. Complejo Educativo Japon,Santa Cruz de la Sierra,Uninominal,-17.80635,-63.18984,51,.,.
Bolivia,Santa Cruz,Andrés Ibáñez,Santa Cruz de La Sierra,Col. Covipal,Santa Cruz de la Sierra,Uninominal,-17.83965,-63.23657,50,.,.
Bolivia,Santa Cruz,Andrés Ibáñez,Santa Cruz de La Sierra,Col. Cupesi Terrado,Santa Cruz de la Sierra,Uninominal,-17.81237,-63.09699,48,.,.
Bolivia,Santa Cruz,Obispo Santistéban,Montero,Col. Daniel Rivero,Montero,Uninominal,-17.341276,-63.244606,52,.,.
Bolivia,Santa Cruz,Andrés Ibáñez,Santa Cruz de La Sierra,Col. Dios es Amor,Santa Cruz de la Sierra,Uninominal,-17.78535,-63.16571,45,.,.
Bolivia,Santa Cruz,Andrés Ibáñez,Santa Cruz de La Sierra,Col. Domingo Leigue (Boliviano Canadiense),Santa Cruz de la Sierra,Uninominal,-17.77073,-63.16274,45,.,.
Bolivia,Santa Cruz,Obispo Santistéban,Montero,Col. Eduardo Abaroa,Montero,Uninominal,-17.323161,-63.239015,52,.,.
Bolivia,Santa Cruz,Andrés Ibáñez,Santa Cruz de La Sierra,Col. Educativo Cotoca,Santa Cruz de la Sierra,Uninominal,-17.74604,-63.11758,46,.,.
Bolivia,Santa Cruz,Andrés Ibáñez,Santa Cruz de La Sierra,Col. Educativo San Isidro,Santa Cruz de la Sierra,Uninominal,-17.80816,-63.13194,48,.,.
Bolivia,Santa Cruz,Andrés Ibáñez,Santa Cruz de La Sierra,Col. El Buen Samaritano,Santa Cruz de la Sierra,Uninominal,-17.81198,-63.08056,47,.,.
Bolivia,Santa Cruz,Andrés Ibáñez,Santa Cruz de La Sierra,Col. El Pajonal,Santa Cruz de la Sierra,Uninominal,-17.81264,-63.16722,45,.,.
Bolivia,Santa Cruz,Andrés Ibáñez,Santa Cruz de La Sierra,Col. Esc.  Amsterdan,Santa Cruz de la Sierra,Uninominal,-17.85901,-63.14972,49,.,.
Bolivia,Santa Cruz,Andrés Ibáñez,Santa Cruz de La Sierra,Col. Esc. 29 De Diciembre,Santa Cruz de la Sierra,Uninominal,-17.809711,-63.211565,51,.,.
Bolivia,Santa Cruz,Andrés Ibáñez,Santa Cruz de La Sierra,Col. Esc. Coronel Ignacio Warnes,Santa Cruz de la Sierra,Uninominal,-17.78679,-63.1825,51,.,.
Bolivia,Santa Cruz,Andrés Ibáñez,Santa Cruz de La Sierra,Col. Esc. Gral. Ismael Montes Gamboa,Santa Cruz de la Sierra,Uninominal,-17.744658,-63.109784,46,.,.
Bolivia,Santa Cruz,Andrés Ibáñez,Santa Cruz de La Sierra,Col. Esc. Hilanderia,Santa Cruz de la Sierra,Uninominal,-17.80578,-63.21956,51,.,.
Bolivia,Santa Cruz,Andrés Ibáñez,Santa Cruz de La Sierra,Col. Esc. Holanda,Santa Cruz de la Sierra,Uninominal,-17.88406,-63.19473,50,.,.
Bolivia,Santa Cruz,Andrés Ibáñez,Santa Cruz de La Sierra,Col. Esc. Honorato Mejia,Santa Cruz de la Sierra,Uninominal,-17.861447,-63.213668,50,.,.
Bolivia,Santa Cruz,Andrés Ibáñez,Santa Cruz de La Sierra,Col. Esc. Inocencio Roman,Santa Cruz de la Sierra,Uninominal,-17.85023,-63.06305,49,.,.
Bolivia,Santa Cruz,Andrés Ibáñez,Santa Cruz de La Sierra,Col. Esc. Juana Azurduy De Padilla,Santa Cruz de la Sierra,Uninominal,-17.84618,-63.10905,49,.,.
Bolivia,Santa Cruz,Andrés Ibáñez,Santa Cruz de La Sierra,Col. Esc. La Base,Santa Cruz de la Sierra,Uninominal,-17.830009,-63.213665,51,.,.
Bolivia,Santa Cruz,Andrés Ibáñez,Santa Cruz de La Sierra,Col. Esc. Max Fernandez Rojas B,Santa Cruz de la Sierra,Uninominal,-17.87381,-63.16543,50,.,.
Bolivia,Santa Cruz,Andrés Ibáñez,Santa Cruz de La Sierra,Col. Esc. Naun Fernandez,Santa Cruz de la Sierra,Uninominal,-17.832721,-63.174044,50,.,.
Bolivia,Santa Cruz,Andrés Ibáñez,Santa Cruz de La Sierra,Col. Esc. Peregrina Davalos,Santa Cruz de la Sierra,Uninominal,-17.87231,-63.16763,50,.,.
Bolivia,Santa Cruz,Andrés Ibáñez,Santa Cruz de La Sierra,Col. Esc. Roca Coronado,Santa Cruz de la Sierra,Uninominal,-17.83748,-63.15992,49,.,.
Bolivia,Santa Cruz,Andrés Ibáñez,Santa Cruz de La Sierra,Col. Esc. Tierras Nuevas El Carmen,Santa Cruz de la Sierra,Uninominal,-17.845092,-63.21467,50,.,.
Bolivia,Santa Cruz,Andrés Ibáñez,Santa Cruz de La Sierra,Col. Esc. Unzaga De La Vega,Santa Cruz de la Sierra,Uninominal,-17.82803,-63.22689,51,.,.
Bolivia,Santa Cruz,Andrés Ibáñez,Santa Cruz de La Sierra,Col. Esc. Virgen De Urkupina,Santa Cruz de la Sierra,Uninominal,-17.836865,-63.11487,48,.,.
Bolivia,Santa Cruz,Andrés Ibáñez,Santa Cruz de La Sierra,Col. Escuela 2 De Agosto,Santa Cruz de la Sierra,Uninominal,-17.75298,-63.15519,45,.,.
Bolivia,Santa Cruz,Andrés Ibáñez,Santa Cruz de La Sierra,Col. Escuela Ambrocio Villarroel,Santa Cruz de la Sierra,Uninominal,-17.790131,-63.226198,51,.,.
Bolivia,Santa Cruz,Andrés Ibáñez,Santa Cruz de La Sierra,Col. Escuela Bolivia Holanda,Santa Cruz de la Sierra,Uninominal,-17.86903,-63.14489,49,.,.
Bolivia,Santa Cruz,Andrés Ibáñez,Santa Cruz de La Sierra,Col. Escuela Delcy Martinez Salinas,Santa Cruz de la Sierra,Uninominal,-17.84095,-63.15478,49,.,.
Bolivia,Santa Cruz,Andrés Ibáñez,Santa Cruz de La Sierra,Col. Escuela El Fuerte,Santa Cruz de la Sierra,Uninominal,-17.84582,-63.14807,49,.,.
Bolivia,Santa Cruz,Andrés Ibáñez,Santa Cruz de La Sierra,Col. Escuela Jorge Urenda Trigo,Santa Cruz de la Sierra,Uninominal,-17.81518,-63.23063,51,.,.
Bolivia,Santa Cruz,Andrés Ibáñez,Santa Cruz de La Sierra,Col. Escuela Magisterio,Santa Cruz de la Sierra,Uninominal,-17.76229,-63.15523,45,.,.
Bolivia,Santa Cruz,Andrés Ibáñez,Santa Cruz de La Sierra,Col. Escuela Nueva Esperanza,Santa Cruz de la Sierra,Uninominal,-17.832749,-63.074306,48,.,.
Bolivia,Santa Cruz,Andrés Ibáñez,Santa Cruz de La Sierra,Col. Escuela Poly Villarroel,Santa Cruz de la Sierra,Uninominal,-17.8723,-63.1315,49,.,.
Bolivia,Santa Cruz,Andrés Ibáñez,Santa Cruz de La Sierra,Col. Escuela Sara Porras De Pinto,Santa Cruz de la Sierra,Uninominal,-17.79663,-63.22218,51,.,.
Bolivia,Santa Cruz,Andrés Ibáñez,Santa Cruz de La Sierra,Col. Fausto Medrano,Santa Cruz de la Sierra,Uninominal,-17.78748,-63.12659,47,.,.
Bolivia,Santa Cruz,Andrés Ibáñez,Santa Cruz de La Sierra,Col. Fe y Alegria,Santa Cruz de la Sierra,Uninominal,-17.79493,-63.13117,47,.,.
Bolivia,Santa Cruz,Andrés Ibáñez,Santa Cruz de La Sierra,Col. Fe y Alegria - Aniceto Arze,Santa Cruz de la Sierra,Uninominal,-17.7986,-63.15612,45,.,.
Bolivia,Santa Cruz,Andrés Ibáñez,Santa Cruz de La Sierra,Col. Fe y Alegria La Merced,Santa Cruz de la Sierra,Uninominal,-17.78853,-63.19189,51,.,.
Bolivia,Santa Cruz,Andrés Ibáñez,Santa Cruz de La Sierra,Col. Fe y Alegria Nueva America,Santa Cruz de la Sierra,Uninominal,-17.82978,-63.13412,48,.,.
Bolivia,Santa Cruz,Andrés Ibáñez,Santa Cruz de La Sierra,Col. Felix Bascope,Santa Cruz de la Sierra,Uninominal,-17.79648,-63.14538,47,.,.
Bolivia,Santa Cruz,Andrés Ibáñez,Santa Cruz de La Sierra,Col. Felix Bascope Sanandita,Santa Cruz de la Sierra,Uninominal,-17.783358,-63.151288,45,.,.
Bolivia,Santa Cruz,Andrés Ibáñez,Santa Cruz de La Sierra,Col. Gabriel René Moreno,Santa Cruz de la Sierra,Uninominal,-17.78357,-63.18595,44,.,.
Bolivia,Santa Cruz,Andrés Ibáñez,Santa Cruz de La Sierra,Col. Gaston Guillaux,Santa Cruz de la Sierra,Uninominal,-17.778769,-63.170991,45,.,.
Bolivia,Santa Cruz,Andrés Ibáñez,Santa Cruz de La Sierra,Col. Gilberto Menacho,Santa Cruz de la Sierra,Uninominal,-17.79899,-63.12507,47,.,.
Bolivia,Santa Cruz,Andrés Ibáñez,Santa Cruz de La Sierra,Col. Guapilo Junin,Santa Cruz de la Sierra,Uninominal,-17.79171,-63.10236,47,.,.
Bolivia,Santa Cruz,Obispo Santistéban,Montero,Col. Guillermo Kruegler,Montero,Uninominal,-17.34654,-63.262484,52,.,.
Bolivia,Santa Cruz,Andrés Ibáñez,Santa Cruz de La Sierra,Col. Henrry Prince,Santa Cruz de la Sierra,Uninominal,-17.811941,-63.207249,51,.,.
Bolivia,Santa Cruz,Andrés Ibáñez,Santa Cruz de La Sierra,Col. Hermanos Cavanis,Santa Cruz de la Sierra,Uninominal,-17.81549,-63.22014,51,.,.
Bolivia,Santa Cruz,Andrés Ibáñez,Santa Cruz de La Sierra,Col. Hernando Siles,Santa Cruz de la Sierra,Uninominal,-17.861553,-63.175753,50,.,.
Bolivia,Santa Cruz,Andrés Ibáñez,Santa Cruz de La Sierra,Col. Heroes Del Chaco,Santa Cruz de la Sierra,Uninominal,-17.801187,-63.144536,48,.,.
Bolivia,Santa Cruz,Andrés Ibáñez,Santa Cruz de La Sierra,Col. Hispano Americano,Santa Cruz de la Sierra,Uninominal,-17.79934,-63.13283,47,.,.
Bolivia,Santa Cruz,Andrés Ibáñez,Santa Cruz de La Sierra,Col. Hnas. Arredondo (Col. Jesus Peredo),Santa Cruz de la Sierra,Uninominal,-17.78474,-63.20106,44,.,.
Bolivia,Santa Cruz,Cordillera,Camiri,Col. Hugo Arteaga,Camiri,Uninominal,-20.03587,-63.51498,55,.,.
Bolivia,Santa Cruz,Andrés Ibáñez,Santa Cruz de La Sierra,Col. Humberto Eguez,Santa Cruz de la Sierra,Uninominal,-17.79594,-63.11185,47,.,.
Bolivia,Santa Cruz,Andrés Ibáñez,Santa Cruz de La Sierra,Col. Inst. Domingo Savio,Santa Cruz de la Sierra,Uninominal,-17.75908,-63.17353,45,.,.
Bolivia,Santa Cruz,Andrés Ibáñez,Santa Cruz de La Sierra,Col. Instituto Americano Juan Wesley,Santa Cruz de la Sierra,Uninominal,-17.78164,-63.16511,45,.,.
Bolivia,Santa Cruz,Andrés Ibáñez,Santa Cruz de La Sierra,Col. Internacional (Bethesda),Santa Cruz de la Sierra,Uninominal,-17.829402,-63.220349,50,.,.
Bolivia,Santa Cruz,Andrés Ibáñez,Santa Cruz de La Sierra,Col. Jhon Kennedy,Santa Cruz de la Sierra,Uninominal,-17.78818,-63.19871,51,.,.
Bolivia,Santa Cruz,Obispo Santistéban,Montero,Col. José Cronembol,Montero,Uninominal,-17.35259,-63.25688,52,.,.
Bolivia,Santa Cruz,Andrés Ibáñez,Santa Cruz de La Sierra,Col. José Malky Jesus Maria,Santa Cruz de la Sierra,Uninominal,-17.808084,-63.181435,51,.,.
Bolivia,Santa Cruz,Andrés Ibáñez,Santa Cruz de La Sierra,Col. Joséfina Goytia,Santa Cruz de la Sierra,Uninominal,-17.79632,-63.17068,45,.,.
Bolivia,Santa Cruz,Andrés Ibáñez,Santa Cruz de La Sierra,Col. Juan La Borde Morel,Santa Cruz de la Sierra,Uninominal,-17.72277,-63.16035,44,.,.
Bolivia,Santa Cruz,Andrés Ibáñez,Santa Cruz de La Sierra,Col. Juan Pablo II,Santa Cruz de la Sierra,Uninominal,-17.80667,-63.169512,45,.,.
Bolivia,Santa Cruz,Obispo Santistéban,Montero,Col. Juan Zabala,Villa Fátima (Guabirá),Uninominal,-17.313657,-63.27181,52,.,.
Bolivia,Santa Cruz,Andrés Ibáñez,Santa Cruz de La Sierra,Col. Julio A. Gutierrez,Santa Cruz de la Sierra,Uninominal,-17.79789,-63.18236,51,.,.
Bolivia,Santa Cruz,Andrés Ibáñez,Santa Cruz de La Sierra,Col. Kinder Fanny Antelo,Santa Cruz de la Sierra,Uninominal,-17.75532,-63.15987,45,.,.
Bolivia,Santa Cruz,Andrés Ibáñez,Santa Cruz de La Sierra,Col. La Madre,Santa Cruz de la Sierra,Uninominal,-17.781252,-63.209141,44,.,.
Bolivia,Santa Cruz,Andrés Ibáñez,Santa Cruz de La Sierra,Col. La Santa Cruz,Santa Cruz de la Sierra,Uninominal,-17.76664,-63.17908,45,.,.
Bolivia,Santa Cruz,Andrés Ibáñez,Santa Cruz de La Sierra,Col. Las Americas II,Santa Cruz de la Sierra,Uninominal,-17.86217,-63.19033,50,.,.
Bolivia,Santa Cruz,Andrés Ibáñez,Santa Cruz de La Sierra,Col. Liceo Maria Vacadiez,Santa Cruz de la Sierra,Uninominal,-17.76587,-63.16927,45,.,.
Bolivia,Santa Cruz,Andrés Ibáñez,Santa Cruz de La Sierra,Col. Luis Barranco Alvarez,Santa Cruz de la Sierra,Uninominal,-17.84258,-63.12068,49,.,.
Bolivia,Santa Cruz,Andrés Ibáñez,Santa Cruz de La Sierra,Col. Luis Espinal Campos,Santa Cruz de la Sierra,Uninominal,-17.86751,-63.16032,49,.,.
Bolivia,Santa Cruz,Andrés Ibáñez,Santa Cruz de La Sierra,Col. Luz Y Saber II,Santa Cruz de la Sierra,Uninominal,-17.73533,-63.14804,44,.,.
Bolivia,Santa Cruz,Andrés Ibáñez,Santa Cruz de La Sierra,Col. M. Nelly Vda. De Bertero,Santa Cruz de la Sierra,Uninominal,-17.81427,-63.11536,48,.,.
Bolivia,Santa Cruz,Andrés Ibáñez,Santa Cruz de La Sierra,Col. Madre Clara Ricci (Jesus Roman Vaca,Santa Cruz de la Sierra,Uninominal,-17.79584,-63.14016,47,.,.
Bolivia,Santa Cruz,Andrés Ibáñez,Santa Cruz de La Sierra,Col. Magdalena Postel,Santa Cruz de la Sierra,Uninominal,-17.820051,-63.180459,45,.,.
Bolivia,Santa Cruz,Obispo Santistéban,Montero,Col. Marceliano Montero,Montero,Uninominal,-17.347172,-63.253634,52,.,.
Bolivia,Santa Cruz,Obispo Santistéban,Montero,Col. Marcos Chavez,Montero,Uninominal,-17.35353,-63.24632,52,.,.
Bolivia,Santa Cruz,Andrés Ibáñez,Santa Cruz de La Sierra,Col. Maria Teresa Pulido,Santa Cruz de la Sierra,Uninominal,-17.8336,-63.1305,48,.,.
Bolivia,Santa Cruz,Andrés Ibáñez,Santa Cruz de La Sierra,Col. Mariscal Sucre,Santa Cruz de la Sierra,Uninominal,-17.77866,-63.15338,45,.,.
Bolivia,Santa Cruz,Andrés Ibáñez,Santa Cruz de La Sierra,Col. Mateo Kuljis Secundario,Santa Cruz de la Sierra,Uninominal,-17.837704,-63.225394,50,.,.
Bolivia,Santa Cruz,Andrés Ibáñez,Santa Cruz de La Sierra,Col. Mirette Sciaroni,Santa Cruz de la Sierra,Uninominal,-17.76269,-63.18918,44,.,.
Bolivia,Santa Cruz,Andrés Ibáñez,Santa Cruz de La Sierra,Col. Modulo # 5 Elva Antelo Jordan,Santa Cruz de la Sierra,Uninominal,-17.860051,-63.167451,49,.,.
Bolivia,Santa Cruz,Andrés Ibáñez,Santa Cruz de La Sierra,Col. Modulo Flamingo,Santa Cruz de la Sierra,Uninominal,-17.822854,-63.213693,51,.,.
Bolivia,Santa Cruz,Andrés Ibáñez,Santa Cruz de La Sierra,Col. Nacional 9 De Octubre,Santa Cruz de la Sierra,Uninominal,-17.844283,-63.156736,49,.,.
Bolivia,Santa Cruz,Ñuflo De Chávez,Cuatro Cañadas,Col. Nacional Cuatro Cañandas,Cuatro Cañadas,Uninominal,-17.27547,-62.55971,53,.,.
Bolivia,Santa Cruz,Andrés Ibáñez,Santa Cruz de La Sierra,Col. Nacional Florida,Santa Cruz de la Sierra,Uninominal,-17.790386,-63.180267,45,.,.
Bolivia,Santa Cruz,Obispo Santistéban,Montero,Col. Nacional Guabira,Villa Fátima (Guabirá),Uninominal,-17.307656,-63.266133,52,.,.
Bolivia,Santa Cruz,Andrés Ibáñez,Santa Cruz de La Sierra,Col. Nacional Salesiano,Santa Cruz de la Sierra,Uninominal,-17.78925,-63.16814,45,.,.
Bolivia,Santa Cruz,Andrés Ibáñez,Santa Cruz de La Sierra,Col. Nimia Centella,Santa Cruz de la Sierra,Uninominal,-17.78436,-63.11775,47,.,.
Bolivia,Santa Cruz,Andrés Ibáñez,Santa Cruz de La Sierra,Col. Normandia Joséfina Balsamo,Santa Cruz de la Sierra,Uninominal,-17.84974,-63.06764,49,.,.
Bolivia,Santa Cruz,Andrés Ibáñez,Santa Cruz de La Sierra,Col. Nueva Esperanza,Santa Cruz de la Sierra,Uninominal,-17.74375,-63.14962,45,.,.
Bolivia,Santa Cruz,Andrés Ibáñez,Santa Cruz de La Sierra,Col. Obispo Santistevan,Santa Cruz de la Sierra,Uninominal,-17.78578,-63.1792,45,.,.
Bolivia,Santa Cruz,Andrés Ibáñez,Santa Cruz de La Sierra,Col. Oscar Arnulfo,Santa Cruz de la Sierra,Uninominal,-17.82932,-63.23433,51,.,.
Bolivia,Santa Cruz,Andrés Ibáñez,Santa Cruz de La Sierra,Col. Ovidio Santistevan,Santa Cruz de la Sierra,Uninominal,-17.74906,-63.19029,44,.,.
Bolivia,Santa Cruz,Andrés Ibáñez,Santa Cruz de La Sierra,Col. Pablo Sexto,Santa Cruz de la Sierra,Uninominal,-17.764242,-63.16352,45,.,.
Bolivia,Santa Cruz,Andrés Ibáñez,Santa Cruz de La Sierra,Col. Pampa De La Cruz,Santa Cruz de la Sierra,Uninominal,-17.79276,-63.12878,47,.,.
Bolivia,Santa Cruz,Andrés Ibáñez,Santa Cruz de La Sierra,Col. Pampa De La Isla,Santa Cruz de la Sierra,Uninominal,-17.77277,-63.12679,47,.,.
Bolivia,Santa Cruz,Andrés Ibáñez,Santa Cruz de La Sierra,Col. Part. Alfred B. Nobel,Santa Cruz de la Sierra,Uninominal,-17.85304,-63.19432,50,.,.
Bolivia,Santa Cruz,Andrés Ibáñez,Santa Cruz de La Sierra,Col. Pedro Gutierrez,Santa Cruz de la Sierra,Uninominal,-17.7553,-63.16812,45,.,.
Bolivia,Santa Cruz,Andrés Ibáñez,Santa Cruz de La Sierra,Col. Polifuncional Calama,Santa Cruz de la Sierra,Uninominal,-17.837183,-63.218863,50,.,.
Bolivia,Santa Cruz,Andrés Ibáñez,Santa Cruz de La Sierra,Col. Primavera,Santa Cruz de la Sierra,Uninominal,-17.81673,-63.1032,48,.,.
Bolivia,Santa Cruz,Obispo Santistéban,General Saavedra,Col. Principe De Paz,General Saavedra,Uninominal,-17.22497,-63.21263,52,.,.
Bolivia,Santa Cruz,Andrés Ibáñez,Santa Cruz de La Sierra,Col. Rafael Bustillos,Santa Cruz de la Sierra,Uninominal,-17.81418,-63.12329,48,.,.
Bolivia,Santa Cruz,Obispo Santistéban,Montero,Col. Rafael Terrazas,Montero,Uninominal,-17.3407,-63.25919,52,.,.
Bolivia,Santa Cruz,Andrés Ibáñez,Santa Cruz de La Sierra,Col. Ramon Dario Gutierrez,Santa Cruz de la Sierra,Uninominal,-17.80529,-63.164,45,.,.
Bolivia,Santa Cruz,Obispo Santistéban,Montero,Col. René Moreno,Montero,Uninominal,-17.33856,-63.25811,52,.,.
Bolivia,Santa Cruz,Andrés Ibáñez,Santa Cruz de La Sierra,Col. Republica del Uruguay,Santa Cruz de la Sierra,Uninominal,-17.77493,-63.17242,45,.,.
Bolivia,Santa Cruz,Andrés Ibáñez,Santa Cruz de La Sierra,Col. Rodolfo Joem,Santa Cruz de la Sierra,Uninominal,-17.82204,-63.16545,50,.,.
Bolivia,Santa Cruz,Andrés Ibáñez,Santa Cruz de La Sierra,Col. Romulo Herrera,Santa Cruz de la Sierra,Uninominal,-17.78023,-63.17609,45,.,.
Bolivia,Santa Cruz,Andrés Ibáñez,Santa Cruz de La Sierra,Col. San Carlos,Santa Cruz de la Sierra,Uninominal,-17.79229,-63.15134,45,.,.
Bolivia,Santa Cruz,Andrés Ibáñez,Santa Cruz de La Sierra,Col. San Francisco Sur,Santa Cruz de la Sierra,Uninominal,-17.85275,-63.16087,49,.,.
Bolivia,Santa Cruz,Obispo Santistéban,Montero,Col. San José Obrero,Montero,Uninominal,-17.345985,-63.240223,52,.,.
Bolivia,Santa Cruz,Andrés Ibáñez,Santa Cruz de La Sierra,Col. San Martin De Porres,Santa Cruz de la Sierra,Uninominal,-17.77761,-63.2021,44,.,.
Bolivia,Santa Cruz,Andrés Ibáñez,Santa Cruz de La Sierra,Col. San Martin Norte,Santa Cruz de la Sierra,Uninominal,-17.7284,-63.14275,44,.,.
Bolivia,Santa Cruz,Andrés Ibáñez,Santa Cruz de La Sierra,Col. San Pablo,Santa Cruz de la Sierra,Uninominal,-17.836934,-63.189671,50,.,.
Bolivia,Santa Cruz,Andrés Ibáñez,Santa Cruz de La Sierra,Col. San Silvestre,Santa Cruz de la Sierra,Uninominal,-17.81204,-63.11408,48,.,.
Bolivia,Santa Cruz,Andrés Ibáñez,Santa Cruz de La Sierra,Col. Seccional Monseñor Santiestevan,Santa Cruz de la Sierra,Uninominal,-17.779588,-63.181172,45,.,.
Bolivia,Santa Cruz,Andrés Ibáñez,Santa Cruz de La Sierra,Col. Seferino Namucara Don Bosco,Santa Cruz de la Sierra,Uninominal,-17.775253,-63.177168,45,.,.
Bolivia,Santa Cruz,Andrés Ibáñez,Santa Cruz de La Sierra,Col. Sociedad De Ingenieros,Santa Cruz de la Sierra,Uninominal,-17.79882,-63.19918,51,.,.
Bolivia,Santa Cruz,Andrés Ibáñez,Santa Cruz de La Sierra,Col. Sor Maria Cristina Perez,Santa Cruz de la Sierra,Uninominal,-17.78059,-63.14532,47,.,.
Bolivia,Santa Cruz,Andrés Ibáñez,Santa Cruz de La Sierra,Col. Tecnologico Santa Cruz,Santa Cruz de la Sierra,Uninominal,-17.76927,-63.15675,45,.,.
Bolivia,Santa Cruz,Andrés Ibáñez,Santa Cruz de La Sierra,Col. Tristan Roca,Santa Cruz de la Sierra,Uninominal,-17.78412,-63.16394,45,.,.
Bolivia,Santa Cruz,Obispo Santistéban,Montero,Col. U.E. Elvira Frias,Montero,Uninominal,-17.330133,-63.250157,52,.,.
Bolivia,Santa Cruz,Obispo Santistéban,Montero,Col. U.E. Montecristo,Montero,Uninominal,-17.34976,-63.268056,52,.,.
Bolivia,Santa Cruz,Andrés Ibáñez,Santa Cruz de La Sierra,Col. UV. La Madre,Santa Cruz de la Sierra,Uninominal,-17.78952,-63.21101,51,.,.
Bolivia,Santa Cruz,Andrés Ibáñez,Santa Cruz de La Sierra,Col. Unidad Educativa España,Santa Cruz de la Sierra,Uninominal,-17.77592,-63.11751,46,.,.
Bolivia,Santa Cruz,Andrés Ibáñez,Santa Cruz de La Sierra,Col. Unidad Educativa La Colina,Santa Cruz de la Sierra,Uninominal,-17.81892,-63.203112,51,.,.
Bolivia,Santa Cruz,Obispo Santistéban,Montero,Col. Unidad Educativa La Esperanza,Montero,Uninominal,-17.352619,-63.239728,52,.,.
Bolivia,Santa Cruz,Andrés Ibáñez,Santa Cruz de La Sierra,Col. Unidad Educativa Lorenzo Caballero,Santa Cruz de la Sierra,Uninominal,-17.80008,-63.18774,51,.,.
Bolivia,Santa Cruz,Andrés Ibáñez,Santa Cruz de La Sierra,Col. Unidad Educativa San Jorge,Santa Cruz de la Sierra,Uninominal,-17.835067,-63.106906,49,.,.
Bolivia,Santa Cruz,Obispo Santistéban,Montero,Col. Unidad Educativa Villa Virginia,Montero,Uninominal,-17.338106,-63.237336,52,.,.
Bolivia,Santa Cruz,Andrés Ibáñez,Santa Cruz de La Sierra,Col. Venancio Aquino Villegas,Santa Cruz de la Sierra,Uninominal,-17.77472,-63.15873,45,.,.
Bolivia,Santa Cruz,Andrés Ibáñez,Santa Cruz de La Sierra,Col. Victor Paz Estensoro,Santa Cruz de la Sierra,Uninominal,-17.817085,-63.186614,51,.,.
Bolivia,Santa Cruz,Obispo Santistéban,Montero,Col. Victor Salvatierra,Montero,Uninominal,-17.341555,-63.253661,52,.,.
Bolivia,Santa Cruz,Andrés Ibáñez,Santa Cruz de La Sierra,Col. Villa Alegre,Santa Cruz de la Sierra,Uninominal,-17.87461,-63.17024,50,.,.
Bolivia,Santa Cruz,Andrés Ibáñez,Santa Cruz de La Sierra,Col. Villa Bolivia,Santa Cruz de la Sierra,Uninominal,-17.746412,-63.189187,44,.,.
Bolivia,Santa Cruz,Andrés Ibáñez,Santa Cruz de La Sierra,Col. Villa Fatima,Santa Cruz de la Sierra,Uninominal,-17.808919,-63.199843,51,.,.
Bolivia,Santa Cruz,Andrés Ibáñez,Santa Cruz de La Sierra,Col. Villa Rosario,Santa Cruz de la Sierra,Uninominal,-17.79646,-63.2086,51,.,.
Bolivia,Santa Cruz,Andrés Ibáñez,Santa Cruz de La Sierra,Col. Virgen De Cotoca,Santa Cruz de la Sierra,Uninominal,-17.744453,-63.1789,44,.,.
Bolivia,Santa Cruz,Andrés Ibáñez,Santa Cruz de La Sierra,Col. Wenseslao Montero,Santa Cruz de la Sierra,Uninominal,-17.769959,-63.15116,45,.,.
Bolivia,Santa Cruz,Andrés Ibáñez,Santa Cruz de La Sierra,Colegio  23 de Abril,Santa Cruz de la Sierra,Uninominal,-17.748562,-63.14577,45,.,.
Bolivia,Santa Cruz,Andrés Ibáñez,Santa Cruz de La Sierra,Colegio  6 de Junio,Santa Cruz de la Sierra,Uninominal,-17.75763,-63.16083,45,.,.
Bolivia,Santa Cruz,Andrés Ibáñez,Santa Cruz de La Sierra,Colegio Adela Zamudio,Santa Cruz de la Sierra,Uninominal,-17.8329,-63.17396,50,.,.
Bolivia,Santa Cruz,Andrés Ibáñez,Santa Cruz de La Sierra,Colegio Bertha Cuellar,Santa Cruz de la Sierra,Uninominal,-17.77751,-63.1344,47,.,.
Bolivia,Santa Cruz,Andrés Ibáñez,Santa Cruz de La Sierra,Colegio Castulo Chavez,Santa Cruz de la Sierra,Uninominal,-17.77663,-63.18775,44,.,.
Bolivia,Santa Cruz,Andrés Ibáñez,Santa Cruz de La Sierra,Colegio Cupeso De Los Reyes,Santa Cruz de la Sierra,Uninominal,-17.82436,-63.10786,48,.,.
Bolivia,Santa Cruz,Andrés Ibáñez,Santa Cruz de La Sierra,Colegio Domingo Savio - Don Bosco,Santa Cruz de la Sierra,Uninominal,-17.835712,-63.199394,51,.,.
Bolivia,Santa Cruz,Andrés Ibáñez,Santa Cruz de La Sierra,Colegio El Progreso,Santa Cruz de la Sierra,Uninominal,-17.827663,-63.205643,51,.,.
Bolivia,Santa Cruz,Andrés Ibáñez,Santa Cruz de La Sierra,Colegio Elvira Parada,Santa Cruz de la Sierra,Uninominal,-17.75476,-63.12992,46,.,.
Bolivia,Santa Cruz,Andrés Ibáñez,Santa Cruz de La Sierra,Colegio Fuente Del Saber,Santa Cruz de la Sierra,Uninominal,-17.872962,-63.161888,49,.,.
Bolivia,Santa Cruz,Andrés Ibáñez,Santa Cruz de La Sierra,Colegio Ignacio Warnes,Santa Cruz de la Sierra,Uninominal,-17.86588,-63.15627,49,.,.
Bolivia,Santa Cruz,Andrés Ibáñez,Santa Cruz de La Sierra,Colegio Joséfina Balsamo( Los Tusequis),Santa Cruz de la Sierra,Uninominal,-17.740904,-63.151109,45,.,.
Bolivia,Santa Cruz,Andrés Ibáñez,Santa Cruz de La Sierra,Colegio Justo Leigue,Santa Cruz de la Sierra,Uninominal,-17.798734,-63.16701,45,.,.
Bolivia,Santa Cruz,Andrés Ibáñez,Santa Cruz de La Sierra,Colegio Luz Y Verdad,Santa Cruz de la Sierra,Uninominal,-17.876004,-63.187236,50,.,.
Bolivia,Santa Cruz,Andrés Ibáñez,Santa Cruz de La Sierra,Colegio Marcelino Champagnat,Santa Cruz de la Sierra,Uninominal,-17.85419,-63.18896,50,.,.
Bolivia,Santa Cruz,Ichilo,Yapacaní,Colegio Martin Cardenas (Temporal),Yapacaní (Villa Busch),Uninominal,-17.406934,-63.884579,57,.,.
Bolivia,Santa Cruz,Andrés Ibáñez,Santa Cruz de La Sierra,Colegio Martin Sapp,Santa Cruz de la Sierra,Uninominal,-17.825119,-63.174668,50,.,.
Bolivia,Santa Cruz,Andrés Ibáñez,Cotoca,Colegio Nal. Benemeritos de La Patria,Cotoca,Uninominal,-17.75773,-62.99899,47,.,.
Bolivia,Santa Cruz,Andrés Ibáñez,Santa Cruz de La Sierra,Colegio Nestor Suarez,Santa Cruz de la Sierra,Uninominal,-17.81688,-63.17374,45,.,.
Bolivia,Santa Cruz,Warnes,Okinawa Uno,Colegio Nueva Andalucía (Temporal),Okinawa 1,Uninominal,-17.21246,-62.889111,53,.,.
Bolivia,Santa Cruz,Andrés Ibáñez,Santa Cruz de La Sierra,Colegio Plan 4000,Santa Cruz de la Sierra,Uninominal,-17.884708,-63.175941,50,.,.
Bolivia,Santa Cruz,Andrés Ibáñez,Santa Cruz de La Sierra,Colegio Raquel Sossa,Santa Cruz de la Sierra,Uninominal,-17.809863,-63.164666,45,.,.
Bolivia,Santa Cruz,Andrés Ibáñez,Santa Cruz de La Sierra,Colegio San Felipe,Santa Cruz de la Sierra,Uninominal,-17.76667,-63.122998,46,.,.
Bolivia,Santa Cruz,Andrés Ibáñez,Santa Cruz de La Sierra,Colegio San Jorge,Santa Cruz de la Sierra,Uninominal,-17.87261,-63.1956,50,.,.
Bolivia,Santa Cruz,Andrés Ibáñez,Santa Cruz de La Sierra,Colegio Villa Gladys Theveneth,Santa Cruz de la Sierra,Uninominal,-17.82021,-63.11954,48,.,.
Bolivia,Santa Cruz,Velasco,San Ignacio,Coliseo Arturo Añez (Temporal),San Ignacio,Uninominal,-16.379026,-60.968354,54,.,.
Bolivia,Santa Cruz,Obispo Santistéban,Montero,Coliseo Boliviano Guabira (Temporal),Villa Fátima (Guabirá),Uninominal,-17.312518,-63.270182,52,.,.
Bolivia,Santa Cruz,Andrés Ibáñez,Santa Cruz de La Sierra,Coliseo Municipal  (Temporal),Santa Cruz de la Sierra,Uninominal,-17.822082,-63.138806,48,.,.
Bolivia,Santa Cruz,Andrés Ibáñez,Santa Cruz de La Sierra,Coliseo Municipal Detrás del Recinto (Temporal),Santa Cruz de la Sierra,Uninominal,-17.746287,-63.117344,46,.,.
Bolivia,Santa Cruz,Andrés Ibáñez,El Torno,Coliseo Municipal El Torno (Temporal),El Torno,Uninominal,-17.994993,-63.381132,56,.,.
Bolivia,Santa Cruz,Florida,Samaipata,Coliseo Municipal de Samaipata (Temporal),Samaipata,Uninominal,-18.182201,-63.876531,56,.,.
Bolivia,Santa Cruz,Velasco,San Miguel,Coliseo Municipal de San Miguel (Temporal),San Miguel,Uninominal,-16.701055,-60.968204,53,.,.
Bolivia,Santa Cruz,Ñuflo De Chávez,San Ramón,Coliseo San Ramon  (Temporal),San Ramón,Uninominal,-16.613685,-62.497403,53,.,.
Bolivia,Santa Cruz,Warnes,Warnes,Coliseo Satelite Norte (Temporal),Satélite Norte,Uninominal,-17.60559,-63.141335,57,.,.
Bolivia,Santa Cruz,Andrés Ibáñez,Santa Cruz de La Sierra,Coliseo UAGRM Los Vallecitos (Temporal),Santa Cruz de la Sierra,Uninominal,-17.697257,-63.148564,44,.,.
Bolivia,Santa Cruz,Andrés Ibáñez,La Guardia,Coliseo de la Guardia (Temporal),La Guardia,Uninominal,-17.892463,-63.330019,55,.,.
Bolivia,Santa Cruz,Andrés Ibáñez,El Torno,Esc.  29 de Junio,Jorochito,Uninominal,-18.05655,-63.42663,56,.,.
Bolivia,Santa Cruz,Sara,Santa Rosa,Esc.  Alfredo Vaca Flor,Las Pavas,Uninominal,-16.670979,-63.864672,52,.,.
Bolivia,Santa Cruz,Manuel María Caballero,Comarapa,Esc.  El Jague,El Jague,Uninominal,-18.02102,-64.32232,56,.,.
Bolivia,Santa Cruz,Sara,Santa Rosa,Esc.  Mixto Los Andes,Los Andes,Uninominal,-16.885189,-63.832018,52,.,.
Bolivia,Santa Cruz,Warnes,Warnes,Esc.  Unid. Edu. Felix Paz Vieira,La Esperanza,Uninominal,-17.293579,-63.043467,57,.,.
Bolivia,Santa Cruz,Obispo Santistéban,General Saavedra,Esc. 1 de Septiembre,Caimanes,Uninominal,-17.09076,-63.08397,52,.,.
Bolivia,Santa Cruz,Cordillera,Camiri,Esc. 12 de Julio,Camiri,Uninominal,-20.04149,-63.53097,55,.,.
Bolivia,Santa Cruz,Cordillera,Camiri,Esc. 16 de Marzo,Camiri,Uninominal,-20.04896,-63.52925,55,.,.
Bolivia,Santa Cruz,Guarayos,Ascención de Guarayos,Esc. 17 de Febrero,El Junte,Uninominal/Especial,-15.249007,-63.864105,53,.,.
Bolivia,Santa Cruz,Cordillera,Camiri,Esc. 24 de Septiembre,Camiri,Uninominal,-20.04004,-63.5203,55,.,.
Bolivia,Santa Cruz,Cordillera,AIOC Charagua Iyambae,Esc. 25 de Mayo,25 de Mayo,Uninominal/Especial,-18.136474,-62.049977,55,.,.
Bolivia,Santa Cruz,Chiquitos,Pailón,Esc. 25 de Mayo (Chiquitos),Rosal Centro,Uninominal/Especial,-18.010844,-62.68822,54,.,.
Bolivia,Santa Cruz,Ñuflo De Chávez,Cuatro Cañadas,Esc. 26 de Agosto,26 de Agosto,Uninominal,-17.460065,-62.621185,53,.,.
Bolivia,Santa Cruz,Ñuflo De Chávez,San Julian,Esc. 26 de Oct. Fe y Alegria,Nueva Vida (Nñcleo 14),Uninominal,-16.801311,-62.757887,53,.,.
Bolivia,Santa Cruz,Sara,Santa Rosa,Esc. 4 de Marzo,Colonia 4 de Marzo,Uninominal,-16.937875,-63.901851,52,.,.
Bolivia,Santa Cruz,Guarayos,Ascención de Guarayos,Esc. 6 de Abril,Cerro Grande,Especial,-15.6334,-63.567876,5,.,.
Bolivia,Santa Cruz,Obispo Santistéban,San Pedro,Esc. 9 de Abril,Colonia Pira?¡,Uninominal,-16.60111,-63.66607,52,.,.
Bolivia,Santa Cruz,Ichilo,Buena Vista,Esc. Adhemar Ortiz,Villa Diego,Uninominal,-17.610627,-63.525299,56,.,.
Bolivia,Santa Cruz,Warnes,Warnes,Esc. Adrian Justiniano Roca,Las Gamas (Warnes),Uninominal,-17.59505,-63.01891,57,.,.
Bolivia,Santa Cruz,Obispo Santistéban,Fernández Alonso,Esc. Aguaices,Aguaices,Uninominal,-16.896858,-63.310846,52,.,.
Bolivia,Santa Cruz,Velasco,San Ignacio,Esc. Alberto Natusch Busch,Florida,Uninominal/Especial,-14.610746,-61.193592,54,.,.
Bolivia,Santa Cruz,Andrés Ibáñez,El Torno,Esc. Alberto Ribera Tapia,La Angostura,Uninominal,-18.15956,-63.50418,56,.,.
Bolivia,Santa Cruz,Guarayos,El Puente,Esc. Alfredo Smith,El Puente,Uninominal,-16.32987,-62.90907,53,.,.
Bolivia,Santa Cruz,Sara,Santa Rosa,Esc. Alfredo Vasquez,Loma Alta,Uninominal,-17.07037,-63.484074,52,.,.
Bolivia,Santa Cruz,Vallegrande,Vallegrande,Esc. Alto Seco,Alto Seco,Uninominal,-18.870714,-64.073897,56,.,.
Bolivia,Santa Cruz,Florida,Mairana,Esc. Ananias Melendres,Yerba Buena,Uninominal,-17.97899,-64.03188,56,.,.
Bolivia,Santa Cruz,Sara,Portachuelo,Esc. Angel Maria Limpias,Portachuelo,Uninominal,-17.35743,-63.39923,57,.,.
Bolivia,Santa Cruz,Florida,Mairana,Esc. Angel Saavedra Chavez,Mendiola,Uninominal,-18.194066,-63.968651,56,.,.
Bolivia,Santa Cruz,Germán Busch,Puerto Suarez,Esc. Angelica Rivero,Suárez Arana,Uninominal,-18.990373,-57.793147,54,.,.
Bolivia,Santa Cruz,Warnes,Warnes,Esc. Angelmira Monte  de Dalence,La Finca,Uninominal,-17.45183,-62.96617,57,.,.
Bolivia,Santa Cruz,Cordillera,Camiri,Esc. Aponte J. Manuel O.H. Del Chaco,Camiri,Uninominal,-20.04499,-63.52154,55,.,.
Bolivia,Santa Cruz,Andrés Ibáñez,Santa Cruz de La Sierra,Esc. Aponte Tineo (Esc. Gregorio Moreno),Santa Cruz de la Sierra,Uninominal,-17.766085,-63.18357,44,.,.
Bolivia,Santa Cruz,Guarayos,Ascención de Guarayos,Esc. Ascencion Central,Ascenciñn (Guarayos),Uninominal,-15.897535,-63.189148,53,.,.
Bolivia,Santa Cruz,Vallegrande,Moromoro,Esc. Astillero,Abra del Astillero,Uninominal,-18.40132,-64.3554,56,.,.
Bolivia,Santa Cruz,Velasco,San Miguel,Esc. Belisario Santisteban,San Miguel,Uninominal,-16.70072,-60.96719,53,.,.
Bolivia,Santa Cruz,Angel Sandoval,San Matías,Esc. Benjamin Catacora,Ascenciñn de la Frontera,Uninominal/Especial,-16.319984,-59.449556,54,.,.
Bolivia,Santa Cruz,Andrés Ibáñez,Santa Cruz de La Sierra,Esc. Bernardo Cadario(Col.Kurt Richter),Santa Cruz de la Sierra,Uninominal,-17.757516,-63.194446,44,.,.
Bolivia,Santa Cruz,Guarayos,El Puente,Esc. Cachuela,Cachuela,Especial,-16.20543,-63.11323,5,.,.
Bolivia,Santa Cruz,Velasco,San Ignacio,Esc. Campamento,San José de Campamento,Uninominal,-15.178595,-61.017949,54,.,.
Bolivia,Santa Cruz,Germán Busch,El Carmen Rivero Tórrez,Esc. Candelaria (Chiquitos),Candelaria,Uninominal/Especial,-18.626116,-58.986879,54,.,.
Bolivia,Santa Cruz,Vallegrande,Vallegrande,Esc. Casamontes,Casamonte,Uninominal,-18.704296,-64.029522,56,.,.
Bolivia,Santa Cruz,Andrés Ibáñez,El Torno,Esc. Cañada Dos,Cañada Dos,Uninominal,-18.06299,-63.32237,56,.,.
Bolivia,Santa Cruz,Andrés Ibáñez,La Guardia,Esc. Central Angel Foianini,Simon Bolivar,Uninominal,-17.880431,-63.284885,55,.,.
Bolivia,Santa Cruz,Andrés Ibáñez,La Guardia,Esc. Central Basilio,Basilio,Uninominal,-18.12562,-63.19316,55,.,.
Bolivia,Santa Cruz,Florida,Samaipata,Esc. Central Bella Victoria,Bella Victoria,Uninominal,-18.234377,-63.945482,56,.,.
Bolivia,Santa Cruz,Velasco,San Ignacio,Esc. Central El Porvenir,Porvenir,Uninominal/Especial,-13.986032,-61.546949,54,.,.
Bolivia,Santa Cruz,Ñuflo De Chávez,San Antonio de Lomerio,Esc. Central El Puquio,El Puquio,Uninominal/Especial,-16.732505,-61.911699,53,.,.
Bolivia,Santa Cruz,Ñuflo De Chávez,San Julian,Esc. Central Franz Tamayo,El Carmen(Ñ.de Chavez-S. Saucedo),Uninominal,-16.998596,-62.845439,53,.,.
Bolivia,Santa Cruz,Vallegrande,Vallegrande,Esc. Central Guadalupe,Guadalupe,Uninominal,-18.55554,-64.08943,56,.,.
Bolivia,Santa Cruz,Cordillera,Gutiérrez,Esc. Central Ipatimiri,Ipatimir?¡,Uninominal,-19.775085,-63.484202,56,.,.
Bolivia,Santa Cruz,Cordillera,AIOC Charagua Iyambae,Esc. Central Iyobi,Iyovi-Aguarigua,Uninominal/Especial,-19.388571,-62.535016,55,.,.
Bolivia,Santa Cruz,Andrés Ibáñez,El Torno,Esc. Central Monteverde,El Cafetal,Uninominal,-17.92225,-63.50122,56,.,.
Bolivia,Santa Cruz,Velasco,San Ignacio,Esc. Central Piso Firme,Piso Firme,Uninominal/Especial,-13.630756,-61.737427,54,.,.
Bolivia,Santa Cruz,Cordillera,Boyuibe,Esc. Central Rafael Pabon,Boyuibe,Uninominal,-20.43133,-63.28176,55,.,.
Bolivia,Santa Cruz,Ichilo,San Carlos,Esc. Central San Carlos,San Carlos,Uninominal,-17.40302,-63.72837,57,.,.
Bolivia,Santa Cruz,Ñuflo De Chávez,Concepción,Esc. Central San Pedro,San Pedro,Uninominal/Especial,-16.672412,-62.249595,53,.,.
Bolivia,Santa Cruz,Ñuflo De Chávez,San Ramón,Esc. Central San Ramon,San Ramón,Uninominal,-16.61663,-62.49786,53,.,.
Bolivia,Santa Cruz,Cordillera,Camiri,Esc. Central de Itanambikua,Itanambikua,Uninominal/Especial,-20.018151,-63.51152,55,.,.
Bolivia,Santa Cruz,Ichilo,Yapacaní,Esc. Cesar Banzer Aliaga,Yapacaní (Villa Busch),Uninominal,-17.40066,-63.88105,57,.,.
Bolivia,Santa Cruz,Warnes,Warnes,Esc. Ciudad Satelite Norte,Satélite Norte,Uninominal,-17.60657,-63.14571,57,.,.
Bolivia,Santa Cruz,Andrés Ibáñez,Santa Cruz de La Sierra,Esc. Claracuta,Santa Cruz de la Sierra,Uninominal,-17.733489,-63.154764,44,.,.
Bolivia,Santa Cruz,Ñuflo De Chávez,San Julian,Esc. Col  Ciro Mealla,San Julian,Uninominal,-16.907358,-62.61414,53,.,.
Bolivia,Santa Cruz,Warnes,Warnes,Esc. Col. Constantino Cuellar,Warnes,Uninominal,-17.506414,-63.164262,57,.,.
Bolivia,Santa Cruz,Warnes,Warnes,Esc. Colegio Julia Said,Warnes,Uninominal,-17.512132,-63.164069,57,.,.
Bolivia,Santa Cruz,Guarayos,Ascención de Guarayos,Esc. Colonia 5 de Marzo,Nueva Jerusalen,Uninominal/Especial,-15.365206,-63.785943,53,.,.
Bolivia,Santa Cruz,Germán Busch,Puerto Suarez,Esc. Colonia Warnes,Colonia Warnes,Uninominal/Especial,-19.211878,-57.948444,54,.,.
Bolivia,Santa Cruz,Germán Busch,Puerto Suarez,Esc. Coop Educacional Puerto Suarez,Puerto Suarez,Uninominal,-18.966289,-57.801748,54,.,.
Bolivia,Santa Cruz,Cordillera,AIOC Charagua Iyambae,Esc. Coopere Brecha,Izozog/Coopere Brecha Loma(Cap.),Uninominal/Especial,-19.650771,-62.625886,55,.,.
Bolivia,Santa Cruz,Guarayos,El Puente,Esc. Corralon,Corralñn,Uninominal,-16.36582,-63.21976,53,.,.
Bolivia,Santa Cruz,Cordillera,Cabezas,Esc. Cotoca (Cordillera),Cotoca,Uninominal/Especial,-18.578866,-63.273667,55,.,.
Bolivia,Santa Cruz,Cordillera,Camiri,Esc. Cristiana Evangelica,Camiri,Uninominal,-20.04179,-63.52061,55,.,.
Bolivia,Santa Cruz,Germán Busch,El Carmen Rivero Tórrez,Esc. Daniel Zambrana,El Carmen Rivero Torrez,Uninominal,-18.82769,-58.62548,54,.,.
Bolivia,Santa Cruz,Vallegrande,Vallegrande,Esc. De Mankaillpa,Mankaillpa,Uninominal,-18.39356,-64.215993,56,.,.
Bolivia,Santa Cruz,Velasco,San Ignacio,Esc. Don Bosco,San Ignacio,Uninominal,-16.38181,-60.9684,54,.,.
Bolivia,Santa Cruz,Vallegrande,Pucará,Esc. Edey Corban Sehaller,Pucará,Uninominal,-18.717645,-64.18601,56,.,.
Bolivia,Santa Cruz,Ichilo,Buena Vista,Esc. Eduardo Abaroa,Huaitñ,Uninominal,-17.55737,-63.6379,56,.,.
Bolivia,Santa Cruz,Chiquitos,San José,Esc. Educacional Taperas,Taperas,Uninominal,-17.908285,-60.366002,54,.,.
Bolivia,Santa Cruz,Velasco,San Ignacio,Esc. El Carmen De Ruiz,El Carmen de Ru?¡z,Uninominal/Especial,-16.047551,-61.098951,54,.,.
Bolivia,Santa Cruz,Sara,Santa Rosa,Esc. El Colorado,El Colorado,Uninominal,-17.17983,-63.42475,52,.,.
Bolivia,Santa Cruz,Guarayos,El Puente,Esc. El Combate,El Combate,Especial,-15.969751,-64.483235,5,.,.
Bolivia,Santa Cruz,Warnes,Warnes,Esc. El Jipa,Warnes,Uninominal,-17.504279,-63.145855,57,.,.
Bolivia,Santa Cruz,Ichilo,Yapacaní,Esc. El Pallar,El Pallar,Especial,-16.762518,-64.81531,5,.,.
Bolivia,Santa Cruz,Ñuflo De Chávez,San Julian,Esc. El Progreso,San Julian,Uninominal,-16.91284,-62.62124,53,.,.
Bolivia,Santa Cruz,Velasco,San Rafael,Esc. El Tuna,El Tuná,Uninominal/Especial,-16.62828,-59.6983,54,.,.
Bolivia,Santa Cruz,Andrés Ibáñez,El Torno,Esc. Elena Vaca Antelo,El Torno,Uninominal,-17.99134,-63.3835,56,.,.
Bolivia,Santa Cruz,Germán Busch,Puerto Suarez,Esc. Eliodoro Paz,Puerto Suarez,Uninominal,-18.96109,-57.79655,54,.,.
Bolivia,Santa Cruz,Manuel María Caballero,Saipina,Esc. Emilia Caballero,Saipina,Uninominal,-17.96113,-64.63905,56,.,.
Bolivia,Santa Cruz,Cordillera,Gutiérrez,Esc. Emilio Finot,Gutiérrez,Uninominal,-19.42237,-63.530809,56,.,.
Bolivia,Santa Cruz,Chiquitos,Pailón,Esc. Emilio Suncer Salinas,Pozo del Tigre,Uninominal/Especial,-17.601882,-61.988438,54,.,.
Bolivia,Santa Cruz,Cordillera,AIOC Charagua Iyambae,Esc. Enrique Quintela,Parapet?¡ Grande/San Antonio(Cap.),Uninominal/Especial,-20.011848,-63.184159,55,.,.
Bolivia,Santa Cruz,Manuel María Caballero,Comarapa,Esc. Escuela San Mateo,San Mateo,Uninominal,-17.75753,-64.66927,56,.,.
Bolivia,Santa Cruz,Cordillera,AIOC Charagua Iyambae,Esc. Estacion Charagua,Estaciñn Charagua,Uninominal,-19.782664,-63.148697,55,.,.
Bolivia,Santa Cruz,Guarayos,Ascención de Guarayos,Esc. Esteban Gebard,Ascenciñn (Guarayos),Uninominal,-15.903269,-63.186997,53,.,.
Bolivia,Santa Cruz,Germán Busch,El Carmen Rivero Tórrez,Esc. Evangelica Rincon del Tigre,Rincñn del Tigre,Uninominal/Especial,-18.210793,-58.168054,54,.,.
Bolivia,Santa Cruz,Obispo Santistéban,San Pedro,Esc. Fe y Alegria Tito Boltan,Sagrado Corazñn,Uninominal,-16.84723,-63.428714,52,.,.
Bolivia,Santa Cruz,Ichilo,San Carlos,Esc. Fiscal De Ninos Santa Fe,Santa Fé de Yapacaní,Uninominal,-17.39861,-63.82872,57,.,.
Bolivia,Santa Cruz,Warnes,Warnes,Esc. Fiscal Potrero Largo,Satélite Norte,Uninominal,-17.56155,-63.11728,57,.,.
Bolivia,Santa Cruz,Andrés Ibáñez,Porongo,Esc. Fray Santiago De Rivero,Porongo,Uninominal,-17.85656,-63.30791,56,.,.
Bolivia,Santa Cruz,Andrés Ibáñez,Santa Cruz de La Sierra,Esc. Gabriel José Moreno,Paurito,Uninominal,-17.88486,-62.94179,49,.,.
Bolivia,Santa Cruz,Cordillera,Camiri,Esc. Gabriel René Moreno,Comarapa,Uninominal,-17.913511,-64.526665,56,.,.
Bolivia,Santa Cruz,Sara,Santa Rosa,Esc. Galilea,Galilea,Uninominal,-16.953517,-63.67821,52,.,.
Bolivia,Santa Cruz,Germán Busch,Puerto Suarez,Esc. German Busch Yacuses,Yacuses,Uninominal,-18.97605,-58.23871,54,.,.
Bolivia,Santa Cruz,Germán Busch,Puerto Quijarro,Esc. Gisela Brun Sciaroni,Quijarro,Uninominal,-19.004686,-57.716504,54,.,.
Bolivia,Santa Cruz,Velasco,San Rafael,Esc. Godofredo Trenker,San Rafael,Uninominal,-16.78576,-60.67352,54,.,.
Bolivia,Santa Cruz,Ñuflo De Chávez,San Julian,Esc. Gral San Martin,General San Martin (Nñcleo 23),Uninominal,-16.701741,-62.856907,53,.,.
Bolivia,Santa Cruz,Florida,Samaipata,Esc. Gral. Agustin Saavedra,Samaipata,Uninominal,-18.1794,-63.87621,56,.,.
Bolivia,Santa Cruz,Andrés Ibáñez,Cotoca,Esc. Gremial Cortez,Gremial Cortez,Uninominal,-17.82349,-63.01388,47,.,.
Bolivia,Santa Cruz,Ñuflo De Chávez,Concepción,Esc. Guadalupe Fe y Alegria,Concepciñn,Uninominal,-16.13626,-62.02316,53,.,.
Bolivia,Santa Cruz,Chiquitos,Roboré,Esc. Guido Oswaldo Suanzo,Roboré,Uninominal,-18.33875,-59.75161,54,.,.
Bolivia,Santa Cruz,Manuel María Caballero,Comarapa,Esc. Habra De Capilla,Capillas,Uninominal,-17.87328,-64.73131,56,.,.
Bolivia,Santa Cruz,Ñuflo De Chávez,San Antonio de Lomerio,Esc. Holanda,Holanda,Uninominal/Especial,-16.88703,-61.79376,53,.,.
Bolivia,Santa Cruz,Andrés Ibáñez,Santa Cruz de La Sierra,Esc. Hugo Banzer Suarez,Palmar del Oratorio,Uninominal,-17.88131,-63.1536,49,.,.
Bolivia,Santa Cruz,Manuel María Caballero,Saipina,Esc. Humberto Villarroel,Saipina,Uninominal,-18.09421,-64.58239,56,.,.
Bolivia,Santa Cruz,Cordillera,Gutiérrez,Esc. Ibamirapinta,Ibamirapinta,Uninominal/Especial,-19.804992,-63.482877,56,.,.
Bolivia,Santa Cruz,Cordillera,Camiri,Esc. José Castrillo,Camiri,Uninominal,-20.03724,-63.52077,55,.,.
Bolivia,Santa Cruz,Velasco,San Miguel,Esc. José J.Dorado,San Miguel,Uninominal,-16.69866,-60.96856,53,.,.
Bolivia,Santa Cruz,Ñuflo De Chávez,Cuatro Cañadas,Esc. José Luis Castro,Puerto Rico (Ñ.de Chavez),Uninominal,-17.34488,-62.55427,53,.,.
Bolivia,Santa Cruz,Andrés Ibáñez,Santa Cruz de La Sierra,Esc. José Mariano Serrano,Santa Cruz de la Sierra,Uninominal,-17.72271,-63.16407,44,.,.
Bolivia,Santa Cruz,Andrés Ibáñez,La Guardia,Esc. José Miguel De Velasco,Peji (Villa Arrien),Uninominal,-17.9662,-63.21535,55,.,.
Bolivia,Santa Cruz,Andrés Ibáñez,Porongo,Esc. José Parada Laguindey,Terebinto,Uninominal,-17.72245,-63.38077,56,.,.
Bolivia,Santa Cruz,Andrés Ibáñez,La Guardia,Esc. José Vicente Soliz Y Ramos,La Guardia,Uninominal,-17.89064,-63.32945,55,.,.
Bolivia,Santa Cruz,Ñuflo De Chávez,Cuatro Cañadas,Esc. Juan Pablo Segundo,Cuatro Cañadas,Uninominal,-17.26752,-62.55701,53,.,.
Bolivia,Santa Cruz,Vallegrande,Vallegrande,Esc. Juana Carmen Roman,Vallegrande,Uninominal,-18.4858,-64.10367,56,.,.
Bolivia,Santa Cruz,Sara,Portachuelo,Esc. Julio Landivar,Portachuelo,Uninominal,-17.35695,-63.39304,57,.,.
Bolivia,Santa Cruz,Cordillera,Gutiérrez,Esc. Kuruguakua,San Miguel de Kuruguaka,Uninominal/Especial,-19.388914,-63.395339,56,.,.
Bolivia,Santa Cruz,Vallegrande,Trigal,Esc. La Aguada,La Aguada,Uninominal,-18.336421,-64.142375,56,.,.
Bolivia,Santa Cruz,Ñuflo De Chávez,San Julian,Esc. La Asunta San Bernardo,La Asunta,Uninominal,-16.76817,-62.57837,53,.,.
Bolivia,Santa Cruz,Sara,Santa Rosa,Esc. La Conquista,La Conquista,Uninominal,-16.733663,-63.95355,52,.,.
Bolivia,Santa Cruz,Andrés Ibáñez,El Torno,Esc. La Elvira,La Elvira,Uninominal,-18.05682,-63.44523,56,.,.
Bolivia,Santa Cruz,Vallegrande,Pucará,Esc. La Higuera,La Higuera,Uninominal,-18.794723,-64.201112,56,.,.
Bolivia,Santa Cruz,Vallegrande,Moromoro,Esc. La Laja,La Laja,Uninominal,-18.254157,-64.295832,56,.,.
Bolivia,Santa Cruz,Obispo Santistéban,Mineros,Esc. La Patria,La Patria,Uninominal,-17.124592,-63.339413,52,.,.
Bolivia,Santa Cruz,Andrés Ibáñez,Santa Cruz de La Sierra,Esc. La Peña,La Peña,Uninominal,-17.96183,-62.96586,49,.,.
Bolivia,Santa Cruz,Andrés Ibáñez,La Guardia,Esc. La Peña- Brecha-3,Brecha 3,Uninominal,-17.98781,-63.05506,55,.,.
Bolivia,Santa Cruz,Cordillera,Lagunillas,Esc. Lagunillas,Lagunillas (Vallegrande),Uninominal,-18.26369,-64.15909,56,.,.
Bolivia,Santa Cruz,Warnes,Warnes,Esc. Las Barreras,Las Barreras,Uninominal,-17.448452,-63.180011,57,.,.
Bolivia,Santa Cruz,Obispo Santistéban,Mineros,Esc. Las Palmas,Pueblo Nuevo,Uninominal,-17.07745,-63.27835,52,.,.
Bolivia,Santa Cruz,Angel Sandoval,San Matías,Esc. Las Petas,Las Petas,Uninominal/Especial,-16.379134,-59.182016,54,.,.
Bolivia,Santa Cruz,Chiquitos,San José,Esc. Leonor Rivera,San José (Chiquitos),Uninominal,-17.838811,-60.743196,54,.,.
Bolivia,Santa Cruz,Velasco,San Ignacio,Esc. Lic. Senoritas Monsenor Daniel Rive,San Ignacio,Uninominal,-16.381938,-60.95947,54,.,.
Bolivia,Santa Cruz,Vallegrande,Vallegrande,Esc. Loma Larga,Loma Larga,Uninominal,-18.763414,-63.901474,56,.,.
Bolivia,Santa Cruz,Guarayos,El Puente,Esc. Los Chacos,Los Chacos,Uninominal/Especial,-15.93742,-63.534789,53,.,.
Bolivia,Santa Cruz,Andrés Ibáñez,Santa Cruz de La Sierra,Esc. Los Sauces I,Santa Cruz de la Sierra,Uninominal,-17.728327,-63.179549,44,.,.
Bolivia,Santa Cruz,Vallegrande,Vallegrande,Esc. Los Sitanos,Sitanos,Uninominal,-18.86124,-63.959121,56,.,.
Bolivia,Santa Cruz,Chiquitos,Roboré,Esc. Los Sotos,Los Sotos,Uninominal/Especial,-18.24889,-59.8557,54,.,.
Bolivia,Santa Cruz,Ñuflo De Chávez,Cuatro Cañadas,Esc. Los Troncos,Los Troncos,Uninominal,-17.06814,-62.63882,53,.,.
Bolivia,Santa Cruz,Andrés Ibáñez,Santa Cruz de La Sierra,Esc. Mamerto Cuellar Costa,Santa Cruz de la Sierra,Uninominal,-17.69388,-63.16402,44,.,.
Bolivia,Santa Cruz,Manuel María Caballero,Comarapa,Esc. Manzanal,Manzanal,Uninominal,-17.84591,-64.77901,56,.,.
Bolivia,Santa Cruz,Manuel María Caballero,Comarapa,Esc. Marcelino Chaipana,Pulquina,Uninominal,-18.10087,-64.43036,56,.,.
Bolivia,Santa Cruz,Cordillera,Gutiérrez,Esc. Marcelino Revollo,Heiti,Uninominal,-19.72541,-63.39302,56,.,.
Bolivia,Santa Cruz,Guarayos,Urubicha,Esc. Maria De Los Angeles,Urubichá,Especial,-15.623256,-63.082425,5,.,.
Bolivia,Santa Cruz,Ichilo,Buena Vista,Esc. Mariano Saucedo Sevilla,Buena Vista,Uninominal,-17.45934,-63.66378,56,.,.
Bolivia,Santa Cruz,Warnes,Warnes,Esc. Mariano Vaca Montero,Tocomech?¡-El Barrial,Uninominal,-17.427607,-63.056924,57,.,.
Bolivia,Santa Cruz,Chiquitos,Roboré,Esc. Marista,Roboré,Uninominal,-18.34039,-59.75665,54,.,.
Bolivia,Santa Cruz,Sara,Portachuelo,Esc. Martina Dorado,Portachuelo,Uninominal,-17.35174,-63.39271,57,.,.
Bolivia,Santa Cruz,Vallegrande,Vallegrande,Esc. Masicuri,Masicur?¡,Uninominal,-18.83035,-63.7827,56,.,.
Bolivia,Santa Cruz,Ñuflo De Chávez,San Julian,Esc. Max Fernandez Rojas,Area 5,Uninominal,-16.97607,-62.54577,53,.,.
Bolivia,Santa Cruz,Cordillera,Gutiérrez,Esc. Miguel Landivar,Ipitacito del Monte,Uninominal/Especial,-19.281863,-63.443192,56,.,.
Bolivia,Santa Cruz,Germán Busch,Puerto Suarez,Esc. Miguel Suarez Arana,Puerto Suarez,Uninominal,-18.96855,-57.79474,54,.,.
Bolivia,Santa Cruz,Velasco,San Rafael,Esc. Miraflores II,Miraflores II,Uninominal/Especial,-17.12125,-60.58031,54,.,.
Bolivia,Santa Cruz,Germán Busch,Puerto Quijarro,Esc. Mixta La Frontera,Arroyo Concepciñn,Uninominal,-19.02897,-57.70963,54,.,.
Bolivia,Santa Cruz,Velasco,San Miguel,Esc. Monseñor Bonifacio,San Juan del Lomer?¡o,Uninominal/Especial,-17.07628,-61.49168,53,.,.
Bolivia,Santa Cruz,Ñuflo De Chávez,Cuatro Cañadas,Esc. Monte Rico,Monte Rico,Uninominal,-17.37492,-62.48614,53,.,.
Bolivia,Santa Cruz,Chiquitos,San José,Esc. Municipal,Quimome,Uninominal/Especial,-17.70868,-61.17406,54,.,.
Bolivia,Santa Cruz,Chiquitos,Pailón,Esc. Municipal Rosal Centro,Rosal Centro,Uninominal/Especial,-17.933752,-62.680269,54,.,.
Bolivia,Santa Cruz,Ichilo,Yapacaní,Esc. Nacional Bolivia,Yapacaní (Villa Busch),Uninominal,-17.40517,-63.88673,57,.,.
Bolivia,Santa Cruz,Andrés Ibáñez,El Torno,Esc. Naciones Unidas,El Torno,Uninominal,-17.9931,-63.38043,56,.,.
Bolivia,Santa Cruz,Florida,Samaipata,Esc. Napoleon Gomez,Samaipata,Uninominal,-18.17913,-63.87625,56,.,.
Bolivia,Santa Cruz,Chiquitos,Roboré,Esc. Napoleon Montero Montero,Santiago,Uninominal,-18.33945,-59.59888,54,.,.
Bolivia,Santa Cruz,Vallegrande,Vallegrande,Esc. Naranjo,Naranjo,Uninominal,-18.426721,-64.25041,56,.,.
Bolivia,Santa Cruz,Andrés Ibáñez,La Guardia,Esc. Nataniel Verdugez,El Carmen (Ibañez),Uninominal,-17.85087,-63.25018,55,.,.
Bolivia,Santa Cruz,Cordillera,Camiri,Esc. Niño Jesus,Camiri,Uninominal,-20.04194,-63.51853,55,.,.
Bolivia,Santa Cruz,Andrés Ibáñez,Santa Cruz de La Sierra,Esc. Normal Enriquet  Finot,Santa Cruz de la Sierra,Uninominal,-17.76357,-63.19629,44,.,.
Bolivia,Santa Cruz,Obispo Santistéban,General Saavedra,Esc. Nucleo  Mariscal Sucre,San Juan de los Amarillos,Uninominal,-17.10982,-63.12855,52,.,.
Bolivia,Santa Cruz,Ñuflo De Chávez,San Julian,Esc. Nucleo 66 2 De Agosto,Nñcleo 66-2 de Agosto,Uninominal,-16.639802,-62.788389,53,.,.
Bolivia,Santa Cruz,Vallegrande,Moromoro,Esc. Nucleo Ariruma,Ariruma,Uninominal,-18.301195,-64.263305,56,.,.
Bolivia,Santa Cruz,Vallegrande,Moromoro,Esc. Nucleo Añapaco,Añapance,Uninominal,-18.432917,-64.283173,56,.,.
Bolivia,Santa Cruz,Vallegrande,Moromoro,Esc. Nucleo Central,Pampa Negra,Uninominal,-18.52514,-64.29378,56,.,.
Bolivia,Santa Cruz,Warnes,Warnes,Esc. Nucleo Central Clara Chuchio,Clara Chuch?¡o,Uninominal,-17.616399,-63.104742,57,.,.
Bolivia,Santa Cruz,Velasco,San Ignacio,Esc. Nucleo Central Espiritu,Esp?¡ritu,Uninominal/Especial,-16.187238,-60.528236,54,.,.
Bolivia,Santa Cruz,Obispo Santistéban,Mineros,Esc. Nucleo Central Minero,Mineros,Uninominal,-17.113123,-63.233989,52,.,.
Bolivia,Santa Cruz,Obispo Santistéban,San Pedro,Esc. Nucleo Central Murillo,Murillo,Uninominal,-16.755574,-63.550268,52,.,.
Bolivia,Santa Cruz,Obispo Santistéban,General Saavedra,Esc. Nucleo Central Nueva Esperanza,Pico de Monte,Uninominal,-17.16079,-63.21746,52,.,.
Bolivia,Santa Cruz,Andrés Ibáñez,Porongo,Esc. Nucleo Central Santa Fe,Santa Fé de Amboro,Uninominal,-17.69273,-63.521552,56,.,.
Bolivia,Santa Cruz,Vallegrande,Vallegrande,Esc. Nucleo El Bello,El Bello,Uninominal,-18.4416,-64.1921,56,.,.
Bolivia,Santa Cruz,Cordillera,AIOC Charagua Iyambae,Esc. Nucleo Escolar La Brecha,La Brecha,Uninominal/Especial,-19.505582,-62.560903,55,.,.
Bolivia,Santa Cruz,Guarayos,Urubicha,Esc. Nucleo Escolar Yaguaru,Yaguarñ,Especial,-15.600331,-63.22532,5,.,.
Bolivia,Santa Cruz,Obispo Santistéban,Fernández Alonso,Esc. Nucleo Mariscal Sucre,San Juan de los Amarillos,Uninominal,-17.10982,-63.12855,52,.,.
Bolivia,Santa Cruz,Vallegrande,Postrervalle,Esc. Nucleo Postervalle,Postrervalle,Uninominal,-18.492921,-63.836033,56,.,.
Bolivia,Santa Cruz,Vallegrande,Vallegrande,Esc. Nucleo San Juan,San Juan del Chaco,Uninominal,-18.337358,-64.203352,56,.,.
Bolivia,Santa Cruz,Florida,Samaipata,Esc. Nucleo San Juan del Rosario,San Juan del Rosario,Uninominal,-18.305141,-63.809243,56,.,.
Bolivia,Santa Cruz,Andrés Ibáñez,El Torno,Esc. Nucleo San Luis,Tarumá - San Lu?¡s,Uninominal,-18.1413,-63.48095,56,.,.
Bolivia,Santa Cruz,Florida,Pampa Grande,Esc. Nucleo Santa Rosa,Santa Rosita de Lima,Uninominal,-17.86679,-64.245937,56,.,.
Bolivia,Santa Cruz,Vallegrande,Vallegrande,Esc. Nucleo Tucumancillo,Tucumancillo,Uninominal,-18.376884,-64.148977,56,.,.
Bolivia,Santa Cruz,Warnes,Okinawa Uno,Esc. Nueva Aurora,Nueva Aurora,Uninominal,-17.49827,-62.80148,53,.,.
Bolivia,Santa Cruz,Cordillera,AIOC Charagua Iyambae,Esc. Nueva Esperanza,Nueva Esperanza,Especial,-12.97329,-66.00737,6,.,.
Bolivia,Santa Cruz,Chiquitos,San José,Esc. Nuevo Horizonte,Nuevo Horizonte,Uninominal/Especial,-17.43794,-60.73072,54,.,.
Bolivia,Santa Cruz,Ichilo,Yapacaní,Esc. Nuevo Simon Bollivar,Yapacaní (Villa Busch),Uninominal,-17.4061,-63.88425,57,.,.
Bolivia,Santa Cruz,Vallegrande,Vallegrande,Esc. Obispo Manuel José Peña,Vallegrande,Uninominal,-18.488439,-64.107881,56,.,.
Bolivia,Santa Cruz,Obispo Santistéban,San Pedro,Esc. Obispo Santisteban,San José del Norte,Uninominal,-16.84942,-63.382851,52,.,.
Bolivia,Santa Cruz,Manuel María Caballero,Saipina,Esc. Oconi,Oconi,Uninominal,-17.982822,-64.683177,56,.,.
Bolivia,Santa Cruz,Cordillera,AIOC Charagua Iyambae,Esc. Okita,Okita,Uninominal/Especial,-20.005202,-63.274383,55,.,.
Bolivia,Santa Cruz,Ichilo,Buena Vista,Esc. Ovidio Suarez,Buena Vista,Uninominal,-17.45913,-63.66139,56,.,.
Bolivia,Santa Cruz,Ñuflo De Chávez,San Antonio de Lomerio,Esc. Padre Matias Lens,San Antonio de Lomerio,Uninominal/Especial,-16.76787,-61.81025,53,.,.
Bolivia,Santa Cruz,Obispo Santistéban,San Pedro,Esc. Padre Remo Prandini Viotti,Hardeman,Uninominal,-16.67545,-63.6132,52,.,.
Bolivia,Santa Cruz,Velasco,San Ignacio,Esc. Pailita,Pailita,Uninominal/Especial,-15.529736,-60.976441,54,.,.
Bolivia,Santa Cruz,Cordillera,Gutiérrez,Esc. Palmarito,Palmarito,Uninominal/Especial,-19.490204,-63.460997,56,.,.
Bolivia,Santa Cruz,Florida,Pampa Grande,Esc. Palmasola (El Carmen),Palmasola,Uninominal,-17.891877,-64.208796,56,.,.
Bolivia,Santa Cruz,Germán Busch,El Carmen Rivero Tórrez,Esc. Palmeras,Palmeras,Uninominal/Especial,-18.20027,-58.206206,54,.,.
Bolivia,Santa Cruz,Sara,Santa Rosa,Esc. Palometas,Palometas,Uninominal,-17.03255,-63.52637,52,.,.
Bolivia,Santa Cruz,Cordillera,Cabezas,Esc. Pampa Del Coscal,Pampa del Coscal,Uninominal,-18.299728,-63.423712,55,.,.
Bolivia,Santa Cruz,Velasco,San Miguel,Esc. Pasiviqui,Pasiviqui,Uninominal/Especial,-16.48842,-60.97875,53,.,.
Bolivia,Santa Cruz,Sara,Santa Rosa,Esc. Pasto Mercado Quiroga,Asub?¡,Uninominal,-17.12932,-63.43382,52,.,.
Bolivia,Santa Cruz,Ñuflo De Chávez,San Julian,Esc. Patuju,San Julian,Uninominal,-16.9081,-62.61599,53,.,.
Bolivia,Santa Cruz,Florida,Pampa Grande,Esc. Pedro Aristides,Pampagrande,Uninominal,-18.08937,-64.11092,56,.,.
Bolivia,Santa Cruz,Sara,Portachuelo,Esc. Peroto,Pereotñ,Uninominal,-17.476332,-63.418005,57,.,.
Bolivia,Santa Cruz,Vallegrande,Vallegrande,Esc. Piraimiri,Piraimir?¡,Uninominal,-18.637267,-63.966419,56,.,.
Bolivia,Santa Cruz,Chiquitos,Pailón,Esc. Poza Verde,Poza Verde,Especial,-17.71927,-62.70517,5,.,.
Bolivia,Santa Cruz,Cordillera,Lagunillas,Esc. Prof. Delfin Arteaga Ipati,Ipati,Uninominal/Especial,-19.764914,-63.561366,55,.,.
Bolivia,Santa Cruz,Cordillera,Cabezas,Esc. Pto. Camacho,Abapñ,Uninominal,-18.90593,-63.39868,55,.,.
Bolivia,Santa Cruz,Cordillera,AIOC Charagua Iyambae,Esc. Pueblo Nuevo Parapeti,Pueblo Nuevo Parapeti,Uninominal/Especial,-20.026261,-63.15191,55,.,.
Bolivia,Santa Cruz,Guarayos,El Puente,Esc. Pueblos Unidos,Pueblos Unidos,Uninominal,-16.07503,-64.081781,53,.,.
Bolivia,Santa Cruz,Chiquitos,Pailón,Esc. Puesto Paz,Puesto Paz,Especial,-17.48613,-62.44294,5,.,.
Bolivia,Santa Cruz,Andrés Ibáñez,El Torno,Esc. Quebrada Leon,Quebrada Leñn,Uninominal,-17.96212,-63.47776,56,.,.
Bolivia,Santa Cruz,Andrés Ibáñez,Santa Cruz de La Sierra,Esc. Real America (Esc. F. Florida),Santa Cruz de la Sierra,Uninominal,-17.728324,-63.162059,44,.,.
Bolivia,Santa Cruz,Andrés Ibáñez,Santa Cruz de La Sierra,Esc. René Barrientos,Santa Cruz de la Sierra,Uninominal,-17.770858,-63.198056,44,.,.
Bolivia,Santa Cruz,Florida,Mairana,Esc. René Barrientos Ortuño,Mairana,Uninominal,-18.11939,-63.95997,56,.,.
Bolivia,Santa Cruz,Sara,Colpa Bélgica,Esc. Republica Del Brasil,Colpa,Uninominal,-17.569681,-63.230297,57,.,.
Bolivia,Santa Cruz,Sara,Santa Rosa,Esc. Rincon De Palometa,Rincñn de Palometas,Uninominal,-17.013996,-63.552088,52,.,.
Bolivia,Santa Cruz,Cordillera,Cabezas,Esc. Rio Seco Florida,R?¡o Seco Florida,Uninominal,-18.67221,-63.24144,55,.,.
Bolivia,Santa Cruz,Andrés Ibáñez,La Guardia,Esc. Ruben Dario Soliz,San José (Ibañez),Uninominal,-17.93966,-63.35154,55,.,.
Bolivia,Santa Cruz,Germán Busch,Puerto Quijarro,Esc. Samuel Lopez Mendoza,Quijarro,Uninominal,-19.002369,-57.717404,54,.,.
Bolivia,Santa Cruz,Chiquitos,Roboré,Esc. San Antonio Del Potrero,Agua Negra,Uninominal/Especial,-18.342,-59.74802,54,.,.
Bolivia,Santa Cruz,Angel Sandoval,San Matías,Esc. San Fernando,San Fernando,Uninominal/Especial,-17.259623,-58.637667,54,.,.
Bolivia,Santa Cruz,Florida,Pampa Grande,Esc. San Ignacio De Loyola,Mataral,Uninominal,-18.118194,-64.216267,56,.,.
Bolivia,Santa Cruz,Manuel María Caballero,Comarapa,Esc. San Isidro,San Isidro (Caballero),Uninominal,-18.04461,-64.43211,56,.,.
Bolivia,Santa Cruz,Manuel María Caballero,Comarapa,Esc. San José De La Capilla,San José de la Capilla,Uninominal,-18.0994,-64.4388,56,.,.
Bolivia,Santa Cruz,Guarayos,El Puente,Esc. San José De Yotau,Yotañ,Especial,-16.174824,-63.021948,5,.,.
Bolivia,Santa Cruz,Velasco,San Ignacio,Esc. San Joséma,San Josema,Uninominal/Especial,-16.263884,-61.037795,54,.,.
Bolivia,Santa Cruz,Chiquitos,San José,Esc. San Juan,San Juan,Uninominal,-17.77805,-59.93511,54,.,.
Bolivia,Santa Cruz,Manuel María Caballero,Comarapa,Esc. San Juan del Potrero,San Juan del Potrero,Uninominal,-17.96157,-64.29284,56,.,.
Bolivia,Santa Cruz,Ñuflo De Chávez,San Antonio de Lomerio,Esc. San Lorenzo,San Lorenzo de Marban,Uninominal,-15.03478,-64.7207,59,.,.
Bolivia,Santa Cruz,Guarayos,Ascención de Guarayos,Esc. San Pablo,San Pablo,Especial,-15.901607,-63.303127,5,.,.
Bolivia,Santa Cruz,Vallegrande,Postrervalle,Esc. San Pablo De La Ladera,San Juan de la Ladera,Uninominal,-18.43097,-63.924623,56,.,.
Bolivia,Santa Cruz,Manuel María Caballero,Saipina,Esc. San Rafael,San Rafael (Caballero),Uninominal,-18.1077,-64.56412,56,.,.
Bolivia,Santa Cruz,Ñuflo De Chávez,San Julian,Esc. San Salvador Nucleo 38,San Silvestre (Nñcleo 38),Uninominal,-16.53014,-63.01813,53,.,.
Bolivia,Santa Cruz,Obispo Santistéban,San Pedro,Esc. San Silvestre,San Silvestre,Uninominal,-16.87776,-63.336297,52,.,.
Bolivia,Santa Cruz,Velasco,San Ignacio,Esc. San Vicente,San Vicente,Uninominal/Especial,-16.272858,-60.075247,54,.,.
Bolivia,Santa Cruz,Vallegrande,Vallegrande,Esc. Santa Ana,Santa Ana,Uninominal/Especial,-18.70716,-58.78492,54,.,.
Bolivia,Santa Cruz,Guarayos,Ascención de Guarayos,Esc. Santa Maria,Santa Mar?¡a del Itenez,Especial,-13.11831,-63.825,6,.,.
Bolivia,Santa Cruz,Cordillera,Cabezas,Esc. Santa Rosa,Santa Rosa r?¡o tapado,Especial,-13.51003,-66.16964,6,.,.
Bolivia,Santa Cruz,Ñuflo De Chávez,San Ramón,Esc. Santa Rosa De La Mina,Santa Rosa de la Mina,Uninominal,-16.54375,-62.46406,53,.,.
Bolivia,Santa Cruz,Velasco,San Ignacio,Esc. Santa Rosa Roca,Santa Rosa de Roca,Uninominal,-15.9136,-61.43752,54,.,.
Bolivia,Santa Cruz,Vallegrande,Vallegrande,Esc. Santa Rosita,Santa Rosita,Uninominal,-18.52326,-64.08921,56,.,.
Bolivia,Santa Cruz,Chiquitos,San José,Esc. Santa Teresita,Santa Teresita,Especial,-17.94919,-60.49098,5,.,.
Bolivia,Santa Cruz,Florida,Samaipata,Esc. Santiago del Valle,Valle Abajo,Uninominal,-18.221287,-63.916443,56,.,.
Bolivia,Santa Cruz,Cordillera,AIOC Charagua Iyambae,Esc. Secc. Central Masavi,Masavi,Uninominal/Especial,-19.370372,-63.279874,55,.,.
Bolivia,Santa Cruz,Cordillera,Boyuibe,Esc. Secc. Choroquetal La Ele,La Ele,Uninominal,-20.443993,-62.831223,55,.,.
Bolivia,Santa Cruz,Cordillera,Camiri,Esc. Secc. Curundaity,Curundaity,Uninominal/Especial,-19.96275,-63.52541,55,.,.
Bolivia,Santa Cruz,Cordillera,Cabezas,Esc. Secc. El Curichi,El Curichi,Uninominal/Especial,-18.753135,-63.21993,55,.,.
Bolivia,Santa Cruz,Cordillera,AIOC Charagua Iyambae,Esc. Secc. El Espino,El Espino,Uninominal/Especial,-19.22458,-63.260082,55,.,.
Bolivia,Santa Cruz,Cordillera,Gutiérrez,Esc. Secc. Guasanti,Guasanti,Uninominal/Especial,-19.78613,-63.42537,56,.,.
Bolivia,Santa Cruz,Cordillera,Camiri,Esc. Secc. Guirarapo,Guirarapo,Uninominal/Especial,-20.09914,-63.48684,55,.,.
Bolivia,Santa Cruz,Cordillera,AIOC Charagua Iyambae,Esc. Secc. Huarirenda Nueva,Huarirenda Nueva,Uninominal/Especial,-19.175786,-62.528062,55,.,.
Bolivia,Santa Cruz,Cordillera,Camiri,Esc. Secc. Imbochi,Imbochi,Uninominal/Especial,-20.06726,-63.51324,55,.,.
Bolivia,Santa Cruz,Cordillera,Cuevo,Esc. Secc. Itakuatia,Itakuatia,Uninominal/Especial,-20.114094,-63.663027,55,.,.
Bolivia,Santa Cruz,Guarayos,Urubicha,Esc. Secc. Mon. Salvatierra,Monseñor Salvatierra,Especial,-15.50296,-63.01738,5,.,.
Bolivia,Santa Cruz,Cordillera,Boyuibe,Esc. Secc. Pozo de Monte,Pozo del Monte,Uninominal/Especial,-20.287397,-63.262088,55,.,.
Bolivia,Santa Cruz,Cordillera,Camiri,Esc. Secc. Puente Viejo,Puente Viejo,Uninominal/Especial,-20.01106,-63.54469,55,.,.
Bolivia,Santa Cruz,Cordillera,AIOC Charagua Iyambae,Esc. Secc. Rancho Nuevo,Rancho Nuevo,Uninominal/Especial,-19.440204,-62.567922,55,.,.
Bolivia,Santa Cruz,Cordillera,Cabezas,Esc. Secc. San Francisco De Asis,San Lorenzo Brecha 7,Uninominal,-18.13124,-62.9499,55,.,.
Bolivia,Santa Cruz,Cordillera,AIOC Charagua Iyambae,Esc. Secc. Tacobo,Tacobo,Uninominal/Especial,-18.989088,-63.328658,55,.,.
Bolivia,Santa Cruz,Cordillera,AIOC Charagua Iyambae,Esc. Secc. Taputa,Taputá,Uninominal/Especial,-19.590196,-63.221047,55,.,.
Bolivia,Santa Cruz,Cordillera,AIOC Charagua Iyambae,Esc. Secc. de Kaipepe,Caipepe,Uninominal/Especial,-19.719167,-63.141683,55,.,.
Bolivia,Santa Cruz,Chiquitos,Roboré,Esc. Seccional Aguas Calientes,Aguas Calientes,Uninominal/Especial,-18.45304,-59.50294,54,.,.
Bolivia,Santa Cruz,Cordillera,Lagunillas,Esc. Seccional Alto Parapeti,Alto Parapeti,Uninominal/Especial,-19.947464,-63.640233,55,.,.
Bolivia,Santa Cruz,Warnes,Warnes,Esc. Seccional Azuzaqui,Asusaqu?¡,Uninominal,-17.432345,-63.159461,57,.,.
Bolivia,Santa Cruz,Ñuflo De Chávez,Concepción,Esc. Seccional Calendaria,Candelaria (Ñ.de Chavez),Uninominal/Especial,-16.2456,-62.12077,53,.,.
Bolivia,Santa Cruz,Angel Sandoval,San Matías,Esc. Seccional Candelaria,Candelaria,Uninominal/Especial,-16.764517,-58.934118,54,.,.
Bolivia,Santa Cruz,Cordillera,Gutiérrez,Esc. Seccional Capirenda,Capirenda,Uninominal/Especial,-19.6701,-63.37655,56,.,.
Bolivia,Santa Cruz,Chiquitos,Pailón,Esc. Seccional Cañada Larga,Cañada Larga,Uninominal/Especial,-17.641934,-62.491463,54,.,.
Bolivia,Santa Cruz,Chiquitos,Roboré,Esc. Seccional Chochis,Choch?¡s,Uninominal,-18.148974,-60.031024,54,.,.
Bolivia,Santa Cruz,Ñuflo De Chávez,San Javier,Esc. Seccional Coronacion,Coronaciñn,Uninominal/Especial,-16.50191,-62.63953,53,.,.
Bolivia,Santa Cruz,Guarayos,El Puente,Esc. Seccional El Carmen,El Cármen (Nñcleo 53),Uninominal,-16.36871,-63.209898,53,.,.
Bolivia,Santa Cruz,Cordillera,Cabezas,Esc. Seccional El Filo,El Filo,Uninominal,-18.416954,-63.595217,55,.,.
Bolivia,Santa Cruz,Cordillera,Camiri,Esc. Seccional El Rodeo,El Rodeo,Uninominal/Especial,-19.963118,-63.412659,55,.,.
Bolivia,Santa Cruz,Obispo Santistéban,Fernández Alonso,Esc. Seccional Faja Bolivar,Nueva Jerusalen (Litoral),Uninominal,-16.973433,-63.228981,52,.,.
Bolivia,Santa Cruz,Cordillera,AIOC Charagua Iyambae,Esc. Seccional Isiporenda,Isiporenda,Uninominal/Especial,-19.833383,-62.730233,55,.,.
Bolivia,Santa Cruz,Cordillera,AIOC Charagua Iyambae,Esc. Seccional Itatique,Itatique,Uninominal,-20.261714,-63.150445,55,.,.
Bolivia,Santa Cruz,Cordillera,Gutiérrez,Esc. Seccional Itembeguazu,Itembeguazu,Uninominal/Especial,-19.36706,-63.36713,56,.,.
Bolivia,Santa Cruz,Warnes,Warnes,Esc. Seccional La Marina,La Marina,Uninominal,-17.4187,-63.00195,57,.,.
Bolivia,Santa Cruz,Guarayos,El Puente,Esc. Seccional Limoncito,Limoncito.,Especial,-15.917671,-63.383224,5,.,.
Bolivia,Santa Cruz,Obispo Santistéban,San Pedro,Esc. Seccional Litoral,Colonia Calama,Uninominal,-16.72976,-63.57311,52,.,.
Bolivia,Santa Cruz,Cordillera,Camiri,Esc. Seccional Pipi,Pipi,Uninominal,-20.083076,-63.42315,55,.,.
Bolivia,Santa Cruz,Cordillera,Cabezas,Esc. Seccional Pueblo Viejo,Pueblo Viejo (Florida),Uninominal,-18.56561,-63.379357,55,.,.
Bolivia,Santa Cruz,Cordillera,Gutiérrez,Esc. Seccional S. Miguel Pocito,San Miguel de Posito,Uninominal,-19.68275,-63.45378,56,.,.
Bolivia,Santa Cruz,Ñuflo De Chávez,San Antonio de Lomerio,Esc. Seccional Salinas,Salinas,Uninominal/Especial,-16.981817,-61.857027,53,.,.
Bolivia,Santa Cruz,Cordillera,AIOC Charagua Iyambae,Esc. Seccional San F. de Parapeti,San Francisco,Uninominal/Especial,-19.988769,-63.139552,55,.,.
Bolivia,Santa Cruz,Cordillera,AIOC Charagua Iyambae,Esc. Seccional San Lorenzo,San Lorenzo (Cordillera),Uninominal/Especial,-19.649003,-63.124447,55,.,.
Bolivia,Santa Cruz,Andrés Ibáñez,El Torno,Esc. Seccional Santa Rita,Santa Rita,Uninominal,-17.97818,-63.37109,56,.,.
Bolivia,Santa Cruz,Andrés Ibáñez,Santa Cruz de La Sierra,Esc. Seccional Villa Flor,Villa Pantano,Uninominal,-17.91508,-63.12761,49,.,.
Bolivia,Santa Cruz,Cordillera,Cabezas,Esc. Serafin Rodriguez,Cabezas,Uninominal,-18.78667,-63.31145,55,.,.
Bolivia,Santa Cruz,Manuel María Caballero,Comarapa,Esc. Siberia,Siberia,Uninominal,-17.82761,-64.75382,56,.,.
Bolivia,Santa Cruz,Andrés Ibáñez,Santa Cruz de La Sierra,Esc. Solidaridad 55,Palmar del Oratorio,Uninominal,-17.88467,-63.09384,49,.,.
Bolivia,Santa Cruz,Obispo Santistéban,Mineros,Esc. Sub. Central la Porfia,La Porf?¡a,Uninominal,-17.056706,-63.151138,52,.,.
Bolivia,Santa Cruz,Cordillera,Lagunillas,Esc. Tasete,Tasete,Uninominal/Especial,-20.011447,-63.641435,55,.,.
Bolivia,Santa Cruz,Cordillera,Gutiérrez,Esc. Tatarenda Vieja,Tatarenda Vieja,Uninominal/Especial,-19.215102,-63.487451,56,.,.
Bolivia,Santa Cruz,Vallegrande,Vallegrande,Esc. Temporal,Temporal,Uninominal,-18.635985,-64.076375,56,.,.
Bolivia,Santa Cruz,Warnes,Warnes,Esc. Terracor,Valle Sánchez (Warnes),Uninominal,-17.655594,-63.186553,57,.,.
Bolivia,Santa Cruz,Vallegrande,Postrervalle,Esc. Tierras Nuevas,Tierras Nuevas,Uninominal,-18.484212,-63.903618,56,.,.
Bolivia,Santa Cruz,Florida,Samaipata,Esc. Timoteo Rondales,Bermejo,Uninominal,-18.130626,-63.634351,56,.,.
Bolivia,Santa Cruz,Andrés Ibáñez,La Guardia,Esc. Tomas José Morales,La Guardia,Uninominal,-17.89173,-63.33047,55,.,.
Bolivia,Santa Cruz,Manuel María Caballero,Comarapa,Esc. Torrecillas,Torrecillas,Uninominal,-17.86851,-64.61208,56,.,.
Bolivia,Santa Cruz,Vallegrande,Trigal,Esc. Tte.Roman Alderette,Muyurina,Uninominal,-18.35822,-64.15926,56,.,.
Bolivia,Santa Cruz,Warnes,Warnes,Esc. Turobito,Turobito,Uninominal,-17.364713,-63.145014,57,.,.
Bolivia,Santa Cruz,Ñuflo De Chávez,San Julian,Esc. U.E. 16 de Marzo,16 de Marzo,Uninominal/Especial,-16.934573,-62.469957,53,.,.
Bolivia,Santa Cruz,Obispo Santistéban,Fernández Alonso,Esc. U.E. Betania,Betania,Especial,-16.887313,-63.254748,5,.,.
Bolivia,Santa Cruz,Guarayos,El Puente,Esc. U.E. Bolivar,Nñcleo 50-Villa Esperanza,Uninominal,-16.39906,-63.136772,53,.,.
Bolivia,Santa Cruz,Ichilo,Buena Vista,Esc. U.E. Caranda,Caranda,Uninominal,-17.52241,-63.53439,56,.,.
Bolivia,Santa Cruz,Ichilo,Yapacaní,Esc. U.E. Cascabel,Cascabel,Uninominal,-17.05944,-64.25111,57,.,.
Bolivia,Santa Cruz,Obispo Santistéban,General Saavedra,Esc. U.E. Chane Bedoya,Chané Bedoya,Uninominal,-17.02967,-63.07076,52,.,.
Bolivia,Santa Cruz,Florida,Pampa Grande,Esc. U.E. Eduardo Avaroa,Los Negros,Uninominal,-18.05703,-64.12405,56,.,.
Bolivia,Santa Cruz,Ñuflo De Chávez,San Julian,Esc. U.E. El Limonal,Nñcleo 32 - El Limonal,Uninominal,-16.60476,-62.948716,53,.,.
Bolivia,Santa Cruz,Vallegrande,Moromoro,Esc. U.E. El Veladero,El Veladero,Uninominal,-18.35126,-64.26523,56,.,.
Bolivia,Santa Cruz,Angel Sandoval,San Matías,Esc. U.E. Emilia Rodat,San Matías,Uninominal,-16.35967,-58.40152,54,.,.
Bolivia,Santa Cruz,Ichilo,Yapacaní,Esc. U.E. German Busch (P. Grether),Puerto Grether,Uninominal,-17.184564,-64.35185,57,.,.
Bolivia,Santa Cruz,Obispo Santistéban,General Saavedra,Esc. U.E. Gualberto Villarroel,Colonia Aroma,Uninominal,-17.220344,-63.132408,52,.,.
Bolivia,Santa Cruz,Ñuflo De Chávez,Concepción,Esc. U.E. Guayaba,Guayaba,Uninominal/Especial,-16.112016,-62.009577,53,.,.
Bolivia,Santa Cruz,Velasco,San Ignacio,Esc. U.E. La Estrella,La Estrella,Uninominal/Especial,-15.57549,-61.51268,54,.,.
Bolivia,Santa Cruz,Manuel María Caballero,Comarapa,Esc. U.E. La Palizada,La Palizada,Uninominal,-18.06145,-64.43266,56,.,.
Bolivia,Santa Cruz,Ñuflo De Chávez,San Javier,Esc. U.E. Las Abras,Las Abras,Uninominal/Especial,-16.31566,-62.62867,53,.,.
Bolivia,Santa Cruz,Ñuflo De Chávez,Concepción,Esc. U.E. Las Mercedes,Las Mercedes,Uninominal/Especial,-16.637463,-62.155207,53,.,.
Bolivia,Santa Cruz,Ñuflo De Chávez,San Antonio de Lomerio,Esc. U.E. Las Trancas,Las Trancas,Uninominal/Especial,-16.597499,-61.866984,53,.,.
Bolivia,Santa Cruz,Ñuflo De Chávez,San Antonio de Lomerio,Esc. U.E. Monterito,Monterito,Uninominal/Especial,-16.706607,-61.968337,53,.,.
Bolivia,Santa Cruz,Ichilo,Yapacaní,Esc. U.E. Nucleo Central el Condor,El Condor,Uninominal,-17.428641,-64.128434,57,.,.
Bolivia,Santa Cruz,Ichilo,Yapacaní,Esc. U.E. Nucleo Central los Pozos,Los Pozos,Uninominal,-17.0136,-64.07143,57,.,.
Bolivia,Santa Cruz,Ñuflo De Chávez,San Antonio de Lomerio,Esc. U.E. Padre Pio,Fátima,Uninominal/Especial,-16.682294,-61.839696,53,.,.
Bolivia,Santa Cruz,Ichilo,Buena Vista,Esc. U.E. Pedro Domingo Murillo,Espejitos,Uninominal,-17.63503,-63.57303,56,.,.
Bolivia,Santa Cruz,Ichilo,Buena Vista,Esc. U.E. San Isidro,San Isidro,Uninominal,-17.44589,-63.53614,56,.,.
Bolivia,Santa Cruz,Ichilo,Buena Vista,Esc. U.E. San Javier,San Javier (Ichilo),Uninominal,-17.364189,-63.567525,56,.,.
Bolivia,Santa Cruz,Obispo Santistéban,Mineros,Esc. U.E. San Juan del Carmen,San Juan del Carmen,Especial,-17.098428,-63.187292,5,.,.
Bolivia,Santa Cruz,Velasco,San Miguel,Esc. U.E. San Luisito de Lima,San Luisito de Lima,Uninominal/Especial,-16.79143,-61.22618,53,.,.
Bolivia,Santa Cruz,Ñuflo De Chávez,San Javier,Esc. U.E. San Pablo,San Pablo,Uninominal/Especial,-16.16368,-62.59928,53,.,.
Bolivia,Santa Cruz,Velasco,San Miguel,Esc. U.E. San Pedro del Cerrito,San Pedro del Cerrito,Uninominal/Especial,-16.61456,-61.1039,53,.,.
Bolivia,Santa Cruz,Ñuflo De Chávez,Concepción,Esc. U.E. San Silvestre,San Silvestre,Uninominal/Especial,-15.873383,-61.865097,53,.,.
Bolivia,Santa Cruz,Manuel María Caballero,Saipina,Esc. U.E. Santa Catalina Chilon,Chilñn,Uninominal,-18.001979,-64.638255,56,.,.
Bolivia,Santa Cruz,Ñuflo De Chávez,Concepción,Esc. U.E. Santa Monica,Santa Mñnica,Uninominal/Especial,-15.97295,-62.19145,53,.,.
Bolivia,Santa Cruz,Ñuflo De Chávez,San Javier,Esc. U.E. Santa Rita,Santa Rita,Uninominal/Especial,-16.102941,-62.408976,53,.,.
Bolivia,Santa Cruz,Obispo Santistéban,General Saavedra,Esc. U.E. Santiago Cornen,Puente Caimanes,Uninominal,-17.07392,-63.07765,52,.,.
Bolivia,Santa Cruz,Ichilo,Buena Vista,Esc. U.E. Santo Esposorio,Palacios,Uninominal,-17.358148,-63.608748,56,.,.
Bolivia,Santa Cruz,Ñuflo De Chávez,San Julian,Esc. U.E. Segunda Milla,Nñcleo 70 - Segunda Milla,Uninominal,-16.506144,-62.91419,53,.,.
Bolivia,Santa Cruz,Velasco,San Ignacio,Esc. U.E. Simon Bolivar,San Nicolas del Cerrito,Uninominal/Especial,-15.33675,-60.42154,54,.,.
Bolivia,Santa Cruz,Ñuflo De Chávez,San Javier,Esc. U.E. Turux Napez,Turux Napez,Uninominal/Especial,-16.06091,-62.54155,53,.,.
Bolivia,Santa Cruz,Obispo Santistéban,Fernández Alonso,Esc. U.E. Victor Hugo Otalora,Puesto Fernández,Uninominal,-17.009792,-63.228351,52,.,.
Bolivia,Santa Cruz,Ñuflo De Chávez,Concepción,Esc. U.E. Zapoco,Zapoco,Especial,-16.49761,-61.64749,5,.,.
Bolivia,Santa Cruz,Angel Sandoval,San Matías,Esc. U.E.Tecnica Vocacional,San Matías,Uninominal,-16.36109,-58.40529,54,.,.
Bolivia,Santa Cruz,Cordillera,Cuevo,Esc. Ub. Angel Sandoval,Cuevo,Uninominal,-20.455024,-63.521764,55,.,.
Bolivia,Santa Cruz,Warnes,Warnes,Esc. Unid. Edu.   Motacu,Motacñ,Uninominal,-17.555541,-63.118129,57,.,.
Bolivia,Santa Cruz,Warnes,Warnes,Esc. Unid. Edu.  Juan Latino,Juan Latino,Uninominal,-17.444301,-63.221114,57,.,.
Bolivia,Santa Cruz,Warnes,Warnes,Esc. Unid. Edu.  La Reforma,La Reforma,Uninominal,-17.26757,-63.070011,57,.,.
Bolivia,Santa Cruz,Warnes,Warnes,Esc. Unid. Edu. 21 De Octubre,Alba Tapera,Especial,-17.409913,-62.991847,5,.,.
Bolivia,Santa Cruz,Warnes,Warnes,Esc. Unid. Edu. El Tajibo,El Tajibo,Uninominal,-17.246978,-62.996463,57,.,.
Bolivia,Santa Cruz,Warnes,Okinawa Uno,Esc. Unid. Edu. San Miguel,San Miguel,Uninominal,-17.439978,-62.904087,53,.,.
Bolivia,Santa Cruz,Warnes,Warnes,Esc. Unid. Edu. Seccional El Futuro,Futuro,Especial,-17.36139,-63.0559,5,.,.
Bolivia,Santa Cruz,Warnes,Okinawa Uno,Esc. Unid. Edu. Seccional Puerto Nuevo,Puerto Nuevo,Uninominal,-17.179086,-62.790182,53,.,.
Bolivia,Santa Cruz,Florida,Samaipata,Esc. Unidad Educativa 27 De Mayo,Achiras,Uninominal,-18.17142,-63.79241,56,.,.
Bolivia,Santa Cruz,Vallegrande,Vallegrande,Esc. Unidad Educativa Arenales,Arenales,Uninominal,-18.957729,-63.720461,56,.,.
Bolivia,Santa Cruz,Cordillera,Cuevo,Esc. Unidad Educativa Ivicuati,Ivicuati,Uninominal/Especial,-20.37102,-63.41391,55,.,.
Bolivia,Santa Cruz,Warnes,Okinawa Uno,Esc. Unidad Educativa Nueva Esperanza,Nueva Esperanza,Uninominal,-17.248256,-62.786095,53,.,.
Bolivia,Santa Cruz,Cordillera,Cuevo,Esc. Unidad Seccional Huaraca,Huaraca,Uninominal/Especial,-20.141238,-63.679778,55,.,.
Bolivia,Santa Cruz,Andrés Ibáñez,Santa Cruz de La Sierra,Esc. Usuri Aponte,Usuri,Uninominal,-17.92564,-63.05743,49,.,.
Bolivia,Santa Cruz,Warnes,Warnes,Esc. Valle Sanchez,Valle Sánchez (Warnes),Uninominal,-17.656027,-63.165638,57,.,.
Bolivia,Santa Cruz,Andrés Ibáñez,El Torno,Esc. Villa Barrientos,Villa Barrientos,Uninominal,-18.01478,-63.35257,56,.,.
Bolivia,Santa Cruz,Velasco,San Rafael,Esc. Villa Fatima,Villa Fátima,Uninominal/Especial,-16.964896,-60.603542,54,.,.
Bolivia,Santa Cruz,Obispo Santistéban,San Pedro,Esc. Villa Rosario,Villa Rosario,Uninominal,-16.93978,-63.426294,52,.,.
Bolivia,Santa Cruz,Cordillera,Cabezas,Esc. Yatirenda,Yatirenda,Uninominal/Especial,-18.60128,-63.22488,55,.,.
Bolivia,Santa Cruz,Cordillera,Cabezas,Esc. Zanja Honda,Zanja Honda,Uninominal,-18.282737,-63.190677,55,.,.
Bolivia,Santa Cruz,Andrés Ibáñez,Santa Cruz de La Sierra,Esc. Zenovia Aponte,Palmar del Oratorio,Uninominal,-17.87117,-63.10257,49,.,.
Bolivia,Santa Cruz,Vallegrande,Vallegrande,Esc. de Chacopata,Chacopata,Uninominal,-18.357379,-64.228447,56,.,.
Bolivia,Santa Cruz,Andrés Ibáñez,Santa Cruz de La Sierra,Escuela 1ro. de Mayo,Santa Cruz de la Sierra,Uninominal,-17.725575,-63.156039,44,.,.
Bolivia,Santa Cruz,Andrés Ibáñez,Santa Cruz de La Sierra,Escuela 23 de Marzo,Santa Cruz de la Sierra,Uninominal,-17.718285,-63.14704,44,.,.
Bolivia,Santa Cruz,Ñuflo De Chávez,San Javier,Escuela Adolfo Burton,San Javier (Ñ.de Chavez),Uninominal,-16.27246,-62.50405,53,.,.
Bolivia,Santa Cruz,Andrés Ibáñez,Santa Cruz de La Sierra,Escuela Adolfo Roman Hijo,Ingeniero Montero Hoyos,Uninominal,-17.6432,-62.823514,46,.,.
Bolivia,Santa Cruz,Andrés Ibáñez,El Torno,Escuela Andres Ibañez,Limoncito,Uninominal,-18.02817,-63.40279,56,.,.
Bolivia,Santa Cruz,Andrés Ibáñez,Cotoca,Escuela Callejas,Cotoca,Uninominal,-17.766163,-63.059745,47,.,.
Bolivia,Santa Cruz,Andrés Ibáñez,Santa Cruz de La Sierra,Escuela Canoto,Santa Cruz de la Sierra,Uninominal,-17.78442,-63.19444,44,.,.
Bolivia,Santa Cruz,Andrés Ibáñez,Porongo,Escuela Central Aniceto Parada Roca,Luquillas,Uninominal,-17.6197,-63.44804,56,.,.
Bolivia,Santa Cruz,Cordillera,AIOC Charagua Iyambae,Escuela Central Fe y Alegria,Charagua,Uninominal,-19.790759,-63.196864,55,.,.
Bolivia,Santa Cruz,Andrés Ibáñez,Porongo,Escuela Central Sombrerito,Sombrerito,Uninominal,-17.88821,-63.36818,56,.,.
Bolivia,Santa Cruz,Andrés Ibáñez,Cotoca,Escuela Col. San Marcos,Cotoca,Uninominal,-17.75545,-62.98962,47,.,.
Bolivia,Santa Cruz,Warnes,Okinawa Uno,Escuela Colegio Evangelico Metodista,Okinawa 1,Uninominal,-17.219152,-62.889175,53,.,.
Bolivia,Santa Cruz,Andrés Ibáñez,Cotoca,Escuela Colegio Lorenzo Cortez Rivera,Cotoca,Uninominal,-17.750758,-62.995138,47,.,.
Bolivia,Santa Cruz,Andrés Ibáñez,Cotoca,Escuela Colegio Manuel Angel Cortez,Cotoca,Uninominal,-17.75491,-63.0035,47,.,.
Bolivia,Santa Cruz,Ichilo,Yapacaní,Escuela Corte Hondo,Corte Hondo,Especial,-16.648464,-64.746951,5,.,.
Bolivia,Santa Cruz,Andrés Ibáñez,Cotoca,Escuela Demetrio Añez,Puerto Pailas,Uninominal,-17.66665,-62.79085,47,.,.
Bolivia,Santa Cruz,Andrés Ibáñez,Porongo,Escuela Irenia Montero,Agua Dulce,Uninominal,-17.87279,-63.4469,56,.,.
Bolivia,Santa Cruz,Andrés Ibáñez,La Guardia,Escuela José Gil Soruco,Pedro Lorenzo,Uninominal,-17.95629,-63.2532,55,.,.
Bolivia,Santa Cruz,Andrés Ibáñez,Santa Cruz de La Sierra,Escuela Km 9,Santa Cruz de la Sierra,Uninominal,-17.6916,-63.15509,44,.,.
Bolivia,Santa Cruz,Ñuflo De Chávez,San Julian,Escuela Luz y Verdad,Nñcleo 29-Illimani,Uninominal,-16.63566,-62.91896,53,.,.
Bolivia,Santa Cruz,Andrés Ibáñez,La Guardia,Escuela Maestro Pitagoras,Simon Bolivar,Uninominal,-17.89535,-63.29059,55,.,.
Bolivia,Santa Cruz,Andrés Ibáñez,Santa Cruz de La Sierra,Escuela Nueva Aurora,Remanso,Uninominal,-17.577191,-62.824901,46,.,.
Bolivia,Santa Cruz,Andrés Ibáñez,La Guardia,Escuela Nueva Esperanza,Kilñmetro Doce,Uninominal,-17.86146,-63.26702,55,.,.
Bolivia,Santa Cruz,Andrés Ibáñez,Santa Cruz de La Sierra,Escuela Primavera,Santa Cruz de la Sierra,Uninominal,-17.708983,-63.129114,44,.,.
Bolivia,Santa Cruz,Andrés Ibáñez,Porongo,Escuela Puerto Ichilo,Colinas del Urubo,Uninominal,-17.74908,-63.23566,56,.,.
Bolivia,Santa Cruz,Andrés Ibáñez,Cotoca,Escuela Rep. de Mexico,Campanero,Uninominal,-17.7372,-62.95778,47,.,.
Bolivia,Santa Cruz,Andrés Ibáñez,Santa Cruz de La Sierra,Escuela San Carlos,Santa Cruz de la Sierra,Uninominal,-17.7572,-63.18186,44,.,.
Bolivia,Santa Cruz,Andrés Ibáñez,Santa Cruz de La Sierra,Escuela San Joaquin,Santa Cruz de la Sierra,Uninominal,-17.722381,-63.136676,44,.,.
Bolivia,Santa Cruz,Andrés Ibáñez,El Torno,Escuela Santa Martha,Santa Martha,Uninominal,-17.96476,-63.36341,56,.,.
Bolivia,Santa Cruz,Cordillera,Lagunillas,Escuela Seccional Aquio,Aqu?¡o,Uninominal/Especial,-19.70833,-63.68824,55,.,.
Bolivia,Santa Cruz,Andrés Ibáñez,Santa Cruz de La Sierra,Escuela Seccional Guapilo,Guapilo,Uninominal,-17.760562,-63.081403,46,.,.
Bolivia,Santa Cruz,Cordillera,AIOC Charagua Iyambae,Escuela Seccional Saipuru,Saipurñ,Uninominal/Especial,-19.522041,-63.23007,55,.,.
Bolivia,Santa Cruz,Andrés Ibáñez,Santa Cruz de La Sierra,Escuela Seccional Zafranilla,Zafranilla,Uninominal,-17.62794,-63.00508,46,.,.
Bolivia,Santa Cruz,Andrés Ibáñez,Porongo,Escuela Tarumatu,Tarumatu,Uninominal,-17.65729,-63.24299,56,.,.
Bolivia,Santa Cruz,Andrés Ibáñez,El Torno,Escuela Tiquipaya,Tiquipaya,Uninominal,-18.08387,-63.45114,56,.,.
Bolivia,Santa Cruz,Chiquitos,Pailón,Escuela Tunas Nuevo,Tunas Nuevo,Uninominal,-17.639084,-61.712867,54,.,.
Bolivia,Santa Cruz,Andrés Ibáñez,Cotoca,Escuela U.E Club Social 24 de Septiembre,Mapaiso de las Piedades,Uninominal,-17.69314,-63.0174,47,.,.
Bolivia,Santa Cruz,Warnes,Okinawa Uno,Escuela Unid. Edu.Nuevo Horizonte,Nuevo Horizonte,Uninominal,-17.32424,-62.80159,53,.,.
Bolivia,Santa Cruz,Andrés Ibáñez,Cotoca,Escuela Unidad Educativa Oscar Alfaro,El Bisito,Uninominal,-17.79542,-63.01909,47,.,.
Bolivia,Santa Cruz,Andrés Ibáñez,Santa Cruz de La Sierra,Facultad de Ciencias Agricolas U.A.G.R.M.,Santa Cruz de la Sierra,Uninominal,-17.698143,-63.148744,44,.,.
Bolivia,Santa Cruz,Andrés Ibáñez,Santa Cruz de La Sierra,Fred Nuñez Gonzales,Santa Cruz de la Sierra,Uninominal,-17.717763,-63.069608,46,.,.
Bolivia,Santa Cruz,Ñuflo De Chávez,San Javier,GUILLERMO AÑEZ (Temporal),San Javier (Ñ.de Chavez),Uninominal,-16.272934,-62.505626,53,.,.
Bolivia,Santa Cruz,Andrés Ibáñez,Santa Cruz de La Sierra,Gladys Rivero De Jimenez,Santa Cruz de la Sierra,Uninominal,-17.77348,-63.20806,44,.,.
Bolivia,Santa Cruz,Andrés Ibáñez,Santa Cruz de La Sierra,Hermann Gmeiner (Temporal),Santa Cruz de la Sierra,Uninominal,-17.829936,-63.234561,51,.,.
Bolivia,Santa Cruz,Ñuflo De Chávez,Concepción,Hogar Parroquial Altamira,Altamira,Uninominal/Especial,-16.148425,-62.010326,53,.,.
Bolivia,Santa Cruz,Andrés Ibáñez,Santa Cruz de La Sierra,Kinder Cariñosito,Santa Cruz de la Sierra,Uninominal,-17.849401,-63.214436,50,.,.
Bolivia,Santa Cruz,Andrés Ibáñez,Santa Cruz de La Sierra,Kinder Ferroviario,Santa Cruz de la Sierra,Uninominal,-17.781,-63.145,47,.,.
Bolivia,Santa Cruz,Andrés Ibáñez,Santa Cruz de La Sierra,Kinder Guarderia El Carmen,Santa Cruz de la Sierra,Uninominal,-17.770506,-63.203873,44,.,.
Bolivia,Santa Cruz,Andrés Ibáñez,Santa Cruz de La Sierra,Kinder Japon V  (Temporal),Santa Cruz de la Sierra,Uninominal,-17.808413,-63.194619,51,.,.
Bolivia,Santa Cruz,Andrés Ibáñez,Santa Cruz de La Sierra,Kinder Libertad,Santa Cruz de la Sierra,Uninominal,-17.800112,-63.120663,47,.,.
Bolivia,Santa Cruz,Andrés Ibáñez,Santa Cruz de La Sierra,Kinder Luisa Saucedo,Santa Cruz de la Sierra,Uninominal,-17.77909,-63.18323,44,.,.
Bolivia,Santa Cruz,Guarayos,Ascención de Guarayos,Kinder Mi Dulce Hogar,Ascenciñn (Guarayos),Uninominal,-15.898185,-63.187917,53,.,.
Bolivia,Santa Cruz,Andrés Ibáñez,Santa Cruz de La Sierra,Kinder Nimia Centella,Santa Cruz de la Sierra,Uninominal,-17.78436,-63.11775,47,.,.
Bolivia,Santa Cruz,Vallegrande,Vallegrande,Kinder Santa Maria,Vallegrande,Uninominal,-18.486182,-64.101602,56,.,.
Bolivia,Santa Cruz,Andrés Ibáñez,Santa Cruz de La Sierra,LIB. Simon Bolivar (Temporal),Santa Cruz de la Sierra,Uninominal,-17.841487,-63.192937,50,.,.
Bolivia,Santa Cruz,Andrés Ibáñez,Santa Cruz de La Sierra,Luz Del Mundo C,Santa Cruz de la Sierra,Uninominal,-17.77199,-63.1118,46,.,.
Bolivia,Santa Cruz,Andrés Ibáñez,La Guardia,Madre Teresa De Calcuta,El Carmen (Ibañez),Uninominal,-17.878477,-63.23116,55,.,.
Bolivia,Santa Cruz,Ñuflo De Chávez,Concepción,Medio Monte,Medio Monte,Uninominal,-16.52462,-62.07742,53,.,.
Bolivia,Santa Cruz,Andrés Ibáñez,Santa Cruz de La Sierra,Misiones De Jesus,Santa Cruz de la Sierra,Uninominal,-17.84764,-63.21696,50,.,.
Bolivia,Santa Cruz,Andrés Ibáñez,Santa Cruz de La Sierra,Modulo 10 de Octubre (Temporal),Santa Cruz de la Sierra,Uninominal,-17.74091,-63.119534,46,.,.
Bolivia,Santa Cruz,Andrés Ibáñez,Santa Cruz de La Sierra,Modulo Educativo 24 De Septiembre,Santa Cruz de la Sierra,Uninominal,-17.819547,-63.205039,51,.,.
Bolivia,Santa Cruz,Andrés Ibáñez,Santa Cruz de La Sierra,Modulo Educativo Cenetrop,Santa Cruz de la Sierra,Uninominal,-17.868277,-63.175314,50,.,.
Bolivia,Santa Cruz,Andrés Ibáñez,Santa Cruz de La Sierra,Modulo Educativo German Busch,Santa Cruz de la Sierra,Uninominal,-17.735019,-63.174423,44,.,.
Bolivia,Santa Cruz,Andrés Ibáñez,Santa Cruz de La Sierra,Modulo Educativo Jardin Latino,Santa Cruz de la Sierra,Uninominal,-17.811045,-63.226846,51,.,.
Bolivia,Santa Cruz,Andrés Ibáñez,Santa Cruz de La Sierra,Modulo Educativo José Miguel De Velasco,Santa Cruz de la Sierra,Uninominal,-17.75368,-63.18459,44,.,.
Bolivia,Santa Cruz,Andrés Ibáñez,Santa Cruz de La Sierra,Modulo Educativo Maria De Mattias,Santa Cruz de la Sierra,Uninominal,-17.844515,-63.193289,50,.,.
Bolivia,Santa Cruz,Andrés Ibáñez,Santa Cruz de La Sierra,Modulo Educativo Republica De Colombia,Santa Cruz de la Sierra,Uninominal,-17.860021,-63.20602,50,.,.
Bolivia,Santa Cruz,Warnes,Warnes,Modulo Educativo Valle Sanchez (Temporal),Valle Sánchez (Warnes),Uninominal,-17.660879,-63.167334,57,.,.
Bolivia,Santa Cruz,Andrés Ibáñez,Santa Cruz de La Sierra,Modulo Jaime Paz Zamora (Temporal),Santa Cruz de la Sierra,Uninominal,-17.830141,-63.166916,50,.,.
Bolivia,Santa Cruz,Andrés Ibáñez,Santa Cruz de La Sierra,Modulo Rancho Nuevo,Santa Cruz de la Sierra,Uninominal,-17.74573,-63.12128,46,.,.
Bolivia,Santa Cruz,Andrés Ibáñez,Santa Cruz de La Sierra,Modulo Santa Ana (Temporal),Santa Cruz de la Sierra,Uninominal,-17.74091,-63.119534,46,.,.
Bolivia,Santa Cruz,Andrés Ibáñez,Santa Cruz de La Sierra,Modulo Urb. Cotoca (Temporal),Santa Cruz de la Sierra,Uninominal,-17.757415,-63.102253,46,.,.
Bolivia,Santa Cruz,Guarayos,El Puente,Monte Sinai,Monte Sinai,Uninominal,-16.230472,-63.298932,53,.,.
Bolivia,Santa Cruz,Andrés Ibáñez,Santa Cruz de La Sierra,Motacusal,Santa Cruz de la Sierra,Uninominal,-17.68219,-63.10342,46,.,.
Bolivia,Santa Cruz,Andrés Ibáñez,Santa Cruz de La Sierra,Naciones Unidas,Santa Cruz de la Sierra,Uninominal,-17.732546,-63.177396,44,.,.
Bolivia,Santa Cruz,Andrés Ibáñez,Santa Cruz de La Sierra,Neptaly Sandoval   (Temporal),Santa Cruz de la Sierra,Uninominal,-17.783902,-63.151249,45,.,.
Bolivia,Santa Cruz,Ichilo,San Juan,Nucleo Central La Enconada,La Enconada,Uninominal,-17.056273,-63.895757,57,.,.
Bolivia,Santa Cruz,Andrés Ibáñez,El Torno,Nucleo Central Taruma,Tarumá - San Lu?¡s,Uninominal,-18.11805,-63.46047,56,.,.
Bolivia,Santa Cruz,Andrés Ibáñez,Santa Cruz de La Sierra,Pedro Diez,Santa Cruz de la Sierra,Uninominal,-17.85394,-63.18398,50,.,.
Bolivia,Santa Cruz,Ñuflo De Chávez,San Antonio de Lomerio,Pedro Pablo Peña Garcia,Palmira,Uninominal/Especial,-16.752924,-61.934605,53,.,.
Bolivia,Santa Cruz,Warnes,Warnes,Politecnico Pentaguazu,Satélite Norte,Uninominal,-17.595029,-63.130771,57,.,.
Bolivia,Santa Cruz,Andrés Ibáñez,Santa Cruz de La Sierra,Progreso,Santa Cruz de la Sierra,Uninominal,-17.72208,-63.13077,46,.,.
Bolivia,Santa Cruz,Andrés Ibáñez,Santa Cruz de La Sierra,Sahara Guardia,Santa Cruz de la Sierra,Uninominal,-17.85209,-63.20287,50,.,.
Bolivia,Santa Cruz,Andrés Ibáñez,El Torno,Seccional Parabanocito,Parabanocito,Uninominal,-18.22056,-63.46001,56,.,.
Bolivia,Santa Cruz,Andrés Ibáñez,Santa Cruz de La Sierra,U. E. Carlos La Torre,Santa Cruz de la Sierra,Uninominal,-17.77396,-63.12363,47,.,.
Bolivia,Santa Cruz,Andrés Ibáñez,Cotoca,U. E. Ciudadela Nueva Jerusalén,Mapaiso de las Piedades,Uninominal,-17.721085,-63.030424,47,.,.
Bolivia,Santa Cruz,Ñuflo De Chávez,Concepción,U. E. Eduardo Abaroa,Integracion A,Uninominal,-15.115,-61.485,53,.,.
Bolivia,Santa Cruz,Andrés Ibáñez,Santa Cruz de La Sierra,U. E. El Retoño,Santa Cruz de la Sierra,Uninominal,-17.73956,-63.07298,46,.,.
Bolivia,Santa Cruz,Andrés Ibáñez,Santa Cruz de La Sierra,U. E. Escuela Ñuflo De Chavez,Santa Cruz de la Sierra,Uninominal,-17.747153,-63.158578,45,.,.
Bolivia,Santa Cruz,Guarayos,Ascención de Guarayos,U. E. José Barrero Valverde,Ascenciñn (Guarayos),Uninominal,-15.897485,-63.189238,53,.,.
Bolivia,Santa Cruz,Cordillera,Cabezas,U. E. Loma Blanca,Loma Blanca,Uninominal,-18.375,-63.203,55,.,.
Bolivia,Santa Cruz,Chiquitos,Pailón,U. E. Mateo Kuljis,Nueva Belen,Uninominal,-17.613,-62.686,54,.,.
Bolivia,Santa Cruz,Cordillera,Camiri,U. E. Monseñor Salvatierra,Choreti,Uninominal,-20.009839,-63.52497,55,.,.
Bolivia,Santa Cruz,Chiquitos,Pailón,U. E. Nacional 13 de Mayo,Pailón,Uninominal,-17.671708,-62.715078,54,.,.
Bolivia,Santa Cruz,Chiquitos,Pailón,U. E. Prof. Carlos Gomez Cornejo,Pailón,Uninominal,-17.657319,-62.721719,54,.,.
Bolivia,Santa Cruz,Andrés Ibáñez,Santa Cruz de La Sierra,U. E. San Simón,Santa Cruz de la Sierra,Uninominal,-17.795501,-63.135285,47,.,.
Bolivia,Santa Cruz,Andrés Ibáñez,Santa Cruz de La Sierra,U. E. Santa Claudina Thevenet,Santa Cruz de la Sierra,Uninominal,-17.828843,-63.133305,48,.,.
Bolivia,Santa Cruz,Ichilo,Yapacaní,U. E. Santa cruz de la Sierra,Puerto Avaroa,Uninominal,-17.287083,-64.185825,57,.,.
Bolivia,Santa Cruz,Chiquitos,Pailón,U. E. Sinaí,Sina?¡,Uninominal,-17.545,-62.659,54,.,.
Bolivia,Santa Cruz,Cordillera,Lagunillas,U. E. Tenta Piau,Tenta Piau,Especial,-19.557886,-63.668154,5,.,.
Bolivia,Santa Cruz,Velasco,San Ignacio,U. E. Tupac Katari,Cochabamba,Uninominal,-17.437137,-66.135852,21,.,.
Bolivia,Santa Cruz,Cordillera,Cabezas,U. E. Vaca Guzmán,Vaca Guzmán,Uninominal,-18.405,-63.208,55,.,.
Bolivia,Santa Cruz,Ichilo,Buena Vista,U. E.San Miguel Afuera,San Miguél (Ichilo),Uninominal,-17.437512,-63.532238,56,.,.
Bolivia,Santa Cruz,Ñuflo De Chávez,San Julian,U.E San Juan de Berlín,San Julian,Uninominal,-17.060457,-62.626496,53,.,.
Bolivia,Santa Cruz,Ñuflo De Chávez,San Julian,U.E.  1ro de Marzo,Limoncito-R?¡o Grande,Uninominal,-16.641865,-63.292251,53,.,.
Bolivia,Santa Cruz,Andrés Ibáñez,La Guardia,U.E.  23 de Diciembre,El Carmen (Ibañez),Uninominal,-17.85056,-63.24312,55,.,.
Bolivia,Santa Cruz,Ichilo,Yapacaní,U.E.  Don Bosco,San Germán,Uninominal,-17.35061,-64.09068,57,.,.
Bolivia,Santa Cruz,Andrés Ibáñez,La Guardia,U.E.  Juan Pablo II EPDB,El Carmen (Ibañez),Uninominal,-17.873176,-63.242141,55,.,.
Bolivia,Santa Cruz,Andrés Ibáñez,Santa Cruz de La Sierra,U.E.  Kinder 27 de Mayo,Santa Cruz de la Sierra,Uninominal,-17.802387,-63.128804,48,.,.
Bolivia,Santa Cruz,Andrés Ibáñez,Santa Cruz de La Sierra,U.E.  Kinder Virgen de Cotoca II,Santa Cruz de la Sierra,Uninominal,-17.747036,-63.180383,44,.,.
Bolivia,Santa Cruz,Andrés Ibáñez,Santa Cruz de La Sierra,U.E.  Magisterio Sur 120 II,Santa Cruz de la Sierra,Uninominal,-17.86983,-63.18134,50,.,.
Bolivia,Santa Cruz,Ichilo,Yapacaní,U.E. 12 de Octubre,El Cerro,Uninominal,-17.543294,-61.510575,54,.,.
Bolivia,Santa Cruz,Velasco,San Ignacio,U.E. 15 de Agosto,Trinidad,Uninominal,-14.83425,-64.92943,58,.,.
Bolivia,Santa Cruz,Guarayos,Ascención de Guarayos,U.E. 16 de Julio,16 de Julio,Uninominal,-15.620972,-63.590825,53,.,.
Bolivia,Santa Cruz,Andrés Ibáñez,Santa Cruz de La Sierra,U.E. 18 de Julio,Santa Cruz de la Sierra,Uninominal,-17.7454,-63.0932,46,.,.
Bolivia,Santa Cruz,Andrés Ibáñez,Santa Cruz de La Sierra,U.E. 18 de Noviembre,San Borja,Uninominal,-14.86087,-66.75239,59,.,.
Bolivia,Santa Cruz,Guarayos,Urubicha,U.E. 1ro de abril,Santa Teresita (Cururu),Especial,-15.500628,-63.201285,5,.,.
Bolivia,Santa Cruz,Andrés Ibáñez,Santa Cruz de La Sierra,U.E. 1ro. De Mayo,Villazón,Uninominal,-22.088568,-65.597299,37,.,.
Bolivia,Santa Cruz,Cordillera,Gutiérrez,U.E. 21 de Junio,Tierra Hermosa,Uninominal/Especial,-15.369067,-61.522865,53,.,.
Bolivia,Santa Cruz,Cordillera,Gutiérrez,U.E. 22 de Septiembre,Comunidad Tatarenda Nueva,Uninominal,-19.10607,-63.51599,56,.,.
Bolivia,Santa Cruz,Andrés Ibáñez,Santa Cruz de La Sierra,U.E. 23 de Diciembre J. Carlos Truji,Santa Cruz de la Sierra,Uninominal,-17.76983,-63.11529,46,.,.
Bolivia,Santa Cruz,Warnes,Okinawa Uno,U.E. 24 De Marzo,Villa Reyes,Uninominal,-17.393976,-62.818476,53,.,.
Bolivia,Santa Cruz,Sara,Santa Rosa,U.E. 24 de Junio,San Juan del Pari,Uninominal,-16.487,-63.97,52,.,.
Bolivia,Santa Cruz,Andrés Ibáñez,Santa Cruz de La Sierra,U.E. 24 de Marzo,Villa Reyes,Uninominal,-17.393976,-62.818476,53,.,.
Bolivia,Santa Cruz,Cordillera,AIOC Charagua Iyambae,U.E. 24 de Septiembre,Castañera Campoana,Uninominal,-10.971283,-67.753936,62,.,.
Bolivia,Santa Cruz,Andrés Ibáñez,Santa Cruz de La Sierra,U.E. 25 de Diciembre,Santa Cruz de la Sierra,Uninominal,-17.81471,-63.14124,48,.,.
Bolivia,Santa Cruz,Andrés Ibáñez,Santa Cruz de La Sierra,U.E. 25 de Octubre,Santa Cruz de la Sierra,Uninominal,-17.81277,-63.0919,48,.,.
Bolivia,Santa Cruz,Andrés Ibáñez,Santa Cruz de La Sierra,U.E. 26 De Septiembre,Santa Cruz de la Sierra,Uninominal,-17.72374,-63.10361,46,.,.
Bolivia,Santa Cruz,Andrés Ibáñez,Santa Cruz de La Sierra,U.E. 26 de Junio,Santa Cruz de la Sierra,Uninominal,-17.845325,-63.102148,49,.,.
Bolivia,Santa Cruz,Andrés Ibáñez,Santa Cruz de La Sierra,U.E. 26 de Noviembre,Santa Cruz de la Sierra,Uninominal,-17.730587,-63.131925,46,.,.
Bolivia,Santa Cruz,Ñuflo De Chávez,San Julian,U.E. 27 de Abril,Los Angeles,Uninominal,-16.863758,-62.611868,53,.,.
Bolivia,Santa Cruz,Andrés Ibáñez,Santa Cruz de La Sierra,U.E. 27 de mayo,Sacaba,Uninominal,-17.424991,-66.050686,23,.,.
Bolivia,Santa Cruz,Obispo Santistéban,San Pedro,U.E. 8 de Octubre,Peta Grande,Uninominal,-16.181011,-64.042589,52,.,.
Bolivia,Santa Cruz,Ichilo,Yapacaní,U.E. ALIANZA NORTE  (Temporal),Yapacaní (Villa Busch),Uninominal,-17.398541,-63.88372,57,.,.
Bolivia,Santa Cruz,Sara,Portachuelo,U.E. Adelaida Landívar Moreno,Portachuelo,Uninominal,-17.355611,-63.401297,57,.,.
Bolivia,Santa Cruz,Velasco,San Ignacio,U.E. Agustin Olivares,16 de Agosto,Uninominal,-16.254243,-61.133088,54,.,.
Bolivia,Santa Cruz,Warnes,Warnes,U.E. Akualand,Valle Sánchez (Warnes),Uninominal,-17.644026,-63.172042,57,.,.
Bolivia,Santa Cruz,Andrés Ibáñez,Santa Cruz de La Sierra,U.E. Alfredo Barbery Chavez,Santa Cruz de la Sierra,Uninominal,-17.753441,-63.117965,46,.,.
Bolivia,Santa Cruz,Obispo Santistéban,Mineros,U.E. Alianza El Progreso,Alianza,Uninominal,-17.05495,-63.219598,52,.,.
Bolivia,Santa Cruz,Obispo Santistéban,Mineros,U.E. Alice Alvarez De Aredondo I,Mineros,Uninominal,-17.118638,-63.230644,52,.,.
Bolivia,Santa Cruz,Velasco,San Miguel,U.E. Altamira,Altamira,Uninominal,-16.715139,-61.0463,53,.,.
Bolivia,Santa Cruz,Andrés Ibáñez,Santa Cruz de La Sierra,"U.E. Andres Ibañez ""A""",Santa Cruz de la Sierra,Uninominal,-17.839619,-63.106637,49,.,.
Bolivia,Santa Cruz,Chiquitos,Pailón,U.E. Angel Fioanini Banzer,Pailón,Uninominal,-17.65843,-62.72065,54,.,.
Bolivia,Santa Cruz,Andrés Ibáñez,La Guardia,U.E. Angel Foianini Banzer II,Kilñmetro Doce,Uninominal,-17.880681,-63.280062,55,.,.
Bolivia,Santa Cruz,Warnes,Warnes,U.E. Antonio Anzuati,Warnes,Uninominal,-17.536951,-63.171488,57,.,.
Bolivia,Santa Cruz,Andrés Ibáñez,Santa Cruz de La Sierra,U.E. Aponte De Jorori,Jorori,Uninominal,-17.88749,-63.02875,49,.,.
Bolivia,Santa Cruz,Andrés Ibáñez,Santa Cruz de La Sierra,U.E. Arboleda De Fatima,Santa Cruz de la Sierra,Uninominal,-17.77194,-63.09396,47,.,.
Bolivia,Santa Cruz,Andrés Ibáñez,Santa Cruz de La Sierra,U.E. Arca De Noe,Santa Cruz de la Sierra,Uninominal,-17.747091,-63.099402,46,.,.
Bolivia,Santa Cruz,Obispo Santistéban,General Saavedra,U.E. Arminda Mercado P.,Cruz Soleto,Uninominal,-17.220026,-63.278794,52,.,.
Bolivia,Santa Cruz,Andrés Ibáñez,La Guardia,U.E. Barrio Lindo,Kilñmetro Doce,Uninominal,-17.89636,-63.26904,55,.,.
Bolivia,Santa Cruz,Andrés Ibáñez,Santa Cruz de La Sierra,U.E. Bautista Vida Nueva,Santa Cruz de la Sierra,Uninominal,-17.825378,-63.175659,50,.,.
Bolivia,Santa Cruz,Obispo Santistéban,Mineros,U.E. Benjamin Banegas Vaca,Mineros,Uninominal,-17.125899,-63.228782,52,.,.
Bolivia,Santa Cruz,Velasco,San Ignacio,U.E. Bernardo Monteagudo,Los Angeles,Uninominal,-15.22893,-61.43381,54,.,.
Bolivia,Santa Cruz,Andrés Ibáñez,Santa Cruz de La Sierra,U.E. Bibosi,Santa Cruz de la Sierra,Uninominal,-17.72477,-63.109756,46,.,.
Bolivia,Santa Cruz,Andrés Ibáñez,La Guardia,U.E. Bicentenario Arco Iris,Kilñmetro Doce,Uninominal,-17.880198,-63.257587,55,.,.
Bolivia,Santa Cruz,Warnes,Warnes,U.E. Buena Fe,Buena Fe,Uninominal,-17.5464,-63.0742,57,.,.
Bolivia,Santa Cruz,Chiquitos,San José,U.E. Buena Vista,Villa el Carmen,Uninominal,-11.09452,-67.677608,62,.,.
Bolivia,Santa Cruz,Warnes,Warnes,U.E. Campo Rosso 4 de Abril,Satélite Norte,Uninominal,-17.59862,-63.13654,57,.,.
Bolivia,Santa Cruz,Ichilo,Yapacaní,U.E. Campo Víbora,Campo Vibora,Uninominal,-17.08242,-64.29475,57,.,.
Bolivia,Santa Cruz,Velasco,San Ignacio,U.E. Carlos Mayser Sauer,San Ignacio,Uninominal,-16.374672,-60.967377,54,.,.
Bolivia,Santa Cruz,Cordillera,Lagunillas,U.E. Carparicito,Caraparicito,Especial,-19.802275,-63.662286,5,.,.
Bolivia,Santa Cruz,Vallegrande,Postrervalle,U.E. Cecilia Vargas Osinaga,Los Churcos,Uninominal,-18.650106,-63.755018,56,.,.
Bolivia,Santa Cruz,Velasco,San Ignacio,U.E. Celedonio Cortezon,San Antonio de Santa Rosa,Uninominal,-16.03947,-61.15897,54,.,.
Bolivia,Santa Cruz,Vallegrande,Vallegrande,U.E. Chujllas,Chujllas,Uninominal,-18.827235,-64.019509,56,.,.
Bolivia,Santa Cruz,Andrés Ibáñez,Santa Cruz de La Sierra,U.E. Cielito Lindo,Santa Cruz de la Sierra,Uninominal,-17.77039,-63.10667,46,.,.
Bolivia,Santa Cruz,Andrés Ibáñez,Santa Cruz de La Sierra,U.E. Clara Serrano,Clara Serrano,Uninominal,-17.698088,-63.067643,46,.,.
Bolivia,Santa Cruz,Andrés Ibáñez,La Guardia,U.E. Cordecruz,El Carmen (Ibañez),Uninominal,-17.847446,-63.247476,55,.,.
Bolivia,Santa Cruz,Velasco,San Miguel,U.E. Cuarrio,Corralito Cuarrio,Uninominal,-16.6861,-60.91503,53,.,.
Bolivia,Santa Cruz,Andrés Ibáñez,Cotoca,U.E. Don Lorenzo,Don Lorenzo,Uninominal,-17.806176,-62.878574,47,.,.
Bolivia,Santa Cruz,Ichilo,Yapacaní,U.E. Eduardo Avaroa El Palmar,El Palmar (Ichilo),Uninominal,-17.368838,-64.037709,57,.,.
Bolivia,Santa Cruz,Cordillera,Cuevo,U.E. El Arenal,El Arenal,Uninominal/Especial,-20.40366,-63.51412,55,.,.
Bolivia,Santa Cruz,Andrés Ibáñez,Santa Cruz de La Sierra,U.E. El Arenal C,Santa Cruz de la Sierra,Uninominal,-17.762861,-63.123807,46,.,.
Bolivia,Santa Cruz,Germán Busch,Puerto Quijarro,U.E. El Carmen de la Frontera,El Carmen de la Frontera,Uninominal,-19.099958,-57.816639,54,.,.
Bolivia,Santa Cruz,Guarayos,El Puente,U.E. El Corralon,Lagunilla,Uninominal,-16.279411,-63.287104,53,.,.
Bolivia,Santa Cruz,Andrés Ibáñez,Santa Cruz de La Sierra,U.E. El Dorado Norte,Santa Cruz de la Sierra,Uninominal,-17.73737,-63.09708,46,.,.
Bolivia,Santa Cruz,Warnes,Warnes,U.E. El Manantial,Satélite Norte,Uninominal,-17.60827,-63.12106,57,.,.
Bolivia,Santa Cruz,Germán Busch,Puerto Suarez,U.E. El Salao,El Salao,Uninominal,-18.977313,-57.828798,54,.,.
Bolivia,Santa Cruz,Velasco,San Miguel,U.E. El Tacoigo,Cruz del Tocoigo,Uninominal/Especial,-16.620826,-61.15246,53,.,.
Bolivia,Santa Cruz,Vallegrande,Moromoro,U.E. Eloy Peña,Moromoro,Uninominal,-18.366637,-64.322595,56,.,.
Bolivia,Santa Cruz,Warnes,Warnes,U.E. Emilio Finot,Warnes,Uninominal,-17.508165,-63.166374,57,.,.
Bolivia,Santa Cruz,Cordillera,Gutiérrez,U.E. Feliciano Ferreira,Comunidad El Cruce,Uninominal,-19.754489,-63.456974,56,.,.
Bolivia,Santa Cruz,Andrés Ibáñez,Santa Cruz de La Sierra,U.E. Felix Oroza Marañon  (Temporal),Santa Cruz de la Sierra,Uninominal,-17.789523,-63.211006,51,.,.
Bolivia,Santa Cruz,Andrés Ibáñez,Santa Cruz de La Sierra,U.E. Florida Barba Chávez,Santa Cruz de la Sierra,Uninominal,-17.818151,-63.107554,48,.,.
Bolivia,Santa Cruz,Andrés Ibáñez,Santa Cruz de La Sierra,U.E. Francisco Hurtado Pedraza,Santa Cruz de la Sierra,Uninominal,-17.848809,-63.110852,49,.,.
Bolivia,Santa Cruz,Ñuflo De Chávez,San Julian,U.E. Guillermo Jordan,San Julian,Uninominal,-16.91677,-62.621492,53,.,.
Bolivia,Santa Cruz,Andrés Ibáñez,Santa Cruz de La Sierra,U.E. Hacia La Cumbre,Santa Cruz de la Sierra,Uninominal,-17.791147,-63.131139,47,.,.
Bolivia,Santa Cruz,Sara,Colpa Bélgica,U.E. Hans Bottler Bowles,La Bélgica,Uninominal,-17.568897,-63.230971,57,.,.
Bolivia,Santa Cruz,Ñuflo De Chávez,Cuatro Cañadas,U.E. Haziel,Chihuahua,Uninominal,-17.223649,-62.151999,53,.,.
Bolivia,Santa Cruz,Andrés Ibáñez,La Guardia,U.E. Hernando Zanabria,Kilñmetro Doce,Uninominal,-17.897343,-63.284307,55,.,.
Bolivia,Santa Cruz,Ichilo,Yapacaní,U.E. Heroinas,Yapacaní (Villa Busch),Uninominal,-17.405023,-63.890124,57,.,.
Bolivia,Santa Cruz,Andrés Ibáñez,La Guardia,U.E. Hna. Maria del Pilar Mateo,El Carmen (Ibañez),Uninominal,-17.858491,-63.246954,55,.,.
Bolivia,Santa Cruz,Ñuflo De Chávez,Concepción,U.E. Hugo Edilberto Procchio Campos,El Carmen (Ñ.de Chavez),Uninominal/Especial,-16.44536,-62.01875,53,.,.
Bolivia,Santa Cruz,Warnes,Warnes,U.E. Ignacio Warnes,Warnes,Uninominal,-17.50828,-63.166855,57,.,.
Bolivia,Santa Cruz,Chiquitos,Pailón,U.E. Ing. Jorge Mauricio Rojas P.,Puerto Ibáñez,Uninominal,-17.663106,-62.768756,54,.,.
Bolivia,Santa Cruz,Andrés Ibáñez,La Guardia,U.E. Integracion de las Americas,Kilñmetro Doce,Uninominal,-17.88183,-63.27132,55,.,.
Bolivia,Santa Cruz,Cordillera,Lagunillas,U.E. Irenda,Irenda,Especial,-19.867607,-63.5567,5,.,.
Bolivia,Santa Cruz,Cordillera,Gutiérrez,U.E. Isidro Chandey,Comunidad Rancho Nuevo,Uninominal,-19.838101,-63.429442,56,.,.
Bolivia,Santa Cruz,Andrés Ibáñez,Santa Cruz de La Sierra,U.E. Isuto,Santa Cruz de la Sierra,Uninominal,-17.74409,-63.19371,44,.,.
Bolivia,Santa Cruz,Cordillera,Gutiérrez,U.E. Itahi,Comunidad Itahi,Uninominal,-19.31304,-63.408929,56,.,.
Bolivia,Santa Cruz,Velasco,San Ignacio,U.E. Joaquín Macoño Roca,San Juan de Macoño,Uninominal/Especial,-16.0464,-60.297678,54,.,.
Bolivia,Santa Cruz,Warnes,Warnes,U.E. John Fitzgerold Kennedy,Los Chacos,Uninominal,-17.288192,-63.017378,57,.,.
Bolivia,Santa Cruz,Velasco,San Ignacio,U.E. José Chavez,San Miguelito de Santa Rosa,Uninominal,-15.99493,-61.422436,54,.,.
Bolivia,Santa Cruz,Ñuflo De Chávez,San Julian,U.E. José David Berrios,San Julian,Uninominal,-16.901255,-62.632186,53,.,.
Bolivia,Santa Cruz,Angel Sandoval,San Matías,U.E. José Eccli,Santo Corazñn,Uninominal/Especial,-17.976037,-64.80781,54,.,.
Bolivia,Santa Cruz,Velasco,San Ignacio,U.E. José Ferreira,Palmarito Alto Paragua,Uninominal,-15.389161,-60.966249,54,.,.
Bolivia,Santa Cruz,Andrés Ibáñez,La Guardia,U.E. José Mariano Serrano,Yacuiba,Uninominal,-22.020806,-63.679659,43,.,.
Bolivia,Santa Cruz,Ñuflo De Chávez,Concepción,U.E. José Ortiz Senar,San Miguelito,Uninominal,-16.229512,-61.950802,53,.,.
Bolivia,Santa Cruz,Velasco,San Ignacio,U.E. José Pessoa,San Simon,Uninominal,-15.46235,-60.89307,54,.,.
Bolivia,Santa Cruz,Andrés Ibáñez,Santa Cruz de La Sierra,U.E. Joséfina Balsamo Cordecruz,Santa Cruz de la Sierra,Uninominal,-17.752132,-63.158143,45,.,.
Bolivia,Santa Cruz,Andrés Ibáñez,Santa Cruz de La Sierra,U.E. Joséfina Balsamo Los Pinos,Santa Cruz de la Sierra,Uninominal,-17.733023,-63.138265,46,.,.
Bolivia,Santa Cruz,Cordillera,AIOC Charagua Iyambae,U.E. Joséravi,Joseravi,Especial,-18.331839,-62.294156,5,.,.
Bolivia,Santa Cruz,Ichilo,San Carlos,U.E. Juan Lo renzo Campero,Buen Retiro,Uninominal,-17.290394,-63.713961,57,.,.
Bolivia,Santa Cruz,Cordillera,AIOC Charagua Iyambae,U.E. Juan Luis Otin,Tarenda,Especial,-19.978201,-63.091266,5,.,.
Bolivia,Santa Cruz,Vallegrande,Postrervalle,U.E. Juan Manuel Lino,Vilcas,Uninominal,-18.556324,-63.822289,56,.,.
Bolivia,Santa Cruz,Vallegrande,Postrervalle,U.E. Juan Sandoval,Mosquera,Uninominal,-18.723328,-63.67527,56,.,.
Bolivia,Santa Cruz,Andrés Ibáñez,Santa Cruz de La Sierra,U.E. Juancito Pinto,Soberania,Uninominal,-11.879382,-68.985796,63,.,.
Bolivia,Santa Cruz,Andrés Ibáñez,Santa Cruz de La Sierra,U.E. Julia Ribera Aguilera,Santa Cruz de la Sierra,Uninominal,-17.80372,-63.1834,51,.,.
Bolivia,Santa Cruz,Cordillera,Gutiérrez,U.E. Karaguatarenda,Comunidad Karaguatarenda,Uninominal,-19.2933,-63.484118,56,.,.
Bolivia,Santa Cruz,Cordillera,Lagunillas,U.E. Kereimba,Agua Grande,Uninominal/Especial,-19.489639,-63.673938,55,.,.
Bolivia,Santa Cruz,Andrés Ibáñez,Cotoca,U.E. La  Cruceña,El Bisito,Uninominal,-17.800778,-62.973612,47,.,.
Bolivia,Santa Cruz,Andrés Ibáñez,Porongo,U.E. Las Cruces,Las Cruces,Uninominal,-17.769627,-63.355385,56,.,.
Bolivia,Santa Cruz,Andrés Ibáñez,Santa Cruz de La Sierra,U.E. Libertad,Santa Cruz de la Sierra,Uninominal,-17.746756,-63.083075,46,.,.
Bolivia,Santa Cruz,Andrés Ibáñez,El Torno,U.E. Lic. Zachary Macy,El Torno,Uninominal,-17.999197,-63.385014,56,.,.
Bolivia,Santa Cruz,Andrés Ibáñez,Santa Cruz de La Sierra,U.E. Los Cusis,Santa Cruz de la Sierra,Uninominal,-17.73135,-63.07648,46,.,.
Bolivia,Santa Cruz,Andrés Ibáñez,Santa Cruz de La Sierra,U.E. Luis Antonio Añez Campos,Santa Cruz de la Sierra,Uninominal,-17.838165,-63.121047,48,.,.
Bolivia,Santa Cruz,Andrés Ibáñez,Santa Cruz de La Sierra,U.E. Luis Melgar I,Santa Cruz de la Sierra,Uninominal,-17.836937,-63.10168,49,.,.
Bolivia,Santa Cruz,Andrés Ibáñez,La Guardia,U.E. Luz De Esperanza,Kilñmetro Doce,Uninominal,-17.850111,-63.275124,55,.,.
Bolivia,Santa Cruz,Andrés Ibáñez,Santa Cruz de La Sierra,"U.E. Luz del Mundo ""A""",Santa Cruz de la Sierra,Uninominal,-17.844285,-63.117719,49,.,.
Bolivia,Santa Cruz,Cordillera,AIOC Charagua Iyambae,U.E. Machipo,Machipo,Especial,-19.838954,-63.178835,5,.,.
Bolivia,Santa Cruz,Andrés Ibáñez,Santa Cruz de La Sierra,U.E. Manantial De Vida,Santa Cruz de la Sierra,Uninominal,-17.852235,-63.072591,49,.,.
Bolivia,Santa Cruz,Andrés Ibáñez,Santa Cruz de La Sierra,U.E. Manos Unidas,Santa Cruz de la Sierra,Uninominal,-17.837048,-63.128691,49,.,.
Bolivia,Santa Cruz,Obispo Santistéban,Montero,U.E. Marceliano Montero,Montero,Uninominal,-17.346226,-63.251812,52,.,.
Bolivia,Santa Cruz,Sara,Portachuelo,U.E. Marciano Melgar Sosa,San Juan de Palometillas,Uninominal,-17.383992,-63.515647,57,.,.
Bolivia,Santa Cruz,Velasco,San Ignacio,U.E. Marcos Mejía,Miraflores,Uninominal,-15.709298,-60.398978,54,.,.
Bolivia,Santa Cruz,Andrés Ibáñez,Santa Cruz de La Sierra,U.E. Maria De Las Candelarias,Santa Cruz de la Sierra,Uninominal,-17.780873,-63.112536,47,.,.
Bolivia,Santa Cruz,Ichilo,San Juan,U.E. María Auxiliadora,Estaciñn Molina,Uninominal,-16.892278,-63.999946,57,.,.
Bolivia,Santa Cruz,Vallegrande,Vallegrande,U.E. Mataralcito,Mataralcito,Uninominal,-18.541605,-63.968516,56,.,.
Bolivia,Santa Cruz,Andrés Ibáñez,Santa Cruz de La Sierra,U.E. Mateo Kuljis Llic II,Santa Cruz de la Sierra,Uninominal,-17.837611,-63.225407,50,.,.
Bolivia,Santa Cruz,Obispo Santistéban,Montero,U.E. Maximiliano Kolbe,Montero,Uninominal,-17.3404,-63.266433,52,.,.
Bolivia,Santa Cruz,Warnes,Warnes,U.E. Maximo Novillo,Satélite Norte,Uninominal,-17.597506,-63.176918,57,.,.
Bolivia,Santa Cruz,Andrés Ibáñez,Santa Cruz de La Sierra,U.E. Melvin Jones,Santa Cruz de la Sierra,Uninominal,-17.797078,-63.194267,51,.,.
Bolivia,Santa Cruz,Velasco,San Ignacio,U.E. Mercedes De Las Minas,Mercedes de las Minas,Uninominal,-16.38784,-60.87927,54,.,.
Bolivia,Santa Cruz,Andrés Ibáñez,Santa Cruz de La Sierra,U.E. Miguel Aponte,Santa Cruz de la Sierra,Uninominal,-17.931516,-63.027941,49,.,.
Bolivia,Santa Cruz,Sara,Portachuelo,U.E. Milena Paz Antelo II,San Ignacio (Sara),Uninominal,-17.286366,-63.562031,57,.,.
Bolivia,Santa Cruz,Warnes,Warnes,U.E. Monte Carmelo,Satélite Norte,Uninominal,-17.598479,-63.116425,57,.,.
Bolivia,Santa Cruz,Germán Busch,Puerto Suarez,U.E. Motacucito,Motacucito,Especial,-18.997497,-57.868878,5,.,.
Bolivia,Santa Cruz,Andrés Ibáñez,La Guardia,U.E. Nacional La Guardia,La Guardia,Uninominal,-17.892361,-63.320249,55,.,.
Bolivia,Santa Cruz,Obispo Santistéban,Montero,U.E. Naico,Naicñ,Uninominal,-17.234616,-63.29303,52,.,.
Bolivia,Santa Cruz,Warnes,Warnes,U.E. Naranjal Don Bosco,Naranjal,Uninominal,-17.403659,-63.207443,57,.,.
Bolivia,Santa Cruz,Andrés Ibáñez,La Guardia,U.E. Nataniel Garcia Chavez,La Guardia,Uninominal,-17.8943,-63.331703,55,.,.
Bolivia,Santa Cruz,Andrés Ibáñez,Santa Cruz de La Sierra,U.E. Normandia Thevenet  (Temporal),Santa Cruz de la Sierra,Uninominal,-17.854785,-63.0906,49,.,.
Bolivia,Santa Cruz,Ñuflo De Chávez,Concepción,U.E. Nubiasix,San Pablo Sur,Uninominal,-16.339511,-62.136902,53,.,.
Bolivia,Santa Cruz,Warnes,Warnes,U.E. Nueva Jerusalen-Pentaguazu,Satélite Norte,Uninominal,-17.602407,-63.128957,57,.,.
Bolivia,Santa Cruz,Andrés Ibáñez,Santa Cruz de La Sierra,U.E. Nuevo Horizonte,Nuevo Horizonte,Especial,-11.519722,-66.795134,7,.,.
Bolivia,Santa Cruz,Obispo Santistéban,Montero,U.E. Nuevo Milenio,Montero,Uninominal,-17.320771,-63.246956,52,.,.
Bolivia,Santa Cruz,Sara,Colpa Bélgica,U.E. Orlando Rivero Vargas,El Cedro,Uninominal,-17.559,-63.33,57,.,.
Bolivia,Santa Cruz,Chiquitos,Pailón,U.E. Osvaldo Irigoyen,Tres Cruces,Uninominal/Especial,-17.62019,-62.226732,54,.,.
Bolivia,Santa Cruz,Warnes,Warnes,U.E. Paititi,Warnes,Uninominal,-17.559798,-63.175175,57,.,.
Bolivia,Santa Cruz,Cordillera,Gutiérrez,U.E. Paja Colorada,Comunidad Paja Colorada,Uninominal,-19.734741,-63.425033,56,.,.
Bolivia,Santa Cruz,Andrés Ibáñez,Santa Cruz de La Sierra,U.E. Palmar Del Oriente,Santa Cruz de la Sierra,Uninominal,-17.845564,-63.163259,49,.,.
Bolivia,Santa Cruz,Andrés Ibáñez,Santa Cruz de La Sierra,U.E. Paraíso de los Infantes,Santa Cruz de la Sierra,Uninominal,-17.849895,-63.067399,49,.,.
Bolivia,Santa Cruz,Cordillera,Gutiérrez,U.E. Parlamento,Comunidad Parlamento,Uninominal,-19.560265,-63.458893,56,.,.
Bolivia,Santa Cruz,Andrés Ibáñez,Santa Cruz de La Sierra,U.E. Pastorcito De Fátima (Don Bosco),Santa Cruz de la Sierra,Uninominal,-17.778906,-63.198653,44,.,.
Bolivia,Santa Cruz,Andrés Ibáñez,Cotoca,U.E. Patuju,Cotoca,Uninominal,-17.773043,-63.053256,47,.,.
Bolivia,Santa Cruz,Cordillera,AIOC Charagua Iyambae,U.E. Pedro Ramos,Akae,Especial,-19.631533,-63.215431,5,.,.
Bolivia,Santa Cruz,Andrés Ibáñez,Santa Cruz de La Sierra,U.E. Pedro Rivero Mercado,Santa Cruz de la Sierra,Uninominal,-17.795602,-63.102534,47,.,.
Bolivia,Santa Cruz,Obispo Santistéban,San Pedro,U.E. Profesor José Cabrera R.,Canandoa,Uninominal,-16.405042,-63.864085,52,.,.
Bolivia,Santa Cruz,Velasco,San Ignacio,U.E. Profesor Rubén Coímbra Callau,Buena Hora,Uninominal/Especial,-15.596436,-60.371532,54,.,.
Bolivia,Santa Cruz,Andrés Ibáñez,La Guardia,U.E. Quebrada Seca,San José (Ibañez),Uninominal,-17.906697,-63.34096,55,.,.
Bolivia,Santa Cruz,Cordillera,Lagunillas,U.E. Rafael Julián,Potrerillos Los Pozos,Especial,-19.688975,-63.603107,5,.,.
Bolivia,Santa Cruz,Chiquitos,San José,U.E. Ramada,Ramada,Uninominal,-18.00214,-60.05825,54,.,.
Bolivia,Santa Cruz,Andrés Ibáñez,Santa Cruz de La Sierra,"U.E. Ramon Dario Gutierrez ""A""",Santa Cruz de la Sierra,Uninominal,-17.809407,-63.153639,48,.,.
Bolivia,Santa Cruz,Ichilo,San Juan,U.E. Raul Menacho,Estacion Raul Menacho,Uninominal,-16.600876,-64.067086,57,.,.
Bolivia,Santa Cruz,Andrés Ibáñez,Santa Cruz de La Sierra,U.E. Rep. del Paraguay,Santa Cruz de la Sierra,Uninominal,-17.86308,-63.184911,50,.,.
Bolivia,Santa Cruz,Ñuflo De Chávez,Concepción,U.E. Ricardo Barba,Palestina,Uninominal/Especial,-15.641556,-62.154196,53,.,.
Bolivia,Santa Cruz,Sara,Santa Rosa,U.E. Rodolfo Rivero Vaca,Santa Rosa,Uninominal,-17.107451,-63.599793,52,.,.
Bolivia,Santa Cruz,Andrés Ibáñez,La Guardia,U.E. Rvdo. Padre David Machachlan,La Guardia,Uninominal,-17.88855,-63.323347,55,.,.
Bolivia,Santa Cruz,Sara,Santa Rosa,U.E. Río Nuevo,R?¡o Nuevo,Uninominal,-16.841,-63.699,52,.,.
Bolivia,Santa Cruz,Cordillera,Cuevo,U.E. Salinas,Salinas,Especial,-20.226,-63.46267,5,.,.
Bolivia,Santa Cruz,Germán Busch,El Carmen Rivero Tórrez,U.E. San Antonio de Palmito,Palmito,Uninominal,-18.892851,-64.401181,54,.,.
Bolivia,Santa Cruz,Velasco,San Ignacio,U.E. San Bartolo de La Frontera,San Bartolo de la Frontera,Especial,-16.299554,-59.896353,5,.,.
Bolivia,Santa Cruz,Andrés Ibáñez,La Guardia,U.E. San Carlos,San José (Ibañez),Uninominal,-17.977517,-63.316564,55,.,.
Bolivia,Santa Cruz,Andrés Ibáñez,Santa Cruz de La Sierra,U.E. San Cayetano,Santa Cruz de la Sierra,Uninominal,-17.731775,-63.086366,46,.,.
Bolivia,Santa Cruz,Andrés Ibáñez,Santa Cruz de La Sierra,U.E. San Diego de Samaria,Santa Cruz de la Sierra,Uninominal,-17.846505,-63.076237,49,.,.
Bolivia,Santa Cruz,Obispo Santistéban,General Saavedra,U.E. San Felix,Agua Dulce,Uninominal,-17.227525,-63.168256,52,.,.
Bolivia,Santa Cruz,Velasco,San Ignacio,U.E. San Javierito,San Javierito,Especial,-16.164732,-61.001639,5,.,.
Bolivia,Santa Cruz,Guarayos,Ascención de Guarayos,U.E. San José Obrero,Ascenciñn (Guarayos),Uninominal,-15.887476,-63.185205,53,.,.
Bolivia,Santa Cruz,Andrés Ibáñez,Santa Cruz de La Sierra,U.E. San Juan Bautista,Santa Cruz de la Sierra,Uninominal,-17.82422,-63.084,48,.,.
Bolivia,Santa Cruz,Andrés Ibáñez,Santa Cruz de La Sierra,U.E. San Juan del Este,Santa Cruz de la Sierra,Uninominal,-17.857377,-63.05619,49,.,.
Bolivia,Santa Cruz,Velasco,San Ignacio,U.E. San Lorencito de La Frontera,San Lorecinto de la Frontera,Especial,-15.628549,-60.320012,5,.,.
Bolivia,Santa Cruz,Andrés Ibáñez,Santa Cruz de La Sierra,U.E. San Miguel Aponte,San Miguel de Los Junos,Uninominal,-17.913584,-63.024907,49,.,.
Bolivia,Santa Cruz,Ichilo,Yapacaní,U.E. San Rafael,San Rafael,Uninominal,-17.450161,-63.925128,57,.,.
Bolivia,Santa Cruz,Velasco,San Ignacio,U.E. San Rafaelito de Suponema,San Rafaelito de Suponema,Especial,-16.51591,-60.73782,5,.,.
Bolivia,Santa Cruz,Obispo Santistéban,Montero,U.E. San Ramon de La Vibora,Montero,Uninominal,-17.332635,-63.266569,52,.,.
Bolivia,Santa Cruz,Germán Busch,Puerto Suarez,U.E. San Salvador,San Salvador,Uninominal,-19.029862,-57.824106,54,.,.
Bolivia,Santa Cruz,Obispo Santistéban,Montero,U.E. San Silvestre,Montero,Uninominal,-17.352496,-63.260119,52,.,.
Bolivia,Santa Cruz,Vallegrande,Trigal,U.E. San pedro,San Pedro,Uninominal,-17.72083,-63.431509,56,.,.
Bolivia,Santa Cruz,Andrés Ibáñez,Santa Cruz de La Sierra,U.E. Santa Ana C,Santa Cruz de la Sierra,Uninominal,-17.820523,-63.225873,51,.,.
Bolivia,Santa Cruz,Velasco,San Ignacio,U.E. Santa Anita de La Frontera,Santa Anita de la Frontera,Especial,-16.164161,-60.468907,5,.,.
Bolivia,Santa Cruz,Andrés Ibáñez,Santa Cruz de La Sierra,U.E. Santa Cecilia,Santa Cruz de la Sierra,Uninominal,-17.73297,-63.135822,46,.,.
Bolivia,Santa Cruz,Andrés Ibáñez,Santa Cruz de La Sierra,U.E. Santa Cruz de la Sierra,Puerto Avaroa,Uninominal,-17.287083,-64.185825,57,.,.
Bolivia,Santa Cruz,Obispo Santistéban,Montero,U.E. Santa Rosita,Montero,Uninominal,-17.308308,-63.274899,52,.,.
Bolivia,Santa Cruz,Velasco,San Miguel,U.E. Sapoco,San Pedro de Sapoco,Uninominal,-16.611936,-60.99136,53,.,.
Bolivia,Santa Cruz,Warnes,Warnes,U.E. Satelite Norte,Satélite Norte,Uninominal,-17.608407,-63.145107,57,.,.
Bolivia,Santa Cruz,Andrés Ibáñez,Santa Cruz de La Sierra,U.E. Señor de los Milagros,Santa Cruz de la Sierra,Uninominal,-17.739367,-63.111029,46,.,.
Bolivia,Santa Cruz,Chiquitos,Pailón,U.E. Silverio Leaños Roca,Cerro de Concepciñn/El Tinto(Cap.),Uninominal/Especial,-17.668834,-61.512254,54,.,.
Bolivia,Santa Cruz,Andrés Ibáñez,Santa Cruz de La Sierra,U.E. Sixto Suarez Navarro,Santa Cruz de la Sierra,Uninominal,-17.83391,-63.08702,48,.,.
Bolivia,Santa Cruz,Andrés Ibáñez,Porongo,U.E. Tacuarembo,Tacuarembo,Uninominal,-17.930778,-63.398941,56,.,.
Bolivia,Santa Cruz,Velasco,San Ignacio,U.E. Tarcila Justiniano,Cruz de Soliz,Uninominal,-15.92669,-61.327204,54,.,.
Bolivia,Santa Cruz,Andrés Ibáñez,Santa Cruz de La Sierra,U.E. Thevenet De Viana,Villa Viana,Uninominal,-17.871556,-63.055362,49,.,.
Bolivia,Santa Cruz,Velasco,San Ignacio,U.E. Tierra Firme,Tierra Firme,Uninominal,-15.439323,-61.382974,54,.,.
Bolivia,Santa Cruz,Andrés Ibáñez,Santa Cruz de La Sierra,U.E. Tipoy,Comunidad Campesina Tipoy,Uninominal,-17.859107,-63.026995,49,.,.
Bolivia,Santa Cruz,Andrés Ibáñez,La Guardia,U.E. Tomas Morales Padilla,El Carmen (Ibañez),Uninominal,-17.897191,-63.220705,55,.,.
Bolivia,Santa Cruz,Andrés Ibáñez,Santa Cruz de La Sierra,U.E. Tundy,Comunidad  Tundy,Uninominal,-17.891034,-63.001671,49,.,.
Bolivia,Santa Cruz,Andrés Ibáñez,Santa Cruz de La Sierra,U.E. Union y Progreso,Santa Cruz de la Sierra,Uninominal,-17.827022,-63.205388,51,.,.
Bolivia,Santa Cruz,Andrés Ibáñez,Santa Cruz de La Sierra,U.E. Victoria Diez,Santa Cruz de la Sierra,Uninominal,-17.873358,-63.192282,50,.,.
Bolivia,Santa Cruz,Andrés Ibáñez,Santa Cruz de La Sierra,U.E. Villa Alba,Santa Cruz de la Sierra,Uninominal,-17.760563,-63.111486,46,.,.
Bolivia,Santa Cruz,Andrés Ibáñez,El Torno,U.E. Villa Florida,Villa Florida,Uninominal,-18.184935,-63.455489,56,.,.
Bolivia,Santa Cruz,Guarayos,Ascención de Guarayos,U.E. Villa Fátima,Villa Fátima,Uninominal,-15.838331,-63.000565,53,.,.
Bolivia,Santa Cruz,Andrés Ibáñez,Santa Cruz de La Sierra,U.E. Villa Moderna,Santa Cruz de la Sierra,Uninominal,-17.848007,-63.088917,49,.,.
Bolivia,Santa Cruz,Andrés Ibáñez,Santa Cruz de La Sierra,U.E. Villa Warnes A.,Santa Cruz de la Sierra,Uninominal,-17.81594,-63.19559,51,.,.
Bolivia,Santa Cruz,Obispo Santistéban,Montero,U.E. Virgen de Cotoca Fe y Alegria,Montero,Uninominal,-17.342278,-63.258967,52,.,.
Bolivia,Santa Cruz,Velasco,San Ignacio,U.E. Virgen de los Pobres,Recreo,Uninominal/Especial,-16.425825,-61.05543,54,.,.
Bolivia,Santa Cruz,Warnes,Warnes,U.E. Wajojo,Warnes,Uninominal,-17.541123,-63.186153,57,.,.
Bolivia,Santa Cruz,Cordillera,Lagunillas,U.E. Yaity,Yaity,Especial,-20.06437,-63.63815,5,.,.
Bolivia,Santa Cruz,Cordillera,AIOC Charagua Iyambae,U.E. Yapiroa,Yapiroa,Especial,-19.605656,-62.575093,5,.,.
Bolivia,Santa Cruz,Cordillera,Gutiérrez,U.E. Yumaho,Comunidad Yumaho,Uninominal,-19.105376,-63.587764,56,.,.
Bolivia,Santa Cruz,Andrés Ibáñez,Santa Cruz de La Sierra,U.E. Zaragoza,Santa Cruz de la Sierra,Uninominal,-17.722167,-63.083584,46,.,.
Bolivia,Santa Cruz,Ichilo,Yapacaní,U.E.Franz Tamayo,Chuqui,Uninominal,-21.724717,-66.176803,37,.,.
Bolivia,Santa Cruz,Velasco,San Ignacio,U.E.Tierra Hermosa,Comunidad Campesina Agroecolñgica Tierra Hermosa,Uninominal,-15.259428,-61.285959,54,.,.
Bolivia,Santa Cruz,Andrés Ibáñez,Santa Cruz de La Sierra,UE. El Paraíso,Santa Cruz de la Sierra,Uninominal,-17.856406,-63.194089,50,.,.
Bolivia,Santa Cruz,Andrés Ibáñez,Cotoca,Unidad Educativa Fidel Saucedo,Tajibo,Uninominal,-17.69003,-62.99212,47,.,.
Bolivia,Santa Cruz,Andrés Ibáñez,Santa Cruz de La Sierra,Unidad Educativa Pompeya Santisimo Redentor,Santa Cruz de la Sierra,Uninominal,-17.735721,-63.136461,46,.,.
Bolivia,Santa Cruz,Andrés Ibáñez,Santa Cruz de La Sierra,Unidad Educativa Santa Ana D (Temporal),Santa Cruz de la Sierra,Uninominal,-17.7403,-63.18109,44,.,.
Bolivia,Santa Cruz,Andrés Ibáñez,Santa Cruz de La Sierra,Universitario Sur,Santa Cruz de la Sierra,Uninominal,-17.84228,-63.20155,50,.,.
Bolivia,Santa Cruz,Andrés Ibáñez,Santa Cruz de La Sierra,Urkupiña,Santa Cruz de la Sierra,Uninominal,-17.74188,-63.10837,46,.,.
Bolivia,Santa Cruz,Andrés Ibáñez,Porongo,Urubo Open Mall,Colinas del Urubo,Uninominal,-17.7493,-63.21519,56,.,.
Bolivia,Santa Cruz,Andrés Ibáñez,Santa Cruz de La Sierra,Virgen De Guadalupe,Santa Cruz de la Sierra,Uninominal,-17.72815,-63.121766,46,.,.
Bolivia,Santa Cruz,Vallegrande,Vallegrande,U.E. Fagima Eid de Villagómez,Vallegrande,Uninominal,-18.486451,-64.105501,56,.,.
Bolivia,Santa Cruz,Andrés Ibáñez,Santa Cruz de La Sierra,U.E. Módulo Roca y Coronado,Santa Cruz de la Sierra,Uninominal,-17.839575,-63.157345,49,.,.
Bolivia,Santa Cruz,Ichilo,San Juan,U.E. Sagrado Corazón 2,San Juan,Uninominal,-17.293669,-63.847704,57,.,.
Bolivia,Santa Cruz,Andrés Ibáñez,El Torno,Módulo Educativo Bicentenario (Temporal),El Torno,Uninominal,-17.987816,-63.38105,56,.,.
Bolivia,Santa Cruz,Andrés Ibáñez,Santa Cruz de La Sierra,Módulo Educativo Copacabana (Temporal),Santa Cruz de la Sierra,Uninominal,-17.875745,-63.183024,50,.,.
Bolivia,Santa Cruz,Andrés Ibáñez,El Torno,U.E. Mi Buen Jesús,Puerto Rico (Ibañez),Uninominal,-18.014214,-63.403851,56,.,.
Bolivia,Santa Cruz,Cordillera,Lagunillas,Salón de Reuniones,Buena Vista,Especial,-20.106623,-63.662678,5,.,.
Bolivia,Santa Cruz,Ichilo,Buena Vista,U.E. Carmen Surutú,El Carmen Surutu,Uninominal,-17.53204,-63.693,56,.,.
Bolivia,Tarija,Arce,Bermejo,(Cárcel) Carceleta Bermejo,Bermejo,Uninominal,-22.733792,-64.344334,42,.,.
Bolivia,Tarija,Gran Chaco,Villa Montes,(Cárcel) Carceleta De Villa Montes,Villa Montes,Uninominal,-21.26315,-63.47318,43,.,.
Bolivia,Tarija,Gran Chaco,Yacuiba,(Cárcel) Carceleta Pública,Yacuiba,Uninominal,-21.875266,-63.617753,43,.,.
Bolivia,Tarija,Cercado,Tarija,(Cárcel) Penal de Morros Blancos,Tarija,Uninominal,-21.548325,-64.70109,41,.,.
Bolivia,Tarija,Cercado,Tarija,C.E.B.A.,Tarija,Uninominal,-21.517208,-64.746636,40,.,.
Bolivia,Tarija,Gran Chaco,Villa Montes,Centro Comunal,Santa Ana de Belén,Uninominal,-21.31723,-65.21614,40,.,.
Bolivia,Tarija,O' Connor,Entre Ríos,Centro P.A.N Tentaguazu,Tentaguazu,Especial,-21.11408,-63.96276,4,.,.
Bolivia,Tarija,Cercado,Tarija,Centro de Capacitacion Municipal,Tarija,Uninominal,-21.534576,-64.769097,41,.,.
Bolivia,Tarija,Gran Chaco,Villa Montes,Centro de Educación Especial Juan Pablo II (Temporal),Villa Montes,Uninominal,-21.26593,-63.476902,43,.,.
Bolivia,Tarija,Cercado,Tarija,Centro de educación Especial “El Refugio” (Temporal),Tarija,Uninominal,-21.536177,-64.752648,41,.,.
Bolivia,Tarija,Avilés,Yunchará,Col. 6 de Abril,Yunchara,Uninominal,-21.82303,-65.22864,42,.,.
Bolivia,Tarija,Avilés,Uriondo (Concepción),Col. Delfin Pino Ichazu,Concepciñn (Uriondo),Uninominal,-21.69452,-64.65437,42,.,.
Bolivia,Tarija,Gran Chaco,Yacuiba,Coliseo 15 de Abril (Temporal),Yacuiba,Uninominal,-22.006956,-63.67784,43,.,.
Bolivia,Tarija,Cercado,Tarija,Coliseo 15 de noviembre (Temporal),Tarija,Uninominal,-21.518283,-64.745049,40,.,.
Bolivia,Tarija,Arce,Bermejo,Coliseo Cerrado Julia Iriarte de Araoz (Temporal),Bermejo,Uninominal,-22.729267,-64.347522,42,.,.
Bolivia,Tarija,Cercado,Tarija,Coliseo San Roque (Temporal),Tarija,Uninominal,-21.525108,-64.731453,40,.,.
Bolivia,Tarija,Cercado,Tarija,Complejo Deportivo de la U.E. San Bernardo (Temporal),Tarija,Uninominal,-21.553738,-64.717658,41,.,.
Bolivia,Tarija,Cercado,Tarija,Complejo Deportivo del barrio Las Pascuas (Temporal),Tarija,Uninominal,-21.509287,-64.73722,40,.,.
Bolivia,Tarija,Avilés,Uriondo (Concepción),Esc. Felipe Araoz,Juntas,Uninominal,-21.81298,-64.79521,42,.,.
Bolivia,Tarija,Avilés,Uriondo (Concepción),Esc. Mulli Cancha 27 De Mayo,Mulli Cancha,Uninominal,-21.666101,-64.74427,42,.,.
Bolivia,Tarija,Avilés,Uriondo (Concepción),Esc. Nicolas Gareca,Rujero,Uninominal,-21.685779,-64.739668,42,.,.
Bolivia,Tarija,Arce,Padcaya,Esc. Seccional Queñahuayco,Queñahuayco,Uninominal,-21.941351,-64.963869,42,.,.
Bolivia,Tarija,Arce,Padcaya,Esc. Tacuara Simon Bolivar,Tacuara Arriba,Uninominal,-21.858351,-64.864894,42,.,.
Bolivia,Tarija,Avilés,Uriondo (Concepción),Esc. Walter Madalleno,Alizos,Uninominal,-21.83233,-64.87085,42,.,.
Bolivia,Tarija,Gran Chaco,Yacuiba,Instituto de Idiomas Juan Misael Saracho (Temporal),Yacuiba,Uninominal,-22.019268,-63.680563,43,.,.
Bolivia,Tarija,Gran Chaco,Villa Montes,Kinder Colorados de Bolivia,Villa Montes,Uninominal,-21.259876,-63.447562,43,.,.
Bolivia,Tarija,Cercado,Tarija,Merado La Loma (Temporal),Tarija,Uninominal,-21.526181,-64.736881,40,.,.
Bolivia,Tarija,Arce,Padcaya,Nucleo  San Telmo/Primero De Mayo,San Telmo,Uninominal,-22.53317,-64.41067,42,.,.
Bolivia,Tarija,Arce,Padcaya,Nucleo 9 de Octubre,Trementinal,Uninominal,-22.4478,-64.16064,42,.,.
Bolivia,Tarija,Méndez,El Puente,Nucleo Andres Zamora,Carrizal,Uninominal,-21.43847,-65.23907,40,.,.
Bolivia,Tarija,Gran Chaco,Caraparí,Posta Sanitaria Kereimba Renda (Indigena),San Nicolas,Uninominal/Especial,-22.100992,-64.103612,42,.,.
Bolivia,Tarija,Cercado,Tarija,Salon Capacitacion Barrio Catedral,Tarija,Uninominal,-21.54589,-64.76089,41,.,.
Bolivia,Tarija,Méndez,El Puente,Sede Club De Madres,Ovando,Uninominal,-21.46749,-65.24256,40,.,.
Bolivia,Tarija,Gran Chaco,Villa Montes,Sede Social de La Comunidad,Taringuiti,Uninominal,-21.415171,-63.159629,43,.,.
Bolivia,Tarija,Cercado,Tarija,U.A.J.M.S Campus,Tarija,Uninominal,-21.542497,-64.722227,40,.,.
Bolivia,Tarija,Avilés,Yunchará,U.E.  25 de Mayo,Chiripa,Uninominal,-10.502285,-66.06663,63,.,.
Bolivia,Tarija,Gran Chaco,Villa Montes,U.E.  Julio Crevaux,Villa Montes,Uninominal,-21.26414,-63.47588,43,.,.
Bolivia,Tarija,Gran Chaco,Yacuiba,U.E. 12 de Agosto,Campo Pajoso,Uninominal,-21.90739,-63.62997,43,.,.
Bolivia,Tarija,Avilés,Yunchará,U.E. 13 de Abril,Trinidad,Uninominal,-14.836254,-64.884349,58,.,.
Bolivia,Tarija,Cercado,Tarija,U.E. 15 de Abril,Atacama,Uninominal,-21.76059,-65.32096,42,.,.
Bolivia,Tarija,Méndez,San Lorenzo,U.E. 15 de Abril Erquis,Erquis,Uninominal,-21.46687,-64.79546,40,.,.
Bolivia,Tarija,Avilés,Uriondo (Concepción),U.E. 15 de Octubre,Miscas Caldera,Uninominal,-21.78415,-64.87048,42,.,.
Bolivia,Tarija,Gran Chaco,Caraparí,U.E. 17 de Agosto,Yacunda,Uninominal/Especial,-21.94912,-63.92107,42,.,.
Bolivia,Tarija,Méndez,El Puente,U.E. 1o. de Julio,El Puente,Uninominal,-21.23499,-65.20398,40,.,.
Bolivia,Tarija,Méndez,San Lorenzo,U.E. 1o. de Mayo,La Hoja,Uninominal,-21.097353,-64.553566,40,.,.
Bolivia,Tarija,Méndez,San Lorenzo,U.E. 1o. de Mayo Jarcas,Jarcas,Uninominal,-21.285125,-64.502723,40,.,.
Bolivia,Tarija,Arce,Bermejo,U.E. 25 de Mayo,Chiripa,Uninominal,-10.502285,-66.06663,63,.,.
Bolivia,Tarija,Gran Chaco,Caraparí,U.E. 3 de Mayo,Carapari,Uninominal/Especial,-21.82526,-63.73976,42,.,.
Bolivia,Tarija,Gran Chaco,Yacuiba,U.E. 4 de Mayo,Yaguacua,Uninominal/Especial,-21.71432,-63.55672,43,.,.
Bolivia,Tarija,Gran Chaco,Caraparí,U.E. 6 de Agosto,Genechiquia,Especial,-11.283606,-66.819011,7,.,.
Bolivia,Tarija,Arce,Bermejo,U.E. 8 e Septiembre,Bermejo,Uninominal,-22.74253,-64.3345,42,.,.
Bolivia,Tarija,Arce,Padcaya,U.E. Abra de San Miguel,Abra de San Miguel,Uninominal,-21.90239,-64.80976,42,.,.
Bolivia,Tarija,Gran Chaco,Villa Montes,U.E. Adela Hoyos,Villa Montes,Uninominal,-21.26653,-63.46374,43,.,.
Bolivia,Tarija,Cercado,Tarija,U.E. Alberto Baldivieso,Tarija,Uninominal,-21.516366,-64.713791,41,.,.
Bolivia,Tarija,Gran Chaco,Yacuiba,U.E. Alcides D`Orbigni,D'Orbigni,Uninominal/Especial,-21.994507,-62.833975,43,.,.
Bolivia,Tarija,Gran Chaco,Villa Montes,U.E. Algarrobal,Algarrobal,Especial,-21.38963,-63.30728,4,.,.
Bolivia,Tarija,Méndez,San Lorenzo,U.E. Alto De Cajas,Alto de Cajas,Uninominal,-21.30705,-64.47047,40,.,.
Bolivia,Tarija,O' Connor,Entre Ríos,U.E. Alto Ipaguazu,Alto Ipaguazu,Especial,-21.357303,-63.87766,4,.,.
Bolivia,Tarija,Cercado,Tarija,U.E. Alto de España Sud,España Sur,Uninominal,-21.373502,-64.437997,41,.,.
Bolivia,Tarija,Avilés,Uriondo (Concepción),U.E. Ancon Chico,Ancon Chico,Uninominal,-21.672351,-64.654709,42,.,.
Bolivia,Tarija,Avilés,Uriondo (Concepción),U.E. Ancon Grande,Ancon Grande,Uninominal,-21.630182,-64.652554,42,.,.
Bolivia,Tarija,Méndez,San Lorenzo,U.E. Angel Calabi Pasolinni,Tomatitas,Uninominal,-21.49823,-64.76366,40,.,.
Bolivia,Tarija,Arce,Padcaya,U.E. Anzelmo Ontiveros,Emborozñ,Uninominal,-22.26854,-64.53857,42,.,.
Bolivia,Tarija,Avilés,Uriondo (Concepción),U.E. Armando Gutierrez,La Ventolera,Uninominal,-21.699,-64.6,42,.,.
Bolivia,Tarija,Arce,Bermejo,U.E. Arrozales,Arrozales,Uninominal,-22.71737,-64.28224,42,.,.
Bolivia,Tarija,Gran Chaco,Villa Montes,U.E. Asamblea De Dios,Villa Montes,Uninominal,-21.27044,-63.46189,43,.,.
Bolivia,Tarija,Cercado,Tarija,U.E. Audelio Quifre,Laderas Norte,Uninominal,-21.61723,-64.53375,41,.,.
Bolivia,Tarija,Arce,Bermejo,U.E. Aulio Araoz,Bermejo,Uninominal,-22.72519,-64.34415,42,.,.
Bolivia,Tarija,Cercado,Tarija,U.E. Avelina Raña,Tarija,Uninominal,-21.526773,-64.737216,40,.,.
Bolivia,Tarija,Cercado,Tarija,U.E. Bancario,Tarija,Uninominal,-21.54881,-64.73233,41,.,.
Bolivia,Tarija,Arce,Bermejo,U.E. Barredero,Barredero,Uninominal,-22.60689,-64.25467,42,.,.
Bolivia,Tarija,Cercado,Tarija,U.E. Belgrano,Tarija,Uninominal,-21.538114,-64.721123,40,.,.
Bolivia,Tarija,Cercado,Tarija,U.E. Bella Vista,Bella Vista,Uninominal,-21.65682,-64.84763,41,.,.
Bolivia,Tarija,Gran Chaco,Yacuiba,U.E. Bella Vista de Caipitandy,Bella Vista I,Uninominal,-21.92,-63.644,43,.,.
Bolivia,Tarija,Gran Chaco,Caraparí,U.E. Berety Chaco,Berety Chaco,Uninominal,-21.58313,-63.69269,42,.,.
Bolivia,Tarija,Arce,Padcaya,U.E. Blanca Navajas,Cañas,Uninominal,-21.897569,-64.850045,42,.,.
Bolivia,Tarija,Gran Chaco,Caraparí,U.E. Bolivia De Carapari,Itaparenda,Uninominal,-21.931177,-63.775338,42,.,.
Bolivia,Tarija,Cercado,Tarija,U.E. Bolivia Inicial (Kinder) (Temporal),Tarija,Uninominal,-21.541636,-64.748871,41,.,.
Bolivia,Tarija,Méndez,San Lorenzo,U.E. Bordo El Mollar,Bordo El Mollar,Uninominal,-21.42673,-64.76112,40,.,.
Bolivia,Tarija,Gran Chaco,Villa Montes,U.E. Cabo Juan,Caigua,Uninominal/Especial,-21.16265,-63.42142,43,.,.
Bolivia,Tarija,Arce,Padcaya,U.E. Camacho,Camacho,Uninominal,-21.89222,-64.91243,42,.,.
Bolivia,Tarija,Arce,Bermejo,U.E. Campo Grande (Arce),Campo Grande,Uninominal,-22.8059,-64.31056,42,.,.
Bolivia,Tarija,Gran Chaco,Yacuiba,U.E. Campo Grande (Gran Chaco),Campo Grande,Uninominal/Especial,-21.95966,-63.6561,43,.,.
Bolivia,Tarija,Gran Chaco,Caraparí,U.E. Campo Largo Hito 22,Campo Largo-Hito 22,Uninominal,-22.02285,-63.95479,42,.,.
Bolivia,Tarija,O' Connor,Entre Ríos,U.E. Canaletas Centro,Canaletas,Uninominal,-21.45255,-64.35432,42,.,.
Bolivia,Tarija,Arce,Padcaya,U.E. Canchas Mayu,Canchas Mayu,Uninominal,-21.898259,-64.892937,42,.,.
Bolivia,Tarija,Gran Chaco,Villa Montes,U.E. Capirenda,Capirenda,Uninominal,-21.10264,-63.015284,43,.,.
Bolivia,Tarija,Gran Chaco,Villa Montes,U.E. Capirendita,Capirendita,Especial,-21.29784,-63.43694,4,.,.
Bolivia,Tarija,Méndez,San Lorenzo,U.E. Carachimayo Centro,Carachimayo,Uninominal,-21.35113,-64.72285,40,.,.
Bolivia,Tarija,Cercado,Tarija,U.E. Carlazo Centro,Carlazo Centro,Uninominal,-21.48362,-64.483599,41,.,.
Bolivia,Tarija,Cercado,Tarija,U.E. Carmen Echazu,Tarija,Uninominal,-21.53263,-64.72836,40,.,.
Bolivia,Tarija,Cercado,Tarija,U.E. Carmen Mealla,Tarija,Uninominal,-21.524463,-64.750789,41,.,.
Bolivia,Tarija,Cercado,Tarija,U.E. Castelfort Castellanos,Tarija,Uninominal,-21.545832,-64.705348,41,.,.
Bolivia,Tarija,Gran Chaco,Caraparí,U.E. Cañitas,Cañitas,Uninominal,-21.88649,-63.90673,42,.,.
Bolivia,Tarija,Gran Chaco,Yacuiba,U.E. Cañon Oculto,Cañon Oculto,Uninominal,-21.97809,-63.61351,43,.,.
Bolivia,Tarija,Gran Chaco,Caraparí,U.E. Celso Raffaelli,Loma Alta,Uninominal,-21.8849,-63.77841,42,.,.
Bolivia,Tarija,Gran Chaco,Villa Montes,U.E. Central Cutaiqui,Cutaiqui,Uninominal,-21.892,-62.83306,43,.,.
Bolivia,Tarija,Gran Chaco,Villa Montes,U.E. Chaco Boreal,El Toro,Uninominal,-21.565889,-62.700378,43,.,.
Bolivia,Tarija,Cercado,Tarija,U.E. Chaupicancha,Chaupicancha,Uninominal,-21.34586,-64.66171,41,.,.
Bolivia,Tarija,Gran Chaco,Villa Montes,U.E. Chimeo,Chimeo,Uninominal,-21.18806,-63.44035,43,.,.
Bolivia,Tarija,Méndez,El Puente,U.E. Chinchilla,Chinchilla,Uninominal,-21.19778,-65.14574,40,.,.
Bolivia,Tarija,O' Connor,Entre Ríos,U.E. Chiquiaca Centro,Chiquiaca,Uninominal,-21.86438,-64.12215,42,.,.
Bolivia,Tarija,Avilés,Yunchará,U.E. Chorcoya Aviles,Chorcoya Avilés,Uninominal,-21.65858,-65.05279,42,.,.
Bolivia,Tarija,Méndez,El Puente,U.E. Chorcoya Mendez,Chorcoya Mendez,Uninominal,-21.56835,-65.01444,40,.,.
Bolivia,Tarija,Cercado,Tarija,U.E. Churquis,Churquis,Uninominal,-21.66093,-64.78795,41,.,.
Bolivia,Tarija,Gran Chaco,Yacuiba,U.E. Club De Leones (Básico Y Medio),Yacuiba,Uninominal,-22.00842,-63.6776,43,.,.
Bolivia,Tarija,O' Connor,Entre Ríos,U.E. Cnl. Eustaquio Mendez,Narvaez,Uninominal,-21.40812,-64.27944,42,.,.
Bolivia,Tarija,Méndez,San Lorenzo,U.E. Cochas,Cochas,Uninominal,-21.385712,-64.87723,40,.,.
Bolivia,Tarija,Arce,Bermejo,U.E. Colonia Linares,Comunidad José Maria Linares,Uninominal,-22.67242,-64.27553,42,.,.
Bolivia,Tarija,Méndez,San Lorenzo,U.E. Colorado Norte,Colorado Norte,Uninominal,-21.17892,-64.78835,40,.,.
Bolivia,Tarija,Gran Chaco,Yacuiba,U.E. Crevaux Sud,Crevaux,Uninominal/Especial,-21.825829,-62.917623,43,.,.
Bolivia,Tarija,Méndez,El Puente,U.E. Cumbre de Sama,Sama,Uninominal,-21.48289,-64.95296,40,.,.
Bolivia,Tarija,Cercado,Tarija,U.E. Eduardo Orozco Alfaro,Tarija,Uninominal,-21.55232,-64.67634,41,.,.
Bolivia,Tarija,Méndez,El Puente,U.E. El Molino,El Molino(Sud Chichas),Uninominal,-21.749634,-65.49513,21,.,.
Bolivia,Tarija,Cercado,Tarija,U.E. El Portillo,Tarija,Uninominal,-21.56547,-64.65661,41,.,.
Bolivia,Tarija,Méndez,San Lorenzo,U.E. El Puesto,El Puesto,Uninominal,-21.28559,-64.52888,40,.,.
Bolivia,Tarija,Arce,Padcaya,U.E. Eloy Aparicio,Abra de la Cruz,Uninominal,-21.83963,-64.67204,42,.,.
Bolivia,Tarija,Cercado,Tarija,U.E. Ema Rosel inicial (Kinder) (Temporal),Tarija,Uninominal,-21.521024,-64.720328,41,.,.
Bolivia,Tarija,Cercado,Tarija,U.E. Esteban Migliaci,Tarija,Uninominal,-21.53156,-64.71228,41,.,.
Bolivia,Tarija,Cercado,Tarija,U.E. Eulogio Ruiz,Tarija,Uninominal,-21.517925,-64.740622,40,.,.
Bolivia,Tarija,Méndez,San Lorenzo,U.E. Eustaquio Mendez,Camarñn Zona El Morro,Uninominal,-21.04951,-64.67755,40,.,.
Bolivia,Tarija,Gran Chaco,Caraparí,U.E. Eustaquio Mendez/Fray Quebracho,Itau,Uninominal/Especial,-21.70185,-63.88299,42,.,.
Bolivia,Tarija,Cercado,Tarija,U.E. Fe y Alegria,Tarija,Uninominal,-21.52347,-64.73994,40,.,.
Bolivia,Tarija,Cercado,Tarija,U.E. Fe y Alegría Inicial (Kinder) (Temporal),Tarija,Uninominal,-21.525097,-64.741221,40,.,.
Bolivia,Tarija,Cercado,Tarija,U.E. Felipe Palazon (Temporal),Tarija,Uninominal,-21.543428,-64.706675,41,.,.
Bolivia,Tarija,Avilés,Yunchará,U.E. Felix Ramos,Buena Vista,Uninominal,-21.84653,-65.28792,42,.,.
Bolivia,Tarija,Arce,Bermejo,U.E. Flor De Oro,Flor de Oro,Uninominal,-22.64809,-64.42138,42,.,.
Bolivia,Tarija,Gran Chaco,Caraparí,U.E. Fray Quebracho,Campo Largo,Uninominal,-21.704637,-63.753429,42,.,.
Bolivia,Tarija,Cercado,Tarija,U.E. Gamoneda,Gamoneda,Uninominal,-21.49576,-64.62419,41,.,.
Bolivia,Tarija,Méndez,El Puente,U.E. Geraldino Guerrero,Paicho Centro,Uninominal,-21.14464,-64.95905,40,.,.
Bolivia,Tarija,Arce,Bermejo,U.E. Guido Villagomez,Oruro,Uninominal,-17.956903,-67.123541,29,.,.
Bolivia,Tarija,Cercado,Tarija,U.E. Hermann Gmeiner,Tarija,Uninominal,-21.50972,-64.735942,40,.,.
Bolivia,Tarija,Cercado,Tarija,U.E. Hermann Gmeiner Inicial (Kinder) (Temporal),Tarija,Uninominal,-21.508948,-64.736888,40,.,.
Bolivia,Tarija,Gran Chaco,Yacuiba,U.E. Heroes de Boqueron,Sanandita,Uninominal,-21.6859,-63.60726,43,.,.
Bolivia,Tarija,Gran Chaco,Yacuiba,U.E. Heroes del Chaco,San José de Pocitos,Uninominal,-22.05065,-63.68172,43,.,.
Bolivia,Tarija,O' Connor,Entre Ríos,U.E. Huaico Acerradero,Huayco,Uninominal,-21.33019,-64.25552,42,.,.
Bolivia,Tarija,Méndez,San Lorenzo,U.E. Huancoiro,Huancoiro,Uninominal,-21.19721,-64.85504,40,.,.
Bolivia,Tarija,Méndez,El Puente,U.E. Huarmachi,Huarmachi,Uninominal,-21.44367,-65.06249,40,.,.
Bolivia,Tarija,Méndez,El Puente,U.E. Huerta Huayco,Paicho Norte,Uninominal,-21.11442,-64.94923,40,.,.
Bolivia,Tarija,Avilés,Yunchará,U.E. Hugo Amable Hoyos,Arteza,Uninominal,-21.60342,-65.25793,42,.,.
Bolivia,Tarija,Cercado,Tarija,U.E. Humberto Portocarrero 1,Tarija,Uninominal,-21.50217,-64.737155,40,.,.
Bolivia,Tarija,Gran Chaco,Villa Montes,U.E. Ibibobo,Ibibobo,Uninominal,-21.542946,-62.994868,43,.,.
Bolivia,Tarija,Gran Chaco,Villa Montes,U.E. Ibopeiti,Ibopeiti,Uninominal,-21.29975,-63.384697,43,.,.
Bolivia,Tarija,Cercado,Tarija,U.E. Ignacia Nazaria March,Tarija,Uninominal,-21.502446,-64.755596,40,.,.
Bolivia,Tarija,Méndez,El Puente,U.E. Ircalaya,Ircalaya,Uninominal,-21.204232,-65.19981,40,.,.
Bolivia,Tarija,Cercado,Tarija,U.E. J. Naval Monzon,Tarija,Uninominal,-21.534826,-64.761316,41,.,.
Bolivia,Tarija,Méndez,El Puente,U.E. Jesus Zamora,Chayaza,Uninominal,-21.37169,-65.22533,40,.,.
Bolivia,Tarija,Cercado,Tarija,U.E. José Manuel Avila,Tarija,Uninominal,-21.525368,-64.729515,40,.,.
Bolivia,Tarija,Gran Chaco,Yacuiba,U.E. José Manuel Belgrano (Yacuiba),Yacuiba,Uninominal,-22.01613,-63.6762,43,.,.
Bolivia,Tarija,Avilés,Yunchará,U.E. José Maria Aviles,Belén,Uninominal,-21.56001,-65.24372,42,.,.
Bolivia,Tarija,Gran Chaco,Caraparí,U.E. José Antonio De Sucre,Bermejo,Uninominal,-22.72646,-64.33714,42,.,.
Bolivia,Tarija,Gran Chaco,Yacuiba,U.E. José Mariano Serrano,Yacuiba,Uninominal,-22.020806,-63.679659,43,.,.
Bolivia,Tarija,Méndez,San Lorenzo,U.E. Juan Misael Saracho,Coimata,Uninominal,-21.49765,-64.7941,40,.,.
Bolivia,Tarija,O' Connor,Entre Ríos,U.E. Juan Saavedra Mealla,Salinas,Uninominal,-21.79252,-64.23573,42,.,.
Bolivia,Tarija,Cercado,Tarija,U.E. Juan XXIII,Tarija,Uninominal,-21.53829,-64.71565,41,.,.
Bolivia,Tarija,Gran Chaco,Villa Montes,U.E. Juana Azurduy De Padilla (V.M.),Villa Montes,Uninominal,-21.25878,-63.46507,43,.,.
Bolivia,Tarija,Gran Chaco,Yacuiba,U.E. Juana Azurduy De Padilla (Yacuiba),Yacuiba,Uninominal,-22.00477,-63.67266,43,.,.
Bolivia,Tarija,Gran Chaco,Yacuiba,U.E. Juana Azurduy De Padilla Inicial (Kinder) (Temporal),Yacuiba,Uninominal,-21.99692,-63.679982,43,.,.
Bolivia,Tarija,Cercado,Tarija,U.E. Julio Calvo,Tarija,Uninominal,-21.51741,-64.72686,40,.,.
Bolivia,Tarija,Gran Chaco,Caraparí,U.E. Julio Ramos Valdez,Agua Blanca,Uninominal,-21.81146,-63.87885,42,.,.
Bolivia,Tarija,Méndez,San Lorenzo,U.E. Julio Sucre Sella Mendez,Sella Mendez,Uninominal,-21.38795,-64.69686,40,.,.
Bolivia,Tarija,Cercado,Tarija,U.E. Junacas Sud,Junacas Sud,Uninominal,-21.43147,-64.46302,41,.,.
Bolivia,Tarija,Avilés,Uriondo (Concepción),U.E. La Choza,La Choza,Uninominal,-21.67806,-64.61714,42,.,.
Bolivia,Tarija,Avilés,Uriondo (Concepción),U.E. La Compañia,La Compañia,Uninominal,-21.70434,-64.68107,42,.,.
Bolivia,Tarija,Gran Chaco,Villa Montes,U.E. La Esmeralda,Esmeralda,Uninominal,-22.22636,-62.65346,43,.,.
Bolivia,Tarija,Arce,Bermejo,U.E. La Esperanza,La Esperanza,Uninominal,-11.065286,-66.0544,60,.,.
Bolivia,Tarija,Arce,Padcaya,U.E. La Huerta,La Huerta,Uninominal,-21.911457,-64.938582,42,.,.
Bolivia,Tarija,Arce,Padcaya,U.E. La Merced,La Merced,Uninominal,-22.02656,-64.67546,42,.,.
Bolivia,Tarija,Cercado,Tarija,U.E. La Pintada,La Pintada,Uninominal,-21.60837,-64.64189,41,.,.
Bolivia,Tarija,Gran Chaco,Yacuiba,U.E. La Purisima,La Purisima,Uninominal/Especial,-21.625955,-62.989676,43,.,.
Bolivia,Tarija,O' Connor,Entre Ríos,U.E. Lagunitas,Lagunitas,Uninominal/Especial,-21.41483,-63.89547,42,.,.
Bolivia,Tarija,Méndez,San Lorenzo,U.E. Leon Cancha,Leñn Cancha,Uninominal,-21.17894,-64.71355,40,.,.
Bolivia,Tarija,Méndez,El Puente,U.E. Lic. Segundino Ugarte Duran,La Parroquia,Uninominal,-21.27013,-65.04431,40,.,.
Bolivia,Tarija,Cercado,Tarija,U.E. Liceo Campero,Tarija,Uninominal,-21.535877,-64.731314,40,.,.
Bolivia,Tarija,Gran Chaco,Yacuiba,U.E. Liceo Gran Chaco,Yacuiba,Uninominal,-22.01581,-63.67698,43,.,.
Bolivia,Tarija,Gran Chaco,Caraparí,U.E. Lidia Galarza,Saladillo,Uninominal/Especial,-21.68103,-63.72426,42,.,.
Bolivia,Tarija,Arce,Padcaya,U.E. Limal,El Limal,Uninominal,-22.32937,-64.49821,42,.,.
Bolivia,Tarija,Cercado,Tarija,U.E. Los Callejones,Tarija,Uninominal,-21.546446,-64.735117,41,.,.
Bolivia,Tarija,Cercado,Tarija,U.E. Lourdes,Tarija,Uninominal,-21.514287,-64.721884,40,.,.
Bolivia,Tarija,Cercado,Tarija,U.E. Luis De Fuentes,Pampa Redonda Centro,Uninominal,-21.70471,-64.824349,41,.,.
Bolivia,Tarija,O' Connor,Entre Ríos,U.E. Luis Vaca Gallardo,Saladito Centro,Uninominal,-21.31882,-64.1218,42,.,.
Bolivia,Tarija,Cercado,Tarija,U.E. Maria Laura Justiniano,Tarija,Uninominal,-21.535231,-64.729328,40,.,.
Bolivia,Tarija,Gran Chaco,Yacuiba,U.E. Miguel Estensoro,Yacuiba,Uninominal,-22.01661,-63.68021,43,.,.
Bolivia,Tarija,O' Connor,Entre Ríos,U.E. Mistolar,Yuati,Especial,-21.174039,-63.771302,4,.,.
Bolivia,Tarija,Cercado,Tarija,U.E. Monte Cercado,Monte Cercado,Uninominal,-21.43521,-64.6991,41,.,.
Bolivia,Tarija,Arce,Bermejo,U.E. Moto Mendez,Candado Grande,Uninominal,-22.67791,-64.40874,42,.,.
Bolivia,Tarija,Arce,Bermejo,U.E. Mscal. Andres De Santa Cruz,Bermejo,Uninominal,-22.73268,-64.33983,42,.,.
Bolivia,Tarija,Gran Chaco,Yacuiba,U.E. Nacional Mixto El Palmar,Palmar Chico,Uninominal,-21.88011,-63.61583,43,.,.
Bolivia,Tarija,Cercado,Tarija,U.E. Nacional San Luis,Tarija,Uninominal,-21.532376,-64.735596,40,.,.
Bolivia,Tarija,Arce,Padcaya,U.E. Naranjo Agrio,Naranjo Agrio,Uninominal,-22.30481,-64.49283,42,.,.
Bolivia,Tarija,Gran Chaco,Yacuiba,U.E. Nestor Paz Galarza,Yacuiba,Uninominal,-21.99887,-63.67497,43,.,.
Bolivia,Tarija,Méndez,San Lorenzo,U.E. Nestor Paz Zamora,Lajas Merced,Uninominal,-21.38968,-64.75089,40,.,.
Bolivia,Tarija,Cercado,Tarija,U.E. Nuestra Señora Del Rosario,Tarija,Uninominal,-21.519945,-64.735484,40,.,.
Bolivia,Tarija,Gran Chaco,Villa Montes,U.E. Nueva Esperanza,Nueva Esperanza,Uninominal,-11.115076,-68.882464,62,.,.
Bolivia,Tarija,Méndez,El Puente,U.E. Obispo El Carmen,Obispo El Carmen,Uninominal,-21.30891,-65.03886,40,.,.
Bolivia,Tarija,Cercado,Tarija,U.E. Octavio Campero Echazu,Tarija,Uninominal,-21.521522,-64.72066,41,.,.
Bolivia,Tarija,Arce,Bermejo,U.E. Octavio Campero Echazu (Bermejo),Bermejo,Uninominal,-22.73421,-64.33255,42,.,.
Bolivia,Tarija,Gran Chaco,Yacuiba,U.E. Oliverio Pelichelli,Yacuiba,Uninominal,-22.02432,-63.67335,43,.,.
Bolivia,Tarija,Arce,Padcaya,U.E. Orozas Arriba,Orozas Arriba,Uninominal,-21.91746,-64.64409,42,.,.
Bolivia,Tarija,Arce,Padcaya,U.E. Oscar Hiza Bastias,La Mamora,Uninominal,-22.17904,-64.66535,42,.,.
Bolivia,Tarija,Cercado,Tarija,U.E. Oscar Zamora,Tolomosa Grande,Uninominal,-21.628026,-64.770874,41,.,.
Bolivia,Tarija,Méndez,San Lorenzo,U.E. Osvaldo Galvez,Calama,Uninominal,-21.4087,-64.80488,40,.,.
Bolivia,Tarija,O' Connor,Entre Ríos,U.E. Pajonal,Pajonal,Uninominal,-21.48504,-64.16981,42,.,.
Bolivia,Tarija,Méndez,San Lorenzo,U.E. Pajonalcito,Pajonalcito,Uninominal,-21.20756,-64.52412,40,.,.
Bolivia,Tarija,Cercado,Tarija,U.E. Pampa Galana,Tarija,Uninominal,-21.528732,-64.709913,41,.,.
Bolivia,Tarija,Arce,Padcaya,U.E. Pampa Grande,Pampa Grande.,Uninominal,-22.04747,-64.43581,42,.,.
Bolivia,Tarija,O' Connor,Entre Ríos,U.E. Pampa Redonda,Pampa Redonda,Especial,-19.794971,-63.559139,5,.,.
Bolivia,Tarija,Cercado,Tarija,U.E. Papachacra,Papachacra,Uninominal,-21.489663,-64.407448,41,.,.
Bolivia,Tarija,Avilés,Yunchará,U.E. Pasajes,Pasajes,Uninominal,-21.74598,-65.08871,42,.,.
Bolivia,Tarija,Méndez,San Lorenzo,U.E. Peñaderia,Peñaderia,Uninominal,-21.2275,-64.49856,40,.,.
Bolivia,Tarija,Cercado,Tarija,U.E. Pinos Sud,Pinos Sud,Uninominal,-21.73471,-64.87549,41,.,.
Bolivia,Tarija,Arce,Bermejo,U.E. Porcelana,Porcelana,Uninominal,-22.77003,-64.2924,42,.,.
Bolivia,Tarija,O' Connor,Entre Ríos,U.E. Potrerillos (O Connor),Potrerillos,Uninominal/Especial,-21.2234,-64.10823,42,.,.
Bolivia,Tarija,Gran Chaco,Yacuiba,U.E. Prof. Bautista Jurado,"Caiza""J""",Uninominal/Especial,-21.8007,-63.55737,43,.,.
Bolivia,Tarija,O' Connor,Entre Ríos,U.E. Prof. Emiliano Villarrubia,Suaruro,Uninominal,-21.52296,-63.98725,42,.,.
Bolivia,Tarija,O' Connor,Entre Ríos,U.E. Profesor René Avila Bayon,San Josecito Centro,Uninominal,-21.20329,-64.23028,42,.,.
Bolivia,Tarija,Méndez,El Puente,U.E. Pueblo Nuevo,Pueblo Nuevo,Uninominal,-21.53179,-64.98272,40,.,.
Bolivia,Tarija,O' Connor,Entre Ríos,U.E. Puesto Margarita,Zapaterambia,Especial,-21.1828,-63.79027,4,.,.
Bolivia,Tarija,Arce,Padcaya,U.E. Quebrada De Cañas,Quebrada de Cañas,Uninominal,-21.96515,-64.88522,42,.,.
Bolivia,Tarija,Avilés,Yunchará,U.E. Quebrada Honda,Quebrada Honda,Uninominal,-21.95652,-65.15102,42,.,.
Bolivia,Tarija,Méndez,San Lorenzo,U.E. Quirusillas,Quirusillas,Uninominal,-21.101815,-64.69352,40,.,.
Bolivia,Tarija,Méndez,San Lorenzo,U.E. Rancho Sud,Rancho Sud,Uninominal,-21.4619,-64.7542,40,.,.
Bolivia,Tarija,Gran Chaco,Villa Montes,U.E. Rebeca Aguirre,Tiguipa,Uninominal,-21.00389,-63.33084,43,.,.
Bolivia,Tarija,O' Connor,Entre Ríos,U.E. Remigio Vaca,Valle del Medio,Uninominal,-21.6035,-64.14987,42,.,.
Bolivia,Tarija,Gran Chaco,Villa Montes,U.E. Resistencia,Resistencia,Especial,-21.501881,-63.114984,4,.,.
Bolivia,Tarija,Arce,Padcaya,U.E. Rio Negro,R?¡o Negro,Uninominal,-22.10281,-64.67294,42,.,.
Bolivia,Tarija,Cercado,Tarija,U.E. Rosa Arce,Tarija,Uninominal,-21.530748,-64.730253,40,.,.
Bolivia,Tarija,Avilés,Uriondo (Concepción),U.E. Rosario Jaramillo,Calamuchita,Uninominal,-21.698256,-64.622563,42,.,.
Bolivia,Tarija,Arce,Padcaya,U.E. Rosillas II,Rosillas,Uninominal,-21.93346,-64.78128,42,.,.
Bolivia,Tarija,Arce,Padcaya,U.E. Rumy Cancha,Rumy Cancha,Uninominal,-21.94845,-64.67708,42,.,.
Bolivia,Tarija,Gran Chaco,Yacuiba,U.E. Sachapera,Sachapera,Uninominal,-21.66175,-63.55339,43,.,.
Bolivia,Tarija,Arce,Padcaya,U.E. Salado Conchas,Salado Conchas,Uninominal,-22.36673,-64.41152,42,.,.
Bolivia,Tarija,Gran Chaco,Villa Montes,U.E. Samaiguate,Samayguate,Especial,-21.802668,-62.870408,4,.,.
Bolivia,Tarija,Cercado,Tarija,U.E. San Agustin Sud,San Agustin Sud,Uninominal,-21.555688,-64.528122,41,.,.
Bolivia,Tarija,Gran Chaco,Caraparí,U.E. San Alberto,San Alberto,Uninominal,-21.91013,-63.80844,42,.,.
Bolivia,Tarija,Méndez,El Puente,U.E. San Antonio (Mendez),San Antonio,Uninominal,-21.44068,-64.965,40,.,.
Bolivia,Tarija,Gran Chaco,Villa Montes,U.E. San Antonio (Villa Montes),San Antonio,Uninominal/Especial,-21.27801,-63.47097,43,.,.
Bolivia,Tarija,Méndez,El Puente,U.E. San Antonio de Curqui,Curqui,Uninominal,-21.49188,-65.07034,40,.,.
Bolivia,Tarija,Arce,Padcaya,U.E. San Antonio de Macoya,Mecoya (Zona Centro),Uninominal,-22.10435,-64.89361,42,.,.
Bolivia,Tarija,Cercado,Tarija,U.E. San Blas,Tarija,Uninominal,-21.564068,-64.718187,41,.,.
Bolivia,Tarija,O' Connor,Entre Ríos,U.E. San Diego Centro,San Diego Centro,Uninominal,-21.411887,-64.208016,42,.,.
Bolivia,Tarija,Arce,Padcaya,U.E. San Francisco (Arce),San Francisco,Uninominal,-21.99598,-64.81699,42,.,.
Bolivia,Tarija,Cercado,Tarija,U.E. San Francisco De Asis,Trinidad,Uninominal,-14.82278,-64.88588,58,.,.
Bolivia,Tarija,Gran Chaco,Yacuiba,U.E. San Francisco De Inti,San Francisco de Inti,Uninominal,-21.81835,-63.58647,43,.,.
Bolivia,Tarija,Cercado,Tarija,U.E. San Geronimo,Tarija,Uninominal,-21.549604,-64.714396,41,.,.
Bolivia,Tarija,Gran Chaco,Yacuiba,U.E. San Isidro,San Isidro,Uninominal,-21.984758,-63.662536,43,.,.
Bolivia,Tarija,Gran Chaco,Villa Montes,U.E. San Isidro La Victoria,La Victoria,Uninominal,-22.14704,-62.75867,43,.,.
Bolivia,Tarija,Cercado,Tarija,U.E. San Jacinto Sud,San Jacinto Sud,Uninominal,-21.61152,-64.72188,41,.,.
Bolivia,Tarija,Cercado,Tarija,U.E. San Jorge,Tarija,Uninominal,-21.55364,-64.69663,41,.,.
Bolivia,Tarija,Cercado,Tarija,U.E. San Jorge Inicial (Kinder) (Temporal),Tarija,Uninominal,-21.553452,-64.697109,41,.,.
Bolivia,Tarija,Avilés,Yunchará,U.E. San José de Churquis,San José de Churquis,Uninominal,-21.72629,-65.23459,42,.,.
Bolivia,Tarija,Arce,Padcaya,U.E. San José de Marañuelo,Marañuelo,Uninominal,-22.020041,-64.884325,42,.,.
Bolivia,Tarija,Arce,Padcaya,U.E. San José,Cochabamba,Uninominal,-17.389791,-66.19305,20,.,.
Bolivia,Tarija,Gran Chaco,Caraparí,U.E. San Juan,Riberalta,Uninominal,-11.03188,-66.04671,60,.,.
Bolivia,Tarija,Cercado,Tarija,U.E. San Lazaro de Guerra Huayco,Guerra Huayco,Uninominal,-21.59201,-64.81322,41,.,.
Bolivia,Tarija,Méndez,San Lorenzo,U.E. San Lorencito,San Lorencito,Uninominal,-21.169144,-64.47257,40,.,.
Bolivia,Tarija,Cercado,Tarija,U.E. San Mateo,San Mateo,Uninominal,-21.48644,-64.75101,40,.,.
Bolivia,Tarija,Gran Chaco,Caraparí,U.E. San Nicolas,San Nicolas,Uninominal/Especial,-22.101686,-64.103811,42,.,.
Bolivia,Tarija,Méndez,San Lorenzo,U.E. San Pedro de Las Peñas,San Pedro de las Peñas,Uninominal,-21.14055,-64.65049,40,.,.
Bolivia,Tarija,Cercado,Tarija,U.E. San Pedro de Sola,San Pedro de Sola,Uninominal,-21.631,-64.854,41,.,.
Bolivia,Tarija,Cercado,Tarija,U.E. San Roque,Tarija,Uninominal,-21.529237,-64.735223,40,.,.
Bolivia,Tarija,O' Connor,Entre Ríos,U.E. San Simon,Santa Cruz de la Sierra,Uninominal,-17.795501,-63.135285,47,.,.
Bolivia,Tarija,Cercado,Tarija,U.E. Santa Ana La Nueva,Santa Ana La Nueva,Uninominal,-21.5435,-64.57794,41,.,.
Bolivia,Tarija,Avilés,Yunchará,U.E. Saturnino Urzagaste,San Pedro,Uninominal,-21.69103,-65.30037,42,.,.
Bolivia,Tarija,O' Connor,Entre Ríos,U.E. Seccional Berety,Berety,Uninominal,-21.44295,-64.03776,42,.,.
Bolivia,Tarija,O' Connor,Entre Ríos,U.E. Seccional Cañadas,Cañadas,Uninominal,-21.419448,-63.973648,42,.,.
Bolivia,Tarija,Cercado,Tarija,U.E. Sella Quebrada,Sella Quebrada,Uninominal,-21.384937,-64.66363,41,.,.
Bolivia,Tarija,Méndez,San Lorenzo,U.E. Serapio Martinez,Rancho Norte,Uninominal,-21.44493,-64.74917,40,.,.
Bolivia,Tarija,Arce,Padcaya,U.E. Simon Bolivar de Rejara,Rejara,Uninominal,-22.00053,-64.98435,42,.,.
Bolivia,Tarija,Gran Chaco,Yacuiba,U.E. Simón Bolívar (Secundario),Yacuiba,Uninominal,-22.037407,-63.682868,43,.,.
Bolivia,Tarija,O' Connor,Entre Ríos,U.E. Sivingal,Sivingal,Uninominal,-21.334947,-64.204473,42,.,.
Bolivia,Tarija,Gran Chaco,Yacuiba,U.E. Sunchal,Sunchal,Uninominal,-21.68086,-63.49324,43,.,.
Bolivia,Tarija,O' Connor,Entre Ríos,U.E. Taquillos,Taquillos,Uninominal,-21.39566,-64.11756,42,.,.
Bolivia,Tarija,Cercado,Tarija,U.E. Tarija,Tarija,Uninominal,-21.510988,-64.741819,40,.,.
Bolivia,Tarija,Méndez,San Lorenzo,U.E. Tarija Cancha Sud,Tarija Cancha,Uninominal,-21.41479,-64.76456,40,.,.
Bolivia,Tarija,O' Connor,Entre Ríos,U.E. Tarupayo,Tarupayo,Uninominal/Especial,-21.323821,-63.954688,42,.,.
Bolivia,Tarija,Gran Chaco,Villa Montes,U.E. Teniente Victor Zeballos Claros,Tarairi,Uninominal/Especial,-21.09695,-63.42403,43,.,.
Bolivia,Tarija,O' Connor,Entre Ríos,U.E. Tentapiao,Tentapiao,Especial,-21.15654,-63.91972,4,.,.
Bolivia,Tarija,Cercado,Tarija,U.E. Teresa De Calcuta,Tarija,Uninominal,-21.53217,-64.74924,41,.,.
Bolivia,Tarija,Gran Chaco,Yacuiba,U.E. Tierras Nuevas,Tierras Nuevas,Uninominal/Especial,-21.74935,-63.56289,43,.,.
Bolivia,Tarija,O' Connor,Entre Ríos,U.E. Timboy,Timboy,Uninominal/Especial,-21.16788,-64.06391,42,.,.
Bolivia,Tarija,Gran Chaco,Yacuiba,U.E. Timboy Tiguazu,Timboy Chaco,Uninominal,-21.55468,-63.57601,43,.,.
Bolivia,Tarija,Cercado,Tarija,U.E. Tolomosita,Tolomosita Centro,Uninominal,-21.6041,-64.75163,41,.,.
Bolivia,Tarija,Méndez,San Lorenzo,U.E. Tomatas Grande,Tomatas Grande,Uninominal,-21.3224,-64.78188,40,.,.
Bolivia,Tarija,Méndez,San Lorenzo,U.E. Trancas,Trancas,Uninominal,-21.30479,-64.8347,40,.,.
Bolivia,Tarija,O' Connor,Entre Ríos,U.E. Tte. Gualberto Villarroel,La Cueva,Uninominal,-21.69906,-64.20447,42,.,.
Bolivia,Tarija,Méndez,San Lorenzo,U.E. Tucumillas,Tucumilla,Uninominal,-21.45885,-64.83385,40,.,.
Bolivia,Tarija,O' Connor,Entre Ríos,U.E. Vallecito de los Lapachos,Vallecito de los Lapachos,Uninominal,-21.7324,-64.05889,42,.,.
Bolivia,Tarija,Gran Chaco,Yacuiba,U.E. Villa El Carmen,Villa El Carmen,Uninominal,-17.597,-65.952,26,.,.
Bolivia,Tarija,Méndez,El Puente,U.E. Villa Nueva,Villa Nueva,Uninominal,-21.35972,-64.9509,40,.,.
Bolivia,Tarija,Arce,Padcaya,U.E. Virgen De Chaguaya,Chaguaya,Uninominal,-21.86792,-64.82275,42,.,.
Bolivia,Tarija,Avilés,Uriondo (Concepción),U.E. Virgen De Laderas,Laderas Centro,Uninominal,-21.6606,-64.55874,42,.,.
Bolivia,Tarija,Cercado,Tarija,U.E. Víctor Varas Reyes,Tarija,Uninominal,-21.538281,-64.695889,41,.,.
Bolivia,Tarija,Gran Chaco,Yacuiba,U.E. Yacuiba,Yacuiba,Uninominal,-21.99672,-63.67945,43,.,.
Bolivia,Tarija,Gran Chaco,Yacuiba,U.E. Yacuiba Inicial (Kinder) (Temporal),Yacuiba,Uninominal,-21.99692,-63.679982,43,.,.
Bolivia,Tarija,Cercado,Tarija,U.E. Yesera Centro,Yesera Centro,Uninominal,-21.41345,-64.5505,41,.,.
Bolivia,Tarija,Cercado,Tarija,U.E. Yesera Norte,Yesera Norte,Uninominal,-21.37354,-64.54983,41,.,.
Bolivia,Tarija,Cercado,Tarija,U.E. Yesera Sud,Yesera Sud,Uninominal,-21.46948,-64.56313,41,.,.
Bolivia,Tarija,O' Connor,Entre Ríos,U.E. Yukimbia,Yukimbia,Uninominal,-21.04885,-63.97997,42,.,.
Bolivia,Tarija,Avilés,Yunchará,U.E. Yuticancha,Yuticancha,Uninominal,-21.915158,-65.064786,42,.,.
Bolivia,Tarija,Gran Chaco,Caraparí,U.E. Zapatera Norte,Zapatera Norte,Uninominal/Especial,-21.55252,-63.82479,42,.,.
Bolivia,Tarija,Avilés,Yunchará,U.E. Ñoquera,Ñoquera,Uninominal,-21.62397,-65.13422,42,.,.
Bolivia,Tarija,Gran Chaco,Villa Montes,U.E. Aplicación Bilingüe Weenhayek (Temporal),Villa Montes,Uninominal,-21.270489,-63.462246,43,.,.
Bolivia,Tarija,Gran Chaco,Villa Montes,U.E. Aguaragüe,La Central,Uninominal/Especial,-21.22751,-63.57405,43,.,.